metric,metric_group,metric_direction,model,budget_start,budget_end,budget_start_tokens,budget_end_tokens,paired_seed_count,mean_delta,std_delta,standard_error_delta,ci95_low_delta,ci95_high_delta,median_delta,min_delta,max_delta,mean_relative_percent,median_relative_percent,directional_improvement_seed_count,directional_worsening_seed_count,unchanged_seed_count,exact_sign_flip_p_value_for_delta
activated_parameters_per_token,efficiency,descriptive_only,dense_121m,10m,25m,10000000,25000000,10,0.0,0.0,0.0,0.0,0.0,0.0,0.0,0.0,0.0,0.0,,,10,1.0
activated_parameters_per_token,efficiency,descriptive_only,dense_121m,25m,50m,25000000,50000000,10,0.0,0.0,0.0,0.0,0.0,0.0,0.0,0.0,0.0,0.0,,,10,1.0
activated_parameters_per_token,efficiency,descriptive_only,dense_121m,10m,50m,10000000,50000000,10,0.0,0.0,0.0,0.0,0.0,0.0,0.0,0.0,0.0,0.0,,,10,1.0
activated_parameters_per_token,efficiency,descriptive_only,mla_121m,10m,25m,10000000,25000000,10,0.0,0.0,0.0,0.0,0.0,0.0,0.0,0.0,0.0,0.0,,,10,1.0
activated_parameters_per_token,efficiency,descriptive_only,mla_121m,25m,50m,25000000,50000000,10,0.0,0.0,0.0,0.0,0.0,0.0,0.0,0.0,0.0,0.0,,,10,1.0
activated_parameters_per_token,efficiency,descriptive_only,mla_121m,10m,50m,10000000,50000000,10,0.0,0.0,0.0,0.0,0.0,0.0,0.0,0.0,0.0,0.0,,,10,1.0
activated_parameters_per_token,efficiency,descriptive_only,mtp_121m,10m,25m,10000000,25000000,10,0.0,0.0,0.0,0.0,0.0,0.0,0.0,0.0,0.0,0.0,,,10,1.0
activated_parameters_per_token,efficiency,descriptive_only,mtp_121m,25m,50m,25000000,50000000,10,0.0,0.0,0.0,0.0,0.0,0.0,0.0,0.0,0.0,0.0,,,10,1.0
activated_parameters_per_token,efficiency,descriptive_only,mtp_121m,10m,50m,10000000,50000000,10,0.0,0.0,0.0,0.0,0.0,0.0,0.0,0.0,0.0,0.0,,,10,1.0
activated_parameters_per_token,efficiency,descriptive_only,moe_220m,10m,25m,10000000,25000000,10,0.0,0.0,0.0,0.0,0.0,0.0,0.0,0.0,0.0,0.0,,,10,1.0
activated_parameters_per_token,efficiency,descriptive_only,moe_220m,25m,50m,25000000,50000000,10,0.0,0.0,0.0,0.0,0.0,0.0,0.0,0.0,0.0,0.0,,,10,1.0
activated_parameters_per_token,efficiency,descriptive_only,moe_220m,10m,50m,10000000,50000000,10,0.0,0.0,0.0,0.0,0.0,0.0,0.0,0.0,0.0,0.0,,,10,1.0
activated_parameters_per_token,efficiency,descriptive_only,mla_moe_220m,10m,25m,10000000,25000000,10,0.0,0.0,0.0,0.0,0.0,0.0,0.0,0.0,0.0,0.0,,,10,1.0
activated_parameters_per_token,efficiency,descriptive_only,mla_moe_220m,25m,50m,25000000,50000000,10,0.0,0.0,0.0,0.0,0.0,0.0,0.0,0.0,0.0,0.0,,,10,1.0
activated_parameters_per_token,efficiency,descriptive_only,mla_moe_220m,10m,50m,10000000,50000000,10,0.0,0.0,0.0,0.0,0.0,0.0,0.0,0.0,0.0,0.0,,,10,1.0
activated_parameters_per_token,efficiency,descriptive_only,v3_routing_220m,10m,25m,10000000,25000000,10,0.0,0.0,0.0,0.0,0.0,0.0,0.0,0.0,0.0,0.0,,,10,1.0
activated_parameters_per_token,efficiency,descriptive_only,v3_routing_220m,25m,50m,25000000,50000000,10,0.0,0.0,0.0,0.0,0.0,0.0,0.0,0.0,0.0,0.0,,,10,1.0
activated_parameters_per_token,efficiency,descriptive_only,v3_routing_220m,10m,50m,10000000,50000000,10,0.0,0.0,0.0,0.0,0.0,0.0,0.0,0.0,0.0,0.0,,,10,1.0
active_end_to_end_tokens_per_second,efficiency,descriptive_only,dense_121m,10m,25m,10000000,25000000,10,105.7334490629119,27.430896247127798,8.674411040068886,86.11056799606054,125.35633012976326,99.84074010832023,70.64039376748724,166.55504013402924,2.6487612088631067,2.4991833512086954,,,0,0.001953125
active_end_to_end_tokens_per_second,efficiency,descriptive_only,dense_121m,25m,50m,25000000,50000000,10,42.57702909612467,11.91076360665641,3.7665141668876116,34.05658209493444,51.097476097314896,42.59571263883936,21.572382438609566,62.69275940899843,1.0386052952137632,1.0405994988448162,,,0,0.001953125
active_end_to_end_tokens_per_second,efficiency,descriptive_only,dense_121m,10m,50m,10000000,50000000,10,148.31047815903656,20.83801328668469,6.589558389877485,133.40386144807522,163.2170948699979,144.21198275027996,122.12385033949568,200.1735031023095,3.713581828222408,3.607836867238955,,,0,0.001953125
active_end_to_end_tokens_per_second,efficiency,descriptive_only,mla_121m,10m,25m,10000000,25000000,10,81.71999439415526,26.952396584131165,8.523096160599652,62.43941136572452,101.00057742258602,81.4508757608769,43.59400622892963,126.49478225689336,2.3386973191686042,2.3263312530721185,,,0,0.001953125
active_end_to_end_tokens_per_second,efficiency,descriptive_only,mla_121m,25m,50m,25000000,50000000,10,32.788651780782814,19.620271539684236,6.204474637638091,18.753155038204987,46.82414852336064,29.474002720228555,4.543094152212689,70.21957324849473,0.9180449841056559,0.8225875079463041,,,0,0.001953125
active_end_to_end_tokens_per_second,efficiency,descriptive_only,mla_121m,10m,50m,10000000,50000000,10,114.50864617493808,13.857071099903562,4.3819906374589905,104.59589466734626,124.4213976825299,115.48738744735056,89.31777710298093,134.1833274451733,3.2748494876780505,3.2970152709273375,,,0,0.001953125
active_end_to_end_tokens_per_second,efficiency,descriptive_only,mtp_121m,10m,25m,10000000,25000000,10,67.15185806287892,20.98858655183798,6.637173837138771,52.13752772683833,82.1661883989195,64.45020632537035,33.9129898672395,101.8559976753595,1.93045359359919,1.8477944832365663,,,0,0.001953125
active_end_to_end_tokens_per_second,efficiency,descriptive_only,mtp_121m,25m,50m,25000000,50000000,10,42.098571356696084,20.51773189906993,6.488276522175297,27.421070148213026,56.77607256517914,39.19492886016087,12.071958740914852,70.47975030317912,1.1884198995353636,1.1031345398092718,,,0,0.001953125
active_end_to_end_tokens_per_second,efficiency,descriptive_only,mtp_121m,10m,50m,10000000,50000000,10,109.250429419575,13.672477544000055,4.32361702965452,99.4697281869931,119.0311306521569,108.0026350622777,83.131687380308,125.81356838459305,3.139319771437251,3.0978572761768044,,,0,0.001953125
active_end_to_end_tokens_per_second,efficiency,descriptive_only,moe_220m,10m,25m,10000000,25000000,10,46.55566418904277,18.5416372724947,5.863380532975535,33.29177591849607,59.819552459589474,44.258304615943416,19.428535291538992,79.84185016337096,2.230329719228491,2.1138882772660095,,,0,0.001953125
active_end_to_end_tokens_per_second,efficiency,descriptive_only,moe_220m,25m,50m,25000000,50000000,10,22.943675085590076,15.68535291676236,4.960144112053454,11.723049554280799,34.164300616899354,22.19120612057054,-1.0566455946286624,58.30667601402274,1.0741598817270959,1.0362584055593693,,,0,0.00390625
active_end_to_end_tokens_per_second,efficiency,descriptive_only,moe_220m,10m,50m,10000000,50000000,10,69.49933927463285,21.279181079066202,6.729067895300871,54.27713013670753,84.72154841255816,67.655686816963,32.37364678835047,102.11695665131174,3.32704239288048,3.2267551536448638,,,0,0.001953125
active_end_to_end_tokens_per_second,efficiency,descriptive_only,mla_moe_220m,10m,25m,10000000,25000000,10,45.197082498001166,14.928771407095391,4.720892031441822,34.51768277454818,55.876482221454154,49.55261360656698,15.702470512890386,64.28935341294596,2.3132274510334736,2.529084164473984,,,0,0.001953125
active_end_to_end_tokens_per_second,efficiency,descriptive_only,mla_moe_220m,25m,50m,25000000,50000000,10,22.14448892052335,16.102636077805066,5.092100633866433,10.625356998224456,33.66362084282225,21.59826610194341,1.899804582374827,54.10020429851738,1.1089094350375717,1.0768394996162947,,,0,0.001953125
active_end_to_end_tokens_per_second,efficiency,descriptive_only,mla_moe_220m,10m,50m,10000000,50000000,10,67.34157141852452,15.47544970617952,4.89376688869108,56.2711015984873,78.41204123856174,67.750603276721,41.472214054726464,88.37070550473663,3.444964960717808,3.4595661939203826,,,0,0.001953125
active_end_to_end_tokens_per_second,efficiency,descriptive_only,v3_routing_220m,10m,25m,10000000,25000000,10,79.05608703730229,114.35101126226358,36.16096483323189,-2.7456985718183233,160.8578726464229,44.168071337980564,20.50732668345745,401.5969401292648,4.176090017763503,2.1120979722200928,,,0,0.001953125
active_end_to_end_tokens_per_second,efficiency,descriptive_only,v3_routing_220m,25m,50m,25000000,50000000,10,24.05698881637636,14.220550646244792,4.496932962391291,13.884219705136836,34.229757927615886,22.284611195846992,1.3799176660349985,50.35345383186541,1.126178587023361,1.0411276464408665,,,0,0.001953125
active_end_to_end_tokens_per_second,efficiency,descriptive_only,v3_routing_220m,10m,50m,10000000,50000000,10,103.11307585367865,121.63086335097339,38.4630561961776,16.10359777858622,190.12255392877108,61.362828209785675,43.41889224707711,445.1104372608154,5.368255481352519,2.92284513904331,,,0,0.001953125
evaluation_peak_memory_bytes,efficiency,descriptive_only,dense_121m,10m,25m,10000000,25000000,10,0.0,0.0,0.0,0.0,0.0,0.0,0.0,0.0,0.0,0.0,,,10,1.0
evaluation_peak_memory_bytes,efficiency,descriptive_only,dense_121m,25m,50m,25000000,50000000,10,0.0,0.0,0.0,0.0,0.0,0.0,0.0,0.0,0.0,0.0,,,10,1.0
evaluation_peak_memory_bytes,efficiency,descriptive_only,dense_121m,10m,50m,10000000,50000000,10,0.0,0.0,0.0,0.0,0.0,0.0,0.0,0.0,0.0,0.0,,,10,1.0
evaluation_peak_memory_bytes,efficiency,descriptive_only,mla_121m,10m,25m,10000000,25000000,10,0.0,0.0,0.0,0.0,0.0,0.0,0.0,0.0,0.0,0.0,,,10,1.0
evaluation_peak_memory_bytes,efficiency,descriptive_only,mla_121m,25m,50m,25000000,50000000,10,0.0,0.0,0.0,0.0,0.0,0.0,0.0,0.0,0.0,0.0,,,10,1.0
evaluation_peak_memory_bytes,efficiency,descriptive_only,mla_121m,10m,50m,10000000,50000000,10,0.0,0.0,0.0,0.0,0.0,0.0,0.0,0.0,0.0,0.0,,,10,1.0
evaluation_peak_memory_bytes,efficiency,descriptive_only,mtp_121m,10m,25m,10000000,25000000,10,0.0,0.0,0.0,0.0,0.0,0.0,0.0,0.0,0.0,0.0,,,10,1.0
evaluation_peak_memory_bytes,efficiency,descriptive_only,mtp_121m,25m,50m,25000000,50000000,10,0.0,0.0,0.0,0.0,0.0,0.0,0.0,0.0,0.0,0.0,,,10,1.0
evaluation_peak_memory_bytes,efficiency,descriptive_only,mtp_121m,10m,50m,10000000,50000000,10,0.0,0.0,0.0,0.0,0.0,0.0,0.0,0.0,0.0,0.0,,,10,1.0
evaluation_peak_memory_bytes,efficiency,descriptive_only,moe_220m,10m,25m,10000000,25000000,10,0.0,0.0,0.0,0.0,0.0,0.0,0.0,0.0,0.0,0.0,,,10,1.0
evaluation_peak_memory_bytes,efficiency,descriptive_only,moe_220m,25m,50m,25000000,50000000,10,0.0,0.0,0.0,0.0,0.0,0.0,0.0,0.0,0.0,0.0,,,10,1.0
evaluation_peak_memory_bytes,efficiency,descriptive_only,moe_220m,10m,50m,10000000,50000000,10,0.0,0.0,0.0,0.0,0.0,0.0,0.0,0.0,0.0,0.0,,,10,1.0
evaluation_peak_memory_bytes,efficiency,descriptive_only,mla_moe_220m,10m,25m,10000000,25000000,10,432537.6,1022865.5988474733,323458.50325901154,-299176.3699968533,1164251.5699968534,0.0,0.0,3145728.0,0.010571690284935464,0.0,,,8,0.5
evaluation_peak_memory_bytes,efficiency,descriptive_only,mla_moe_220m,25m,50m,25000000,50000000,10,-432537.6,1022865.5988474733,323458.50325901154,-1164251.5699968534,299176.3699968533,0.0,-3145728.0,0.0,-0.010564950419607054,0.0,,,8,0.5
evaluation_peak_memory_bytes,efficiency,descriptive_only,mla_moe_220m,10m,50m,10000000,50000000,10,0.0,0.0,0.0,0.0,0.0,0.0,0.0,0.0,0.0,0.0,,,10,1.0
evaluation_peak_memory_bytes,efficiency,descriptive_only,v3_routing_220m,10m,25m,10000000,25000000,10,0.0,0.0,0.0,0.0,0.0,0.0,0.0,0.0,0.0,0.0,,,10,1.0
evaluation_peak_memory_bytes,efficiency,descriptive_only,v3_routing_220m,25m,50m,25000000,50000000,10,487936.0,1542989.1123919184,487936.0,-615851.9173591884,1591723.9173591884,0.0,0.0,4879360.0,0.012870841978609012,0.0,,,9,1.0
evaluation_peak_memory_bytes,efficiency,descriptive_only,v3_routing_220m,10m,50m,10000000,50000000,10,487936.0,1542989.1123919184,487936.0,-615851.9173591884,1591723.9173591884,0.0,0.0,4879360.0,0.012870841978609012,0.0,,,9,1.0
expert_bias_mean,routing,descriptive_only,dense_121m,10m,25m,10000000,25000000,0,,,,,,,,,,,,,0,
expert_bias_mean,routing,descriptive_only,dense_121m,25m,50m,25000000,50000000,0,,,,,,,,,,,,,0,
expert_bias_mean,routing,descriptive_only,dense_121m,10m,50m,10000000,50000000,0,,,,,,,,,,,,,0,
expert_bias_mean,routing,descriptive_only,mla_121m,10m,25m,10000000,25000000,0,,,,,,,,,,,,,0,
expert_bias_mean,routing,descriptive_only,mla_121m,25m,50m,25000000,50000000,0,,,,,,,,,,,,,0,
expert_bias_mean,routing,descriptive_only,mla_121m,10m,50m,10000000,50000000,0,,,,,,,,,,,,,0,
expert_bias_mean,routing,descriptive_only,mtp_121m,10m,25m,10000000,25000000,0,,,,,,,,,,,,,0,
expert_bias_mean,routing,descriptive_only,mtp_121m,25m,50m,25000000,50000000,0,,,,,,,,,,,,,0,
expert_bias_mean,routing,descriptive_only,mtp_121m,10m,50m,10000000,50000000,0,,,,,,,,,,,,,0,
expert_bias_mean,routing,descriptive_only,moe_220m,10m,25m,10000000,25000000,0,,,,,,,,,,,,,0,
expert_bias_mean,routing,descriptive_only,moe_220m,25m,50m,25000000,50000000,0,,,,,,,,,,,,,0,
expert_bias_mean,routing,descriptive_only,moe_220m,10m,50m,10000000,50000000,0,,,,,,,,,,,,,0,
expert_bias_mean,routing,descriptive_only,mla_moe_220m,10m,25m,10000000,25000000,0,,,,,,,,,,,,,0,
expert_bias_mean,routing,descriptive_only,mla_moe_220m,25m,50m,25000000,50000000,0,,,,,,,,,,,,,0,
expert_bias_mean,routing,descriptive_only,mla_moe_220m,10m,50m,10000000,50000000,0,,,,,,,,,,,,,0,
expert_bias_mean,routing,descriptive_only,v3_routing_220m,10m,25m,10000000,25000000,0,,,,,,,,,,,,,0,
expert_bias_mean,routing,descriptive_only,v3_routing_220m,25m,50m,25000000,50000000,0,,,,,,,,,,,,,0,
expert_bias_mean,routing,descriptive_only,v3_routing_220m,10m,50m,10000000,50000000,0,,,,,,,,,,,,,0,
expert_bias_std,routing,lower_is_better,dense_121m,10m,25m,10000000,25000000,0,,,,,,,,,,,0,0,0,
expert_bias_std,routing,lower_is_better,dense_121m,25m,50m,25000000,50000000,0,,,,,,,,,,,0,0,0,
expert_bias_std,routing,lower_is_better,dense_121m,10m,50m,10000000,50000000,0,,,,,,,,,,,0,0,0,
expert_bias_std,routing,lower_is_better,mla_121m,10m,25m,10000000,25000000,0,,,,,,,,,,,0,0,0,
expert_bias_std,routing,lower_is_better,mla_121m,25m,50m,25000000,50000000,0,,,,,,,,,,,0,0,0,
expert_bias_std,routing,lower_is_better,mla_121m,10m,50m,10000000,50000000,0,,,,,,,,,,,0,0,0,
expert_bias_std,routing,lower_is_better,mtp_121m,10m,25m,10000000,25000000,0,,,,,,,,,,,0,0,0,
expert_bias_std,routing,lower_is_better,mtp_121m,25m,50m,25000000,50000000,0,,,,,,,,,,,0,0,0,
expert_bias_std,routing,lower_is_better,mtp_121m,10m,50m,10000000,50000000,0,,,,,,,,,,,0,0,0,
expert_bias_std,routing,lower_is_better,moe_220m,10m,25m,10000000,25000000,0,,,,,,,,,,,0,0,0,
expert_bias_std,routing,lower_is_better,moe_220m,25m,50m,25000000,50000000,0,,,,,,,,,,,0,0,0,
expert_bias_std,routing,lower_is_better,moe_220m,10m,50m,10000000,50000000,0,,,,,,,,,,,0,0,0,
expert_bias_std,routing,lower_is_better,mla_moe_220m,10m,25m,10000000,25000000,0,,,,,,,,,,,0,0,0,
expert_bias_std,routing,lower_is_better,mla_moe_220m,25m,50m,25000000,50000000,0,,,,,,,,,,,0,0,0,
expert_bias_std,routing,lower_is_better,mla_moe_220m,10m,50m,10000000,50000000,0,,,,,,,,,,,0,0,0,
expert_bias_std,routing,lower_is_better,v3_routing_220m,10m,25m,10000000,25000000,0,,,,,,,,,,,0,0,0,
expert_bias_std,routing,lower_is_better,v3_routing_220m,25m,50m,25000000,50000000,0,,,,,,,,,,,0,0,0,
expert_bias_std,routing,lower_is_better,v3_routing_220m,10m,50m,10000000,50000000,0,,,,,,,,,,,0,0,0,
final_aux_loss,optimization,descriptive_only,dense_121m,10m,25m,10000000,25000000,0,,,,,,,,,,,,,0,
final_aux_loss,optimization,descriptive_only,dense_121m,25m,50m,25000000,50000000,0,,,,,,,,,,,,,0,
final_aux_loss,optimization,descriptive_only,dense_121m,10m,50m,10000000,50000000,0,,,,,,,,,,,,,0,
final_aux_loss,optimization,descriptive_only,mla_121m,10m,25m,10000000,25000000,0,,,,,,,,,,,,,0,
final_aux_loss,optimization,descriptive_only,mla_121m,25m,50m,25000000,50000000,0,,,,,,,,,,,,,0,
final_aux_loss,optimization,descriptive_only,mla_121m,10m,50m,10000000,50000000,0,,,,,,,,,,,,,0,
final_aux_loss,optimization,descriptive_only,mtp_121m,10m,25m,10000000,25000000,0,,,,,,,,,,,,,0,
final_aux_loss,optimization,descriptive_only,mtp_121m,25m,50m,25000000,50000000,0,,,,,,,,,,,,,0,
final_aux_loss,optimization,descriptive_only,mtp_121m,10m,50m,10000000,50000000,0,,,,,,,,,,,,,0,
final_aux_loss,optimization,descriptive_only,moe_220m,10m,25m,10000000,25000000,10,-0.00020583271980285646,0.0010335052249736754,0.00032682304846015485,-0.0009451578198258418,0.000533492380220129,-0.00017645210027694702,-0.002032756805419922,0.0011170953512191772,-0.16478301603050885,-0.14480180781697755,,,0,0.537109375
final_aux_loss,optimization,descriptive_only,moe_220m,25m,50m,25000000,50000000,10,-0.000684259831905365,0.0005127765908894446,0.0001621541958026991,-0.001051078107408946,-0.000317441556401784,-0.0006446056067943573,-0.001386299729347229,2.5384128093719482e-05,-0.5603746430736609,-0.5301260133896419,,,0,0.00390625
final_aux_loss,optimization,descriptive_only,moe_220m,10m,50m,10000000,50000000,10,-0.0008900925517082214,0.0007395103480850638,0.00023385370532127392,-0.0014191063862342623,-0.00036107871718218053,-0.0008210577070713043,-0.002354063093662262,-7.353723049163818e-06,-0.7265881960123114,-0.6741958979389489,,,0,0.001953125
final_aux_loss,optimization,descriptive_only,mla_moe_220m,10m,25m,10000000,25000000,10,-0.0003111615777015686,0.0009530475198793097,0.000301380088119322,-0.0009929307027482042,0.0003706075473450669,-0.00037981942296028137,-0.0018540248274803162,0.0014936551451683044,-0.25247842988764474,-0.3107594997396323,,,0,0.3203125
final_aux_loss,optimization,descriptive_only,mla_moe_220m,25m,50m,25000000,50000000,10,-0.0004920266568660736,0.0006404511504760445,0.00020252843655795325,-0.0009501778102843821,-3.3875503447765136e-05,-0.0003579333424568176,-0.001882016658782959,0.0004119873046875,-0.4018089589201973,-0.29368641702642173,,,0,0.021484375
final_aux_loss,optimization,descriptive_only,mla_moe_220m,10m,50m,10000000,50000000,10,-0.0008031882345676423,0.0004773017188136402,0.00015093605625643439,-0.0011446293153440125,-0.00046174715379127196,-0.0008199438452720642,-0.001906365156173706,-0.00016973167657852173,-0.6565415454794143,-0.6724294753574824,,,0,0.001953125
final_aux_loss,optimization,descriptive_only,v3_routing_220m,10m,25m,10000000,25000000,10,0.0,0.0,0.0,0.0,0.0,0.0,0.0,0.0,,,,,10,1.0
final_aux_loss,optimization,descriptive_only,v3_routing_220m,25m,50m,25000000,50000000,10,0.0,0.0,0.0,0.0,0.0,0.0,0.0,0.0,,,,,10,1.0
final_aux_loss,optimization,descriptive_only,v3_routing_220m,10m,50m,10000000,50000000,10,0.0,0.0,0.0,0.0,0.0,0.0,0.0,0.0,,,,,10,1.0
lm_loss,optimization,lower_is_better,dense_121m,10m,25m,10000000,25000000,10,-0.40115723609924314,0.285728175483406,0.09035518262118451,-0.6055548596565261,-0.19675961254196023,-0.3302581310272217,-0.8791885375976562,-0.07039785385131836,-7.876486983914087,-6.68424522277431,10,0,0,0.001953125
lm_loss,optimization,lower_is_better,dense_121m,25m,50m,25000000,50000000,10,-0.07854948043823243,0.29995186183930794,0.09485310718203556,-0.2931221162583132,0.1360231553818483,0.02425837516784668,-0.5998306274414062,0.19620275497436523,-1.5245716561981053,0.501157739137466,5,5,0,0.4453125
lm_loss,optimization,lower_is_better,dense_121m,10m,50m,10000000,50000000,10,-0.4797067165374756,0.2561082648234371,0.08098854444356424,-0.6629155324504515,-0.29649790062449966,-0.5113763809204102,-0.8019728660583496,-0.07795143127441406,-9.478863830020149,-9.949987060840709,10,0,0,0.001953125
lm_loss,optimization,lower_is_better,mla_121m,10m,25m,10000000,25000000,10,-0.36679930686950685,0.29856026891080617,0.09441304685905062,-0.5803764570779091,-0.1532221566611046,-0.23419499397277832,-0.8639578819274902,-0.06110811233520508,-7.122299802373206,-4.7834330235366735,10,0,0,0.001953125
lm_loss,optimization,lower_is_better,mla_121m,25m,50m,25000000,50000000,10,-0.08061552047729492,0.2773688202279243,0.08771172238340243,-0.27903322152325805,0.11780218056866823,0.01372385025024414,-0.5933480262756348,0.22402000427246094,-1.5748185847937841,0.2884073881757133,4,6,0,0.41796875
lm_loss,optimization,lower_is_better,mla_121m,10m,50m,10000000,50000000,10,-0.44741482734680177,0.27241141208166225,0.08614405228007631,-0.6422862122397108,-0.2525434424538927,-0.43412208557128906,-0.790217399597168,-0.04786825180053711,-8.753528384671105,-8.436653755978043,10,0,0,0.001953125
lm_loss,optimization,lower_is_better,mtp_121m,10m,25m,10000000,25000000,10,-0.3858012676239014,0.27639014925622035,0.08740223944835496,-0.5835188696316008,-0.18808366561620196,-0.3013947010040283,-0.8090767860412598,-0.0047359466552734375,-7.599364527621633,-5.975598461168378,10,0,0,0.001953125
lm_loss,optimization,lower_is_better,mtp_121m,25m,50m,25000000,50000000,10,-0.08793158531188965,0.280639069064009,0.08874586586715665,-0.28868868144692933,0.11282551082315002,-0.030515432357788086,-0.5840559005737305,0.20483970642089844,-1.7587351985891135,-0.68334829890005,5,5,0,0.390625
lm_loss,optimization,lower_is_better,mtp_121m,10m,50m,10000000,50000000,10,-0.47373285293579104,0.24450774666903563,0.07732013850296007,-0.6486431580743877,-0.2988225477971944,-0.4679684638977051,-0.8117837905883789,-0.17215585708618164,-9.403906560191697,-9.11268522810275,10,0,0,0.001953125
lm_loss,optimization,lower_is_better,moe_220m,10m,25m,10000000,25000000,10,-0.3335846424102783,0.27686109762741196,0.08755116639968615,-0.5316391405876567,-0.13553014423289986,-0.2488408088684082,-0.8063163757324219,-0.030098915100097656,-6.609744780834459,-5.001635325295636,10,0,0,0.001953125
lm_loss,optimization,lower_is_better,moe_220m,25m,50m,25000000,50000000,10,-0.11161646842956544,0.28933519783145917,0.09149582324028217,-0.31859440033345343,0.09536146347432256,-0.01979970932006836,-0.6290621757507324,0.18402433395385742,-2.2595460473230196,-0.4624810434391311,5,5,0,0.3125
lm_loss,optimization,lower_is_better,moe_220m,10m,50m,10000000,50000000,10,-0.44520111083984376,0.2613259338649291,0.08263851626837046,-0.6321424223346259,-0.2582597993450616,-0.4448564052581787,-0.7526211738586426,-0.07219314575195312,-8.894084031122643,-8.817096013549582,10,0,0,0.001953125
lm_loss,optimization,lower_is_better,mla_moe_220m,10m,25m,10000000,25000000,10,-0.34836544990539553,0.28780394482209315,0.09101159852192381,-0.5542479893942729,-0.14248291041651814,-0.26577091217041016,-0.8272156715393066,0.0009813308715820312,-6.847342312420875,-5.354930614289256,9,1,0,0.00390625
lm_loss,optimization,lower_is_better,mla_moe_220m,25m,50m,25000000,50000000,10,-0.10174641609191895,0.2876725838679046,0.09097005854083892,-0.307534985615045,0.10404215343120712,-0.03241324424743652,-0.6280651092529297,0.22451353073120117,-2.010879449356235,-0.7298249902615229,5,5,0,0.3203125
lm_loss,optimization,lower_is_better,mla_moe_220m,10m,50m,10000000,50000000,10,-0.45011186599731445,0.2233440904547182,0.07062760277755811,-0.6098826035077931,-0.2903411284868358,-0.4642918109893799,-0.7608203887939453,-0.11146926879882812,-8.936033531691288,-9.055391103482773,10,0,0,0.001953125
lm_loss,optimization,lower_is_better,v3_routing_220m,10m,25m,10000000,25000000,10,-0.35933842658996584,0.28694615676511526,0.09074034212094977,-0.5646073414684405,-0.15406951171149125,-0.2861816883087158,-0.8675122261047363,-0.05429363250732422,-7.112325408198338,-5.7044652619465275,10,0,0,0.001953125
lm_loss,optimization,lower_is_better,v3_routing_220m,25m,50m,25000000,50000000,10,-0.08298869132995605,0.2726077485454203,0.08620613932139816,-0.2780005268681047,0.11202314420819263,-0.05855512619018555,-0.5611371994018555,0.1926741600036621,-1.6530747042981766,-1.2785682863873837,6,4,0,0.396484375
lm_loss,optimization,lower_is_better,v3_routing_220m,10m,50m,10000000,50000000,10,-0.44232711791992185,0.2393285214509844,0.07568232368255767,-0.6135324285313019,-0.27112180730854185,-0.44027042388916016,-0.7733669281005859,-0.1268305778503418,-8.836267476609066,-8.689376929580664,10,0,0,0.001953125
mean_aux_loss,routing,lower_is_better,dense_121m,10m,25m,10000000,25000000,0,,,,,,,,,,,0,0,0,
mean_aux_loss,routing,lower_is_better,dense_121m,25m,50m,25000000,50000000,0,,,,,,,,,,,0,0,0,
mean_aux_loss,routing,lower_is_better,dense_121m,10m,50m,10000000,50000000,0,,,,,,,,,,,0,0,0,
mean_aux_loss,routing,lower_is_better,mla_121m,10m,25m,10000000,25000000,0,,,,,,,,,,,0,0,0,
mean_aux_loss,routing,lower_is_better,mla_121m,25m,50m,25000000,50000000,0,,,,,,,,,,,0,0,0,
mean_aux_loss,routing,lower_is_better,mla_121m,10m,50m,10000000,50000000,0,,,,,,,,,,,0,0,0,
mean_aux_loss,routing,lower_is_better,mtp_121m,10m,25m,10000000,25000000,0,,,,,,,,,,,0,0,0,
mean_aux_loss,routing,lower_is_better,mtp_121m,25m,50m,25000000,50000000,0,,,,,,,,,,,0,0,0,
mean_aux_loss,routing,lower_is_better,mtp_121m,10m,50m,10000000,50000000,0,,,,,,,,,,,0,0,0,
mean_aux_loss,routing,lower_is_better,moe_220m,10m,25m,10000000,25000000,10,-2.2183348785520357e-05,8.415446634110128e-06,2.661197889138564e-06,-2.8203396651906366e-05,-1.6163300919134348e-05,-2.0008740289822677e-05,-3.611820224259758e-05,-6.119069148140949e-06,-0.22051429574448217,-0.19898029421940955,10,0,0,0.001953125
mean_aux_loss,routing,lower_is_better,moe_220m,25m,50m,25000000,50000000,10,-5.781803382664575e-06,1.1671270277089892e-05,3.6907797263028573e-06,-1.413092717661982e-05,2.567320411290669e-06,-7.874860851661385e-06,-1.697471375126068e-05,1.6595610645478084e-05,-0.0575462009683325,-0.07853090346117819,7,3,0,0.154296875
mean_aux_loss,routing,lower_is_better,moe_220m,10m,50m,10000000,50000000,10,-2.796515216818493e-05,8.818697358130393e-06,2.7887169647401647e-06,-3.427366822482921e-05,-2.165663611154065e-05,-2.875364767786128e-05,-4.104481453870608e-05,-1.3438602284214854e-05,-0.2779912231654509,-0.2859682226050427,10,0,0,0.001953125
mean_aux_loss,routing,lower_is_better,mla_moe_220m,10m,25m,10000000,25000000,10,-1.8682985935183394e-05,1.4953532453370607e-05,4.728722161789672e-06,-2.9380098644087968e-05,-7.985873226278821e-06,-1.7602028500052387e-05,-4.0898773572826605e-05,4.36770045425354e-06,-0.1856840453530464,-0.17513888972692146,8,2,0,0.0078125
mean_aux_loss,routing,lower_is_better,mla_moe_220m,25m,50m,25000000,50000000,10,-3.2630843801107617e-06,9.712468267524108e-06,3.0713521427485766e-06,-1.0210965629129346e-05,3.684796868907823e-06,-2.5358792273737565e-06,-2.3347518399772713e-05,9.13789804117722e-06,-0.032466412364089155,-0.02528049845989069,5,5,0,0.3359375
mean_aux_loss,routing,lower_is_better,mla_moe_220m,10m,50m,10000000,50000000,10,-2.1946070315294158e-05,1.387930052921379e-05,4.389020200229593e-06,-3.187472379865843e-05,-1.2017416831929884e-05,-1.839334318888032e-05,-4.6667878002263144e-05,-7.808643898607817e-06,-0.21814605056000969,-0.18300280125877127,10,0,0,0.001953125
mean_aux_loss,routing,lower_is_better,v3_routing_220m,10m,25m,10000000,25000000,10,0.0,0.0,0.0,0.0,0.0,0.0,0.0,0.0,,,0,0,10,1.0
mean_aux_loss,routing,lower_is_better,v3_routing_220m,25m,50m,25000000,50000000,10,0.0,0.0,0.0,0.0,0.0,0.0,0.0,0.0,,,0,0,10,1.0
mean_aux_loss,routing,lower_is_better,v3_routing_220m,10m,50m,10000000,50000000,10,0.0,0.0,0.0,0.0,0.0,0.0,0.0,0.0,,,0,0,10,1.0
mean_expert_load_variance,routing,lower_is_better,dense_121m,10m,25m,10000000,25000000,0,,,,,,,,,,,0,0,0,
mean_expert_load_variance,routing,lower_is_better,dense_121m,25m,50m,25000000,50000000,0,,,,,,,,,,,0,0,0,
mean_expert_load_variance,routing,lower_is_better,dense_121m,10m,50m,10000000,50000000,0,,,,,,,,,,,0,0,0,
mean_expert_load_variance,routing,lower_is_better,mla_121m,10m,25m,10000000,25000000,0,,,,,,,,,,,0,0,0,
mean_expert_load_variance,routing,lower_is_better,mla_121m,25m,50m,25000000,50000000,0,,,,,,,,,,,0,0,0,
mean_expert_load_variance,routing,lower_is_better,mla_121m,10m,50m,10000000,50000000,0,,,,,,,,,,,0,0,0,
mean_expert_load_variance,routing,lower_is_better,mtp_121m,10m,25m,10000000,25000000,0,,,,,,,,,,,0,0,0,
mean_expert_load_variance,routing,lower_is_better,mtp_121m,25m,50m,25000000,50000000,0,,,,,,,,,,,0,0,0,
mean_expert_load_variance,routing,lower_is_better,mtp_121m,10m,50m,10000000,50000000,0,,,,,,,,,,,0,0,0,
mean_expert_load_variance,routing,lower_is_better,moe_220m,10m,25m,10000000,25000000,10,-1.3541023797459074e-05,1.0884068224154038e-05,3.4418445796990837e-06,-2.1327017166466613e-05,-5.755030428451535e-06,-1.0707953241136346e-05,-3.891102274258932e-05,-1.1141919427447961e-06,-20.62579630195554,-18.350348754190534,10,0,0,0.001953125
mean_expert_load_variance,routing,lower_is_better,moe_220m,25m,50m,25000000,50000000,10,-1.2111893958515577e-06,9.673394889205779e-06,3.058996055612241e-06,-8.131119233851229e-06,5.708740442148114e-06,-3.8927397794193664e-06,-1.0552813609441121e-05,1.5711856550640528e-05,-0.7413156579716661,-6.982445090974743,6,4,0,0.6953125
mean_expert_load_variance,routing,lower_is_better,moe_220m,10m,50m,10000000,50000000,10,-1.4752213193310631e-05,7.343055883299009e-06,2.322078157712444e-06,-2.0005118930224243e-05,-9.49930745639702e-06,-1.7171815368864276e-05,-2.3199166191948793e-05,-9.213970767127174e-07,-23.387107232330056,-28.063347119410892,10,0,0,0.001953125
mean_expert_load_variance,routing,lower_is_better,mla_moe_220m,10m,25m,10000000,25000000,10,-1.1642091737853167e-05,5.234082427577625e-06,1.6551621932208603e-06,-1.5386328748745824e-05,-7.89785472696051e-06,-1.3359626962078942e-05,-1.7001454366578e-05,-2.021433909734091e-06,-18.99862878095374,-21.806425750106563,10,0,0,0.001953125
mean_expert_load_variance,routing,lower_is_better,mla_moe_220m,25m,50m,25000000,50000000,10,1.7211762070655848e-06,1.0597913273089703e-05,3.3513544387893516e-06,-5.860114241525563e-06,9.302466655656732e-06,-8.351597521040196e-07,-9.651857945654122e-06,2.111095984776816e-05,4.711322501684684,-1.5022286769482842,5,5,0,0.615234375
mean_expert_load_variance,routing,lower_is_better,mla_moe_220m,10m,50m,10000000,50000000,10,-9.920915530787582e-06,1.084355171119155e-05,3.4290321333181635e-06,-1.7677925132442286e-05,-2.163905929132876e-06,-1.2270466652181428e-05,-2.3002235425843135e-05,7.877551184760213e-06,-15.59867768861325,-18.97408602888042,7,3,0,0.0234375
mean_expert_load_variance,routing,lower_is_better,v3_routing_220m,10m,25m,10000000,25000000,10,-2.4042543669541682e-05,1.5864908970629223e-05,5.016924721842571e-06,-3.539161586399021e-05,-1.2693471475093154e-05,-2.6017857425742665e-05,-5.269679327805838e-05,-1.02638337347244e-06,-30.17493239121071,-35.167567369471215,10,0,0,0.001953125
mean_expert_load_variance,routing,lower_is_better,v3_routing_220m,25m,50m,25000000,50000000,10,2.0071649220254716e-06,1.0763361647960729e-05,3.4036738087659325e-06,-5.692480164108294e-06,9.706810008159237e-06,-9.371765785747106e-07,-9.388114677535167e-06,2.2468646367390935e-05,5.333620912111498,-1.7953733578453375,6,4,0,0.560546875
mean_expert_load_variance,routing,lower_is_better,v3_routing_220m,10m,50m,10000000,50000000,10,-2.203537874751621e-05,1.2392688140683502e-05,3.918912085671704e-06,-3.0900573792270695e-05,-1.3170183702761727e-05,-2.1441973911391353e-05,-3.994242184691962e-05,-6.6299968295627216e-06,-28.530149119580898,-27.82176068595403,10,0,0,0.001953125
mean_router_probability,routing,descriptive_only,dense_121m,10m,25m,10000000,25000000,0,,,,,,,,,,,,,0,
mean_router_probability,routing,descriptive_only,dense_121m,25m,50m,25000000,50000000,0,,,,,,,,,,,,,0,
mean_router_probability,routing,descriptive_only,dense_121m,10m,50m,10000000,50000000,0,,,,,,,,,,,,,0,
mean_router_probability,routing,descriptive_only,mla_121m,10m,25m,10000000,25000000,0,,,,,,,,,,,,,0,
mean_router_probability,routing,descriptive_only,mla_121m,25m,50m,25000000,50000000,0,,,,,,,,,,,,,0,
mean_router_probability,routing,descriptive_only,mla_121m,10m,50m,10000000,50000000,0,,,,,,,,,,,,,0,
mean_router_probability,routing,descriptive_only,mtp_121m,10m,25m,10000000,25000000,0,,,,,,,,,,,,,0,
mean_router_probability,routing,descriptive_only,mtp_121m,25m,50m,25000000,50000000,0,,,,,,,,,,,,,0,
mean_router_probability,routing,descriptive_only,mtp_121m,10m,50m,10000000,50000000,0,,,,,,,,,,,,,0,
mean_router_probability,routing,descriptive_only,moe_220m,10m,25m,10000000,25000000,0,,,,,,,,,,,,,0,
mean_router_probability,routing,descriptive_only,moe_220m,25m,50m,25000000,50000000,0,,,,,,,,,,,,,0,
mean_router_probability,routing,descriptive_only,moe_220m,10m,50m,10000000,50000000,0,,,,,,,,,,,,,0,
mean_router_probability,routing,descriptive_only,mla_moe_220m,10m,25m,10000000,25000000,0,,,,,,,,,,,,,0,
mean_router_probability,routing,descriptive_only,mla_moe_220m,25m,50m,25000000,50000000,0,,,,,,,,,,,,,0,
mean_router_probability,routing,descriptive_only,mla_moe_220m,10m,50m,10000000,50000000,0,,,,,,,,,,,,,0,
mean_router_probability,routing,descriptive_only,v3_routing_220m,10m,25m,10000000,25000000,0,,,,,,,,,,,,,0,
mean_router_probability,routing,descriptive_only,v3_routing_220m,25m,50m,25000000,50000000,0,,,,,,,,,,,,,0,
mean_router_probability,routing,descriptive_only,v3_routing_220m,10m,50m,10000000,50000000,0,,,,,,,,,,,,,0,
mean_routing_entropy,routing,descriptive_only,dense_121m,10m,25m,10000000,25000000,0,,,,,,,,,,,,,0,
mean_routing_entropy,routing,descriptive_only,dense_121m,25m,50m,25000000,50000000,0,,,,,,,,,,,,,0,
mean_routing_entropy,routing,descriptive_only,dense_121m,10m,50m,10000000,50000000,0,,,,,,,,,,,,,0,
mean_routing_entropy,routing,descriptive_only,mla_121m,10m,25m,10000000,25000000,0,,,,,,,,,,,,,0,
mean_routing_entropy,routing,descriptive_only,mla_121m,25m,50m,25000000,50000000,0,,,,,,,,,,,,,0,
mean_routing_entropy,routing,descriptive_only,mla_121m,10m,50m,10000000,50000000,0,,,,,,,,,,,,,0,
mean_routing_entropy,routing,descriptive_only,mtp_121m,10m,25m,10000000,25000000,0,,,,,,,,,,,,,0,
mean_routing_entropy,routing,descriptive_only,mtp_121m,25m,50m,25000000,50000000,0,,,,,,,,,,,,,0,
mean_routing_entropy,routing,descriptive_only,mtp_121m,10m,50m,10000000,50000000,0,,,,,,,,,,,,,0,
mean_routing_entropy,routing,descriptive_only,moe_220m,10m,25m,10000000,25000000,10,0.1789351580490669,0.018598812115850186,0.005881460805962203,0.16563036935947908,0.19223994673865472,0.17750726764400793,0.14253396352132164,0.21249531115094822,11.38299697711508,11.313379965954272,,,0,0.001953125
mean_routing_entropy,routing,descriptive_only,moe_220m,25m,50m,25000000,50000000,10,0.21703991475701337,0.005588088692717316,0.0017671088036019492,0.21304243691960256,0.22103739259442418,0.21856123387813586,0.20627597312132506,0.22344477703173937,12.390379918385658,12.46315133019131,,,0,0.001953125
mean_routing_entropy,routing,descriptive_only,moe_220m,10m,50m,10000000,50000000,10,0.39597507280608024,0.020576314723697794,0.006506802037934323,0.38125566396942945,0.41069448164273104,0.3967343179881573,0.3633538165688517,0.4345970728496711,25.183844208927002,25.283262321727282,,,0,0.001953125
mean_routing_entropy,routing,descriptive_only,mla_moe_220m,10m,25m,10000000,25000000,10,0.16223586060106765,0.017627295707932773,0.005574240342637776,0.1496260528831298,0.1748456683190055,0.159979793354869,0.1359524036943911,0.19249678313732144,10.948395213394662,10.842375738786338,,,0,0.001953125
mean_routing_entropy,routing,descriptive_only,mla_moe_220m,25m,50m,25000000,50000000,10,0.25065361757576465,0.010954918851676397,0.0034642495153613703,0.2428169407210679,0.2584902944304614,0.2506515695154665,0.22667963514725353,0.2645016675194103,15.231749338295637,15.167229983599128,,,0,0.001953125
mean_routing_entropy,routing,descriptive_only,mla_moe_220m,10m,50m,10000000,50000000,10,0.4128894781768323,0.024291219192539133,0.007681557979081988,0.39551258677344175,0.43026636958022285,0.40956014600892865,0.36263203884164463,0.44400531053543113,27.850899373885063,27.768398759807695,,,0,0.001953125
mean_routing_entropy,routing,descriptive_only,v3_routing_220m,10m,25m,10000000,25000000,10,0.2718353708485763,0.015313785162431382,0.0048426440711774755,0.260880548876357,0.2827901928207956,0.274734286889434,0.2489486409227053,0.2949549209078155,20.82257409599142,20.908875611293823,,,0,0.001953125
mean_routing_entropy,routing,descriptive_only,v3_routing_220m,25m,50m,25000000,50000000,10,0.2818953205247719,0.008907532576246855,0.002816809127308752,0.2755232555813562,0.2882673854681876,0.2789535826941326,0.2724389913678169,0.2978164509932202,17.868154210532307,17.597840686078897,,,0,0.001953125
mean_routing_entropy,routing,descriptive_only,v3_routing_220m,10m,50m,10000000,50000000,10,0.5537306913733481,0.019945643976108735,0.006307366436332065,0.5394624372113673,0.5679989455353288,0.5544511768221855,0.5213876322905222,0.5917768310507141,42.41333380877146,42.611259629112645,,,0,0.001953125
mtp_auxiliary_head_count,mtp,descriptive_only,dense_121m,10m,25m,10000000,25000000,10,0.0,0.0,0.0,0.0,0.0,0.0,0.0,0.0,,,,,10,1.0
mtp_auxiliary_head_count,mtp,descriptive_only,dense_121m,25m,50m,25000000,50000000,10,0.0,0.0,0.0,0.0,0.0,0.0,0.0,0.0,,,,,10,1.0
mtp_auxiliary_head_count,mtp,descriptive_only,dense_121m,10m,50m,10000000,50000000,10,0.0,0.0,0.0,0.0,0.0,0.0,0.0,0.0,,,,,10,1.0
mtp_auxiliary_head_count,mtp,descriptive_only,mla_121m,10m,25m,10000000,25000000,10,0.0,0.0,0.0,0.0,0.0,0.0,0.0,0.0,,,,,10,1.0
mtp_auxiliary_head_count,mtp,descriptive_only,mla_121m,25m,50m,25000000,50000000,10,0.0,0.0,0.0,0.0,0.0,0.0,0.0,0.0,,,,,10,1.0
mtp_auxiliary_head_count,mtp,descriptive_only,mla_121m,10m,50m,10000000,50000000,10,0.0,0.0,0.0,0.0,0.0,0.0,0.0,0.0,,,,,10,1.0
mtp_auxiliary_head_count,mtp,descriptive_only,mtp_121m,10m,25m,10000000,25000000,10,0.0,0.0,0.0,0.0,0.0,0.0,0.0,0.0,0.0,0.0,,,10,1.0
mtp_auxiliary_head_count,mtp,descriptive_only,mtp_121m,25m,50m,25000000,50000000,10,0.0,0.0,0.0,0.0,0.0,0.0,0.0,0.0,0.0,0.0,,,10,1.0
mtp_auxiliary_head_count,mtp,descriptive_only,mtp_121m,10m,50m,10000000,50000000,10,0.0,0.0,0.0,0.0,0.0,0.0,0.0,0.0,0.0,0.0,,,10,1.0
mtp_auxiliary_head_count,mtp,descriptive_only,moe_220m,10m,25m,10000000,25000000,10,0.0,0.0,0.0,0.0,0.0,0.0,0.0,0.0,,,,,10,1.0
mtp_auxiliary_head_count,mtp,descriptive_only,moe_220m,25m,50m,25000000,50000000,10,0.0,0.0,0.0,0.0,0.0,0.0,0.0,0.0,,,,,10,1.0
mtp_auxiliary_head_count,mtp,descriptive_only,moe_220m,10m,50m,10000000,50000000,10,0.0,0.0,0.0,0.0,0.0,0.0,0.0,0.0,,,,,10,1.0
mtp_auxiliary_head_count,mtp,descriptive_only,mla_moe_220m,10m,25m,10000000,25000000,10,0.0,0.0,0.0,0.0,0.0,0.0,0.0,0.0,,,,,10,1.0
mtp_auxiliary_head_count,mtp,descriptive_only,mla_moe_220m,25m,50m,25000000,50000000,10,0.0,0.0,0.0,0.0,0.0,0.0,0.0,0.0,,,,,10,1.0
mtp_auxiliary_head_count,mtp,descriptive_only,mla_moe_220m,10m,50m,10000000,50000000,10,0.0,0.0,0.0,0.0,0.0,0.0,0.0,0.0,,,,,10,1.0
mtp_auxiliary_head_count,mtp,descriptive_only,v3_routing_220m,10m,25m,10000000,25000000,10,0.0,0.0,0.0,0.0,0.0,0.0,0.0,0.0,,,,,10,1.0
mtp_auxiliary_head_count,mtp,descriptive_only,v3_routing_220m,25m,50m,25000000,50000000,10,0.0,0.0,0.0,0.0,0.0,0.0,0.0,0.0,,,,,10,1.0
mtp_auxiliary_head_count,mtp,descriptive_only,v3_routing_220m,10m,50m,10000000,50000000,10,0.0,0.0,0.0,0.0,0.0,0.0,0.0,0.0,,,,,10,1.0
mtp_loss,mtp,descriptive_only,dense_121m,10m,25m,10000000,25000000,0,,,,,,,,,,,,,0,
mtp_loss,mtp,descriptive_only,dense_121m,25m,50m,25000000,50000000,0,,,,,,,,,,,,,0,
mtp_loss,mtp,descriptive_only,dense_121m,10m,50m,10000000,50000000,0,,,,,,,,,,,,,0,
mtp_loss,mtp,descriptive_only,mla_121m,10m,25m,10000000,25000000,0,,,,,,,,,,,,,0,
mtp_loss,mtp,descriptive_only,mla_121m,25m,50m,25000000,50000000,0,,,,,,,,,,,,,0,
mtp_loss,mtp,descriptive_only,mla_121m,10m,50m,10000000,50000000,0,,,,,,,,,,,,,0,
mtp_loss,mtp,descriptive_only,mtp_121m,10m,25m,10000000,25000000,10,-0.1415410041809082,0.18445790702204423,0.058330711861722645,-0.273494241826685,-0.009587766535131409,-0.12122678756713867,-0.4135570526123047,0.14203262329101562,-2.063436581940091,-1.78089696098029,,,0,0.046875
mtp_loss,mtp,descriptive_only,mtp_121m,25m,50m,25000000,50000000,10,0.0035210132598876955,0.2352308591616996,0.0743865290909257,-0.16475300633459103,0.1717950328543664,0.05511593818664551,-0.4272584915161133,0.2885427474975586,0.09914049956021327,0.8435707379002648,,,0,0.966796875
mtp_loss,mtp,descriptive_only,mtp_121m,10m,50m,10000000,50000000,10,-0.13801999092102052,0.22331128200029618,0.07061722783330977,-0.2977672586770547,0.021727276835013687,-0.040400028228759766,-0.486175537109375,0.15066051483154297,-2.005863498997178,-0.5980144398617715,,,0,0.09375
mtp_loss,mtp,descriptive_only,moe_220m,10m,25m,10000000,25000000,0,,,,,,,,,,,,,0,
mtp_loss,mtp,descriptive_only,moe_220m,25m,50m,25000000,50000000,0,,,,,,,,,,,,,0,
mtp_loss,mtp,descriptive_only,moe_220m,10m,50m,10000000,50000000,0,,,,,,,,,,,,,0,
mtp_loss,mtp,descriptive_only,mla_moe_220m,10m,25m,10000000,25000000,0,,,,,,,,,,,,,0,
mtp_loss,mtp,descriptive_only,mla_moe_220m,25m,50m,25000000,50000000,0,,,,,,,,,,,,,0,
mtp_loss,mtp,descriptive_only,mla_moe_220m,10m,50m,10000000,50000000,0,,,,,,,,,,,,,0,
mtp_loss,mtp,descriptive_only,v3_routing_220m,10m,25m,10000000,25000000,0,,,,,,,,,,,,,0,
mtp_loss,mtp,descriptive_only,v3_routing_220m,25m,50m,25000000,50000000,0,,,,,,,,,,,,,0,
mtp_loss,mtp,descriptive_only,v3_routing_220m,10m,50m,10000000,50000000,0,,,,,,,,,,,,,0,
mtp_loss_weight,mtp,descriptive_only,dense_121m,10m,25m,10000000,25000000,10,0.0,0.0,0.0,0.0,0.0,0.0,0.0,0.0,,,,,10,1.0
mtp_loss_weight,mtp,descriptive_only,dense_121m,25m,50m,25000000,50000000,10,0.0,0.0,0.0,0.0,0.0,0.0,0.0,0.0,,,,,10,1.0
mtp_loss_weight,mtp,descriptive_only,dense_121m,10m,50m,10000000,50000000,10,0.0,0.0,0.0,0.0,0.0,0.0,0.0,0.0,,,,,10,1.0
mtp_loss_weight,mtp,descriptive_only,mla_121m,10m,25m,10000000,25000000,10,0.0,0.0,0.0,0.0,0.0,0.0,0.0,0.0,,,,,10,1.0
mtp_loss_weight,mtp,descriptive_only,mla_121m,25m,50m,25000000,50000000,10,0.0,0.0,0.0,0.0,0.0,0.0,0.0,0.0,,,,,10,1.0
mtp_loss_weight,mtp,descriptive_only,mla_121m,10m,50m,10000000,50000000,10,0.0,0.0,0.0,0.0,0.0,0.0,0.0,0.0,,,,,10,1.0
mtp_loss_weight,mtp,descriptive_only,mtp_121m,10m,25m,10000000,25000000,10,0.0,0.0,0.0,0.0,0.0,0.0,0.0,0.0,0.0,0.0,,,10,1.0
mtp_loss_weight,mtp,descriptive_only,mtp_121m,25m,50m,25000000,50000000,10,0.0,0.0,0.0,0.0,0.0,0.0,0.0,0.0,0.0,0.0,,,10,1.0
mtp_loss_weight,mtp,descriptive_only,mtp_121m,10m,50m,10000000,50000000,10,0.0,0.0,0.0,0.0,0.0,0.0,0.0,0.0,0.0,0.0,,,10,1.0
mtp_loss_weight,mtp,descriptive_only,moe_220m,10m,25m,10000000,25000000,10,0.0,0.0,0.0,0.0,0.0,0.0,0.0,0.0,,,,,10,1.0
mtp_loss_weight,mtp,descriptive_only,moe_220m,25m,50m,25000000,50000000,10,0.0,0.0,0.0,0.0,0.0,0.0,0.0,0.0,,,,,10,1.0
mtp_loss_weight,mtp,descriptive_only,moe_220m,10m,50m,10000000,50000000,10,0.0,0.0,0.0,0.0,0.0,0.0,0.0,0.0,,,,,10,1.0
mtp_loss_weight,mtp,descriptive_only,mla_moe_220m,10m,25m,10000000,25000000,10,0.0,0.0,0.0,0.0,0.0,0.0,0.0,0.0,,,,,10,1.0
mtp_loss_weight,mtp,descriptive_only,mla_moe_220m,25m,50m,25000000,50000000,10,0.0,0.0,0.0,0.0,0.0,0.0,0.0,0.0,,,,,10,1.0
mtp_loss_weight,mtp,descriptive_only,mla_moe_220m,10m,50m,10000000,50000000,10,0.0,0.0,0.0,0.0,0.0,0.0,0.0,0.0,,,,,10,1.0
mtp_loss_weight,mtp,descriptive_only,v3_routing_220m,10m,25m,10000000,25000000,10,0.0,0.0,0.0,0.0,0.0,0.0,0.0,0.0,,,,,10,1.0
mtp_loss_weight,mtp,descriptive_only,v3_routing_220m,25m,50m,25000000,50000000,10,0.0,0.0,0.0,0.0,0.0,0.0,0.0,0.0,,,,,10,1.0
mtp_loss_weight,mtp,descriptive_only,v3_routing_220m,10m,50m,10000000,50000000,10,0.0,0.0,0.0,0.0,0.0,0.0,0.0,0.0,,,,,10,1.0
peak_memory_bytes,efficiency,lower_is_better,dense_121m,10m,25m,10000000,25000000,10,0.0,0.0,0.0,0.0,0.0,0.0,0.0,0.0,0.0,0.0,0,0,10,1.0
peak_memory_bytes,efficiency,lower_is_better,dense_121m,25m,50m,25000000,50000000,10,0.0,0.0,0.0,0.0,0.0,0.0,0.0,0.0,0.0,0.0,0,0,10,1.0
peak_memory_bytes,efficiency,lower_is_better,dense_121m,10m,50m,10000000,50000000,10,0.0,0.0,0.0,0.0,0.0,0.0,0.0,0.0,0.0,0.0,0,0,10,1.0
peak_memory_bytes,efficiency,lower_is_better,mla_121m,10m,25m,10000000,25000000,10,0.0,0.0,0.0,0.0,0.0,0.0,0.0,0.0,0.0,0.0,0,0,10,1.0
peak_memory_bytes,efficiency,lower_is_better,mla_121m,25m,50m,25000000,50000000,10,0.0,0.0,0.0,0.0,0.0,0.0,0.0,0.0,0.0,0.0,0,0,10,1.0
peak_memory_bytes,efficiency,lower_is_better,mla_121m,10m,50m,10000000,50000000,10,0.0,0.0,0.0,0.0,0.0,0.0,0.0,0.0,0.0,0.0,0,0,10,1.0
peak_memory_bytes,efficiency,lower_is_better,mtp_121m,10m,25m,10000000,25000000,10,0.0,0.0,0.0,0.0,0.0,0.0,0.0,0.0,0.0,0.0,0,0,10,1.0
peak_memory_bytes,efficiency,lower_is_better,mtp_121m,25m,50m,25000000,50000000,10,0.0,0.0,0.0,0.0,0.0,0.0,0.0,0.0,0.0,0.0,0,0,10,1.0
peak_memory_bytes,efficiency,lower_is_better,mtp_121m,10m,50m,10000000,50000000,10,0.0,0.0,0.0,0.0,0.0,0.0,0.0,0.0,0.0,0.0,0,0,10,1.0
peak_memory_bytes,efficiency,lower_is_better,moe_220m,10m,25m,10000000,25000000,10,0.0,0.0,0.0,0.0,0.0,0.0,0.0,0.0,0.0,0.0,0,0,10,1.0
peak_memory_bytes,efficiency,lower_is_better,moe_220m,25m,50m,25000000,50000000,10,307.2,971.4516972037261,307.2,-387.73468039403264,1002.1346803940326,0.0,0.0,3072.0,6.598713118967539e-06,0.0,0,1,9,1.0
peak_memory_bytes,efficiency,lower_is_better,moe_220m,10m,50m,10000000,50000000,10,307.2,971.4516972037261,307.2,-387.73468039403264,1002.1346803940326,0.0,0.0,3072.0,6.598713118967539e-06,0.0,0,1,9,1.0
peak_memory_bytes,efficiency,lower_is_better,mla_moe_220m,10m,25m,10000000,25000000,10,0.0,0.0,0.0,0.0,0.0,0.0,0.0,0.0,0.0,0.0,0,0,10,1.0
peak_memory_bytes,efficiency,lower_is_better,mla_moe_220m,25m,50m,25000000,50000000,10,0.0,0.0,0.0,0.0,0.0,0.0,0.0,0.0,0.0,0.0,0,0,10,1.0
peak_memory_bytes,efficiency,lower_is_better,mla_moe_220m,10m,50m,10000000,50000000,10,0.0,0.0,0.0,0.0,0.0,0.0,0.0,0.0,0.0,0.0,0,0,10,1.0
peak_memory_bytes,efficiency,lower_is_better,v3_routing_220m,10m,25m,10000000,25000000,10,217395.2,453758.4863036968,143491.032435,-107204.06681193516,541994.4668119352,0.0,0.0,1246208.0,0.004668922715627582,0.0,0,3,7,0.25
peak_memory_bytes,efficiency,lower_is_better,v3_routing_220m,25m,50m,25000000,50000000,10,173056.0,272549.9110417923,86187.8494968339,-21914.461080505367,368026.4610805054,3584.0,0.0,698368.0,0.0037193061556647622,7.700260114786678e-05,0,5,5,0.0625
peak_memory_bytes,efficiency,lower_is_better,v3_routing_220m,10m,50m,10000000,50000000,10,390451.2,485188.02623606083,153429.92563474845,43368.59474653611,737533.8052534639,156672.0,0.0,1381376.0,0.008388309385095357,0.0033672892070128976,0,6,4,0.03125
requested_tokens_per_activated_parameter,efficiency,descriptive_only,dense_121m,10m,25m,10000000,25000000,10,0.1240228980003937,0.0,0.0,0.1240228980003937,0.1240228980003937,0.1240228980003937,0.1240228980003937,0.1240228980003937,150.0,150.0,,,0,0.001953125
requested_tokens_per_activated_parameter,efficiency,descriptive_only,dense_121m,25m,50m,25000000,50000000,10,0.20670483000065615,0.0,0.0,0.20670483000065615,0.20670483000065615,0.20670483000065618,0.20670483000065618,0.20670483000065618,99.99999999999999,99.99999999999999,,,0,0.001953125
requested_tokens_per_activated_parameter,efficiency,descriptive_only,dense_121m,10m,50m,10000000,50000000,10,0.3307277280010499,0.0,0.0,0.3307277280010499,0.3307277280010499,0.3307277280010499,0.3307277280010499,0.3307277280010499,399.99999999999994,399.99999999999994,,,0,0.001953125
requested_tokens_per_activated_parameter,efficiency,descriptive_only,mla_121m,10m,25m,10000000,25000000,10,0.10912227281615779,0.0,0.0,0.10912227281615779,0.10912227281615779,0.10912227281615779,0.10912227281615779,0.10912227281615779,150.00000000000003,150.00000000000003,,,0,0.001953125
requested_tokens_per_activated_parameter,efficiency,descriptive_only,mla_121m,25m,50m,25000000,50000000,10,0.1818704546935963,0.0,0.0,0.1818704546935963,0.1818704546935963,0.1818704546935963,0.1818704546935963,0.1818704546935963,100.0,100.0,,,0,0.001953125
requested_tokens_per_activated_parameter,efficiency,descriptive_only,mla_121m,10m,50m,10000000,50000000,10,0.2909927275097541,0.0,0.0,0.2909927275097541,0.2909927275097541,0.2909927275097541,0.2909927275097541,0.2909927275097541,400.0,400.0,,,0,0.001953125
requested_tokens_per_activated_parameter,efficiency,descriptive_only,mtp_121m,10m,25m,10000000,25000000,10,0.11004699094550965,0.0,0.0,0.11004699094550965,0.11004699094550965,0.11004699094550965,0.11004699094550965,0.11004699094550965,149.99999999999997,149.99999999999997,,,0,0.001953125
requested_tokens_per_activated_parameter,efficiency,descriptive_only,mtp_121m,25m,50m,25000000,50000000,10,0.18341165157584943,0.0,0.0,0.18341165157584943,0.18341165157584943,0.18341165157584943,0.18341165157584943,0.18341165157584943,100.0,100.0,,,0,0.001953125
requested_tokens_per_activated_parameter,efficiency,descriptive_only,mtp_121m,10m,50m,10000000,50000000,10,0.2934586425213591,0.0,0.0,0.2934586425213591,0.2934586425213591,0.2934586425213591,0.2934586425213591,0.2934586425213591,400.0,400.0,,,0,0.001953125
requested_tokens_per_activated_parameter,efficiency,descriptive_only,moe_220m,10m,25m,10000000,25000000,10,0.1908672028457231,0.0,0.0,0.1908672028457231,0.1908672028457231,0.1908672028457231,0.1908672028457231,0.1908672028457231,150.0,150.0,,,0,0.001953125
requested_tokens_per_activated_parameter,efficiency,descriptive_only,moe_220m,25m,50m,25000000,50000000,10,0.3181120047428718,0.0,0.0,0.3181120047428718,0.3181120047428718,0.3181120047428718,0.3181120047428718,0.3181120047428718,100.0,100.0,,,0,0.001953125
requested_tokens_per_activated_parameter,efficiency,descriptive_only,moe_220m,10m,50m,10000000,50000000,10,0.5089792075885949,0.0,0.0,0.5089792075885949,0.5089792075885949,0.5089792075885949,0.5089792075885949,0.5089792075885949,400.0,400.0,,,0,0.001953125
requested_tokens_per_activated_parameter,efficiency,descriptive_only,mla_moe_220m,10m,25m,10000000,25000000,10,0.1577224972341783,0.0,0.0,0.1577224972341783,0.1577224972341783,0.1577224972341783,0.1577224972341783,0.1577224972341783,150.0,150.0,,,0,0.001953125
requested_tokens_per_activated_parameter,efficiency,descriptive_only,mla_moe_220m,25m,50m,25000000,50000000,10,0.2628708287236305,0.0,0.0,0.2628708287236305,0.2628708287236305,0.2628708287236305,0.2628708287236305,0.2628708287236305,100.0,100.0,,,0,0.001953125
requested_tokens_per_activated_parameter,efficiency,descriptive_only,mla_moe_220m,10m,50m,10000000,50000000,10,0.4205933259578088,0.0,0.0,0.4205933259578088,0.4205933259578088,0.4205933259578088,0.4205933259578088,0.4205933259578088,400.0,400.0,,,0,0.001953125
requested_tokens_per_activated_parameter,efficiency,descriptive_only,v3_routing_220m,10m,25m,10000000,25000000,10,0.1908672028457231,0.0,0.0,0.1908672028457231,0.1908672028457231,0.1908672028457231,0.1908672028457231,0.1908672028457231,150.0,150.0,,,0,0.001953125
requested_tokens_per_activated_parameter,efficiency,descriptive_only,v3_routing_220m,25m,50m,25000000,50000000,10,0.3181120047428718,0.0,0.0,0.3181120047428718,0.3181120047428718,0.3181120047428718,0.3181120047428718,0.3181120047428718,100.0,100.0,,,0,0.001953125
requested_tokens_per_activated_parameter,efficiency,descriptive_only,v3_routing_220m,10m,50m,10000000,50000000,10,0.5089792075885949,0.0,0.0,0.5089792075885949,0.5089792075885949,0.5089792075885949,0.5089792075885949,0.5089792075885949,400.0,400.0,,,0,0.001953125
requested_tokens_per_total_parameter,efficiency,descriptive_only,dense_121m,10m,25m,10000000,25000000,10,0.1240228980003937,0.0,0.0,0.1240228980003937,0.1240228980003937,0.1240228980003937,0.1240228980003937,0.1240228980003937,150.0,150.0,,,0,0.001953125
requested_tokens_per_total_parameter,efficiency,descriptive_only,dense_121m,25m,50m,25000000,50000000,10,0.20670483000065615,0.0,0.0,0.20670483000065615,0.20670483000065615,0.20670483000065618,0.20670483000065618,0.20670483000065618,99.99999999999999,99.99999999999999,,,0,0.001953125
requested_tokens_per_total_parameter,efficiency,descriptive_only,dense_121m,10m,50m,10000000,50000000,10,0.3307277280010499,0.0,0.0,0.3307277280010499,0.3307277280010499,0.3307277280010499,0.3307277280010499,0.3307277280010499,399.99999999999994,399.99999999999994,,,0,0.001953125
requested_tokens_per_total_parameter,efficiency,descriptive_only,mla_121m,10m,25m,10000000,25000000,10,0.10912227281615779,0.0,0.0,0.10912227281615779,0.10912227281615779,0.10912227281615779,0.10912227281615779,0.10912227281615779,150.00000000000003,150.00000000000003,,,0,0.001953125
requested_tokens_per_total_parameter,efficiency,descriptive_only,mla_121m,25m,50m,25000000,50000000,10,0.1818704546935963,0.0,0.0,0.1818704546935963,0.1818704546935963,0.1818704546935963,0.1818704546935963,0.1818704546935963,100.0,100.0,,,0,0.001953125
requested_tokens_per_total_parameter,efficiency,descriptive_only,mla_121m,10m,50m,10000000,50000000,10,0.2909927275097541,0.0,0.0,0.2909927275097541,0.2909927275097541,0.2909927275097541,0.2909927275097541,0.2909927275097541,400.0,400.0,,,0,0.001953125
requested_tokens_per_total_parameter,efficiency,descriptive_only,mtp_121m,10m,25m,10000000,25000000,10,0.11004699094550965,0.0,0.0,0.11004699094550965,0.11004699094550965,0.11004699094550965,0.11004699094550965,0.11004699094550965,149.99999999999997,149.99999999999997,,,0,0.001953125
requested_tokens_per_total_parameter,efficiency,descriptive_only,mtp_121m,25m,50m,25000000,50000000,10,0.18341165157584943,0.0,0.0,0.18341165157584943,0.18341165157584943,0.18341165157584943,0.18341165157584943,0.18341165157584943,100.0,100.0,,,0,0.001953125
requested_tokens_per_total_parameter,efficiency,descriptive_only,mtp_121m,10m,50m,10000000,50000000,10,0.2934586425213591,0.0,0.0,0.2934586425213591,0.2934586425213591,0.2934586425213591,0.2934586425213591,0.2934586425213591,400.0,400.0,,,0,0.001953125
requested_tokens_per_total_parameter,efficiency,descriptive_only,moe_220m,10m,25m,10000000,25000000,10,0.06813646654968272,0.0,0.0,0.06813646654968272,0.06813646654968272,0.06813646654968272,0.06813646654968272,0.06813646654968272,150.00000000000003,150.00000000000003,,,0,0.001953125
requested_tokens_per_total_parameter,efficiency,descriptive_only,moe_220m,25m,50m,25000000,50000000,10,0.11356077758280451,0.0,0.0,0.11356077758280451,0.11356077758280451,0.11356077758280453,0.11356077758280453,0.11356077758280453,100.0,100.0,,,0,0.001953125
requested_tokens_per_total_parameter,efficiency,descriptive_only,moe_220m,10m,50m,10000000,50000000,10,0.18169724413248725,0.0,0.0,0.18169724413248725,0.18169724413248725,0.18169724413248725,0.18169724413248725,0.18169724413248725,400.0000000000001,400.0000000000001,,,0,0.001953125
requested_tokens_per_total_parameter,efficiency,descriptive_only,mla_moe_220m,10m,25m,10000000,25000000,10,0.06338166430312214,0.0,0.0,0.06338166430312214,0.06338166430312214,0.06338166430312214,0.06338166430312214,0.06338166430312214,150.0,150.0,,,0,0.001953125
requested_tokens_per_total_parameter,efficiency,descriptive_only,mla_moe_220m,25m,50m,25000000,50000000,10,0.10563610717187025,0.0,0.0,0.10563610717187025,0.10563610717187025,0.10563610717187025,0.10563610717187025,0.10563610717187025,100.0,100.0,,,0,0.001953125
requested_tokens_per_total_parameter,efficiency,descriptive_only,mla_moe_220m,10m,50m,10000000,50000000,10,0.1690177714749924,0.0,0.0,0.1690177714749924,0.1690177714749924,0.1690177714749924,0.1690177714749924,0.1690177714749924,400.0,400.0,,,0,0.001953125
requested_tokens_per_total_parameter,efficiency,descriptive_only,v3_routing_220m,10m,25m,10000000,25000000,10,0.06813646654968272,0.0,0.0,0.06813646654968272,0.06813646654968272,0.06813646654968272,0.06813646654968272,0.06813646654968272,150.00000000000003,150.00000000000003,,,0,0.001953125
requested_tokens_per_total_parameter,efficiency,descriptive_only,v3_routing_220m,25m,50m,25000000,50000000,10,0.11356077758280451,0.0,0.0,0.11356077758280451,0.11356077758280451,0.11356077758280453,0.11356077758280453,0.11356077758280453,100.0,100.0,,,0,0.001953125
requested_tokens_per_total_parameter,efficiency,descriptive_only,v3_routing_220m,10m,50m,10000000,50000000,10,0.18169724413248725,0.0,0.0,0.18169724413248725,0.18169724413248725,0.18169724413248725,0.18169724413248725,0.18169724413248725,400.0000000000001,400.0000000000001,,,0,0.001953125
requested_tokens_per_trainable_parameter,efficiency,descriptive_only,dense_121m,10m,25m,10000000,25000000,10,0.1240228980003937,0.0,0.0,0.1240228980003937,0.1240228980003937,0.1240228980003937,0.1240228980003937,0.1240228980003937,150.0,150.0,,,0,0.001953125
requested_tokens_per_trainable_parameter,efficiency,descriptive_only,dense_121m,25m,50m,25000000,50000000,10,0.20670483000065615,0.0,0.0,0.20670483000065615,0.20670483000065615,0.20670483000065618,0.20670483000065618,0.20670483000065618,99.99999999999999,99.99999999999999,,,0,0.001953125
requested_tokens_per_trainable_parameter,efficiency,descriptive_only,dense_121m,10m,50m,10000000,50000000,10,0.3307277280010499,0.0,0.0,0.3307277280010499,0.3307277280010499,0.3307277280010499,0.3307277280010499,0.3307277280010499,399.99999999999994,399.99999999999994,,,0,0.001953125
requested_tokens_per_trainable_parameter,efficiency,descriptive_only,mla_121m,10m,25m,10000000,25000000,10,0.10912227281615779,0.0,0.0,0.10912227281615779,0.10912227281615779,0.10912227281615779,0.10912227281615779,0.10912227281615779,150.00000000000003,150.00000000000003,,,0,0.001953125
requested_tokens_per_trainable_parameter,efficiency,descriptive_only,mla_121m,25m,50m,25000000,50000000,10,0.1818704546935963,0.0,0.0,0.1818704546935963,0.1818704546935963,0.1818704546935963,0.1818704546935963,0.1818704546935963,100.0,100.0,,,0,0.001953125
requested_tokens_per_trainable_parameter,efficiency,descriptive_only,mla_121m,10m,50m,10000000,50000000,10,0.2909927275097541,0.0,0.0,0.2909927275097541,0.2909927275097541,0.2909927275097541,0.2909927275097541,0.2909927275097541,400.0,400.0,,,0,0.001953125
requested_tokens_per_trainable_parameter,efficiency,descriptive_only,mtp_121m,10m,25m,10000000,25000000,10,0.11004699094550965,0.0,0.0,0.11004699094550965,0.11004699094550965,0.11004699094550965,0.11004699094550965,0.11004699094550965,149.99999999999997,149.99999999999997,,,0,0.001953125
requested_tokens_per_trainable_parameter,efficiency,descriptive_only,mtp_121m,25m,50m,25000000,50000000,10,0.18341165157584943,0.0,0.0,0.18341165157584943,0.18341165157584943,0.18341165157584943,0.18341165157584943,0.18341165157584943,100.0,100.0,,,0,0.001953125
requested_tokens_per_trainable_parameter,efficiency,descriptive_only,mtp_121m,10m,50m,10000000,50000000,10,0.2934586425213591,0.0,0.0,0.2934586425213591,0.2934586425213591,0.2934586425213591,0.2934586425213591,0.2934586425213591,400.0,400.0,,,0,0.001953125
requested_tokens_per_trainable_parameter,efficiency,descriptive_only,moe_220m,10m,25m,10000000,25000000,10,0.06813646654968272,0.0,0.0,0.06813646654968272,0.06813646654968272,0.06813646654968272,0.06813646654968272,0.06813646654968272,150.00000000000003,150.00000000000003,,,0,0.001953125
requested_tokens_per_trainable_parameter,efficiency,descriptive_only,moe_220m,25m,50m,25000000,50000000,10,0.11356077758280451,0.0,0.0,0.11356077758280451,0.11356077758280451,0.11356077758280453,0.11356077758280453,0.11356077758280453,100.0,100.0,,,0,0.001953125
requested_tokens_per_trainable_parameter,efficiency,descriptive_only,moe_220m,10m,50m,10000000,50000000,10,0.18169724413248725,0.0,0.0,0.18169724413248725,0.18169724413248725,0.18169724413248725,0.18169724413248725,0.18169724413248725,400.0000000000001,400.0000000000001,,,0,0.001953125
requested_tokens_per_trainable_parameter,efficiency,descriptive_only,mla_moe_220m,10m,25m,10000000,25000000,10,0.06338166430312214,0.0,0.0,0.06338166430312214,0.06338166430312214,0.06338166430312214,0.06338166430312214,0.06338166430312214,150.0,150.0,,,0,0.001953125
requested_tokens_per_trainable_parameter,efficiency,descriptive_only,mla_moe_220m,25m,50m,25000000,50000000,10,0.10563610717187025,0.0,0.0,0.10563610717187025,0.10563610717187025,0.10563610717187025,0.10563610717187025,0.10563610717187025,100.0,100.0,,,0,0.001953125
requested_tokens_per_trainable_parameter,efficiency,descriptive_only,mla_moe_220m,10m,50m,10000000,50000000,10,0.1690177714749924,0.0,0.0,0.1690177714749924,0.1690177714749924,0.1690177714749924,0.1690177714749924,0.1690177714749924,400.0,400.0,,,0,0.001953125
requested_tokens_per_trainable_parameter,efficiency,descriptive_only,v3_routing_220m,10m,25m,10000000,25000000,10,0.06813646654968272,0.0,0.0,0.06813646654968272,0.06813646654968272,0.06813646654968272,0.06813646654968272,0.06813646654968272,150.00000000000003,150.00000000000003,,,0,0.001953125
requested_tokens_per_trainable_parameter,efficiency,descriptive_only,v3_routing_220m,25m,50m,25000000,50000000,10,0.11356077758280451,0.0,0.0,0.11356077758280451,0.11356077758280451,0.11356077758280453,0.11356077758280453,0.11356077758280453,100.0,100.0,,,0,0.001953125
requested_tokens_per_trainable_parameter,efficiency,descriptive_only,v3_routing_220m,10m,50m,10000000,50000000,10,0.18169724413248725,0.0,0.0,0.18169724413248725,0.18169724413248725,0.18169724413248725,0.18169724413248725,0.18169724413248725,400.0000000000001,400.0000000000001,,,0,0.001953125
test_loss,quality,lower_is_better,dense_121m,10m,25m,10000000,25000000,10,-0.437422551393509,0.01355983285370672,0.004287995650889401,-0.44712267146897067,-0.4277224313180473,-0.4340496814250945,-0.4571357679367063,-0.42126897335052504,-8.752452170272054,-8.677452672698884,10,0,0,0.001953125
test_loss,quality,lower_is_better,dense_121m,25m,50m,25000000,50000000,10,-0.18110253262519854,0.01275268048315513,0.004032751659914676,-0.19022525067823015,-0.17197981457216693,-0.17826117396354713,-0.20967385768890434,-0.16250234842300415,-3.971033094574851,-3.9115324787647388,10,0,0,0.001953125
test_loss,quality,lower_is_better,dense_121m,10m,50m,10000000,50000000,10,-0.6185250840187075,0.015265466429608254,0.004827364346240053,-0.629445340851715,-0.6076048271857001,-0.6149501180648809,-0.6424679422378547,-0.5919875717163094,-12.376160061618387,-12.319528161484278,10,0,0,0.001953125
test_loss,quality,lower_is_better,mla_121m,10m,25m,10000000,25000000,10,-0.4506669821739199,0.019650895802608342,0.006214158879888493,-0.46472438619447015,-0.4366095781533696,-0.4521160244941713,-0.48591333389282276,-0.42391770362854064,-8.913606083286428,-8.930909095282836,10,0,0,0.001953125
test_loss,quality,lower_is_better,mla_121m,25m,50m,25000000,50000000,10,-0.17649728965759248,0.009422645500740796,0.002979702136667871,-0.18323784418889033,-0.16975673512629463,-0.173768503665924,-0.19924540042877226,-0.16662561416625898,-3.8327900896317444,-3.774342441395166,10,0,0,0.001953125
test_loss,quality,lower_is_better,mla_121m,10m,50m,10000000,50000000,10,-0.6271642718315124,0.02186259447325075,0.006913559409608152,-0.6428038297699928,-0.6115247138930319,-0.6322124326229095,-0.669039351940155,-0.5905433177947996,-12.404794010786562,-12.488717205723798,10,0,0,0.001953125
test_loss,quality,lower_is_better,mtp_121m,10m,25m,10000000,25000000,10,-0.44680296468734754,0.020682209306002477,0.0065402888451298186,-0.46159812594475297,-0.4320078034299421,-0.44624105691909843,-0.4793947219848631,-0.4075658726692204,-8.938984381388398,-8.965827357686774,10,0,0,0.001953125
test_loss,quality,lower_is_better,mtp_121m,25m,50m,25000000,50000000,10,-0.18692598342895525,0.013094801880720087,0.004140939945173201,-0.19629344038640908,-0.17755852647150142,-0.18353568911552465,-0.21197711229324323,-0.1713099122047428,-4.106933844922676,-4.03247398272704,10,0,0,0.001953125
test_loss,quality,lower_is_better,mtp_121m,10m,50m,10000000,50000000,10,-0.6337289481163028,0.02275394961103547,0.007195430653557445,-0.6500061431082538,-0.6174517531243517,-0.638660331964493,-0.6628645443916321,-0.5839182662963873,-12.678972792321073,-12.764380630501122,10,0,0,0.001953125
test_loss,quality,lower_is_better,moe_220m,10m,25m,10000000,25000000,10,-0.40548706221580505,0.010260455980438217,0.0032446410730080817,-0.4128269502596339,-0.3981471741719762,-0.40362200856208785,-0.42165578365325906,-0.3880048418045048,-8.20212509698112,-8.175952988983836,10,0,0,0.001953125
test_loss,quality,lower_is_better,moe_220m,25m,50m,25000000,50000000,10,-0.18623325777053834,0.010144160449708414,0.0032078651971276535,-0.19348995300332822,-0.17897656253774846,-0.18592009663581877,-0.20553863048553467,-0.16999261379241926,-4.103491186893995,-4.090596734807907,10,0,0,0.001953125
test_loss,quality,lower_is_better,moe_220m,10m,50m,10000000,50000000,10,-0.5917203199863434,0.010157994032438476,0.00321223976009039,-0.5989869111680733,-0.5844537288046135,-0.5900841069221494,-0.6057479143142706,-0.5750098490715025,-11.969252638126452,-11.947159726359484,10,0,0,0.001953125
test_loss,quality,lower_is_better,mla_moe_220m,10m,25m,10000000,25000000,10,-0.41707498264312753,0.014135964608150125,0.004470184508528399,-0.4271872425478689,-0.4069627227383862,-0.41518537044525194,-0.4485294818878174,-0.3974541091918944,-8.344841963499539,-8.305534108557183,10,0,0,0.001953125
test_loss,quality,lower_is_better,mla_moe_220m,25m,50m,25000000,50000000,10,-0.18385358452796927,0.012350128015721646,0.0039054533924336196,-0.19268833389341408,-0.17501883516252445,-0.18212445735931393,-0.21305631399154645,-0.16916002750396775,-4.013316516070086,-3.982230643647929,10,0,0,0.001953125
test_loss,quality,lower_is_better,mla_moe_220m,10m,50m,10000000,50000000,10,-0.6009285671710968,0.01994031728348639,0.006305681988223843,-0.6151930108467242,-0.5866641234954694,-0.5973000204563141,-0.637964479923248,-0.5666141366958621,-12.023224481268104,-11.939807702652306,10,0,0,0.001953125
test_loss,quality,lower_is_better,v3_routing_220m,10m,25m,10000000,25000000,10,-0.41256999373435965,0.011981505387856532,0.0037888846823205783,-0.4211410463572708,-0.4039989411114485,-0.41341505169868453,-0.42884552478790283,-0.39156559944152747,-8.331735983422588,-8.35304437015424,10,0,0,0.001953125
test_loss,quality,lower_is_better,v3_routing_220m,25m,50m,25000000,50000000,10,-0.1841003844738008,0.007969498351553415,0.0025201766599866086,-0.18980142015656218,-0.17839934879103944,-0.184309767484665,-0.20150601863861084,-0.17407740354537982,-4.055952569026128,-4.06031993176137,10,0,0,0.001953125
test_loss,quality,lower_is_better,v3_routing_220m,10m,50m,10000000,50000000,10,-0.5966703782081605,0.014296023520634943,0.004520799580854558,-0.6068971373613071,-0.5864436190550139,-0.5967909002304079,-0.6203603982925419,-0.5732473421096804,-12.049767156847924,-12.045070761168741,10,0,0,0.001953125
test_perplexity,quality,lower_is_better,dense_121m,10m,25m,10000000,25000000,10,-52.45940392906008,1.951602772066214,0.617150984762767,-53.85549644973383,-51.06331140838633,-51.91050167810507,-55.047747647048354,-50.05901109319484,-35.4248154523165,-35.2119422220101,10,0,0,0.001953125
test_perplexity,quality,lower_is_better,dense_121m,25m,50m,25000000,50000000,10,-15.837372606065404,1.1754654258497965,0.3717148056465122,-16.678249916155536,-14.99649529597527,-15.564881101279013,-18.572659532702573,-14.216232416344909,-16.558936471457635,-16.32758920195613,10,0,0,0.001953125
test_perplexity,quality,lower_is_better,dense_121m,10m,50m,10000000,50000000,10,-68.29677653512547,2.206954027217222,0.6979001417287658,-69.87553633961515,-66.7180167306358,-67.60679848123313,-71.74799598235623,-65.06454868030798,-46.120504643625736,-45.93320768242586,10,0,0,0.001953125
test_perplexity,quality,lower_is_better,mla_121m,10m,25m,10000000,25000000,10,-56.941929422668714,3.4699377716710287,1.097290669752974,-59.424173370859265,-54.459685474478164,-57.247041263199826,-64.04393450908483,-51.61245613195385,-36.26864205281443,-36.37074299874983,10,0,0,0.001953125
test_perplexity,quality,lower_is_better,mla_121m,25m,50m,25000000,50000000,10,-16.174296838438828,0.9774726660874862,0.3091039975393683,-16.873538660504384,-15.475055016373272,-15.93182204452227,-18.363648915489094,-15.004970271501804,-16.176560378461268,-15.95083292279913,10,0,0,0.001953125
test_perplexity,quality,lower_is_better,mla_121m,10m,50m,10000000,50000000,10,-73.11622626110754,3.854017405963568,1.2187473144778678,-75.873224228125,-70.35922829409009,-73.88712709540349,-81.17292034766719,-66.61742640345565,-46.57810137263611,-46.858502357031256,10,0,0,0.0
test_perplexity,quality,lower_is_better,mtp_121m,10m,25m,10000000,25000000,10,-53.378767998047785,2.9404653226622823,0.929856780035474,-55.48225017332831,-51.27528582276726,-52.648400242593894,-58.20363713463759,-48.12520081964007,-36.02066702442784,-35.997000463733784,10,0,0,0.001953125
test_perplexity,quality,lower_is_better,mtp_121m,25m,50m,25000000,50000000,10,-16.152854554210148,1.1830199221139759,0.3741037471235162,-16.999136025373854,-15.306573083046441,-15.890670043633769,-18.482320606222174,-14.571006915807942,-17.043104498322553,-16.76778278287903,10,0,0,0.001953125
test_perplexity,quality,lower_is_better,mtp_121m,10m,50m,10000000,50000000,10,-69.53162255225793,3.1536175881192343,0.9972614447623539,-71.78758467265251,-67.27566043186334,-70.19149836665963,-74.06499906642321,-63.58916312567888,-46.926605528348205,-47.20004360761148,10,0,0,0.0
test_perplexity,quality,lower_is_better,moe_220m,10m,25m,10000000,25000000,10,-46.76206328489717,1.315260380510858,0.41592185185940483,-47.702943881221415,-45.82118268857292,-46.623558993584616,-48.924922669881155,-44.089356640693964,-33.331640712465116,-33.2103335701879,10,0,0,0.001953125
test_perplexity,quality,lower_is_better,moe_220m,25m,50m,25000000,50000000,10,-15.8916482569728,0.9105580670408674,0.2879437433689436,-16.54302225850131,-15.240274255444291,-15.976677950856292,-17.714017429362116,-14.369494662282719,-16.98816371180379,-16.96597043638291,10,0,0,0.001953125
test_perplexity,quality,lower_is_better,moe_220m,10m,50m,10000000,50000000,10,-62.653711541869974,1.3879983392528312,0.4389236140570039,-63.646625739305186,-61.66079734443476,-62.678388323976435,-64.72074329512674,-60.5649399471623,-44.65998168546194,-44.57186579028094,10,0,0,0.001953125
test_perplexity,quality,lower_is_better,mla_moe_220m,10m,25m,10000000,25000000,10,-50.51413141724904,2.43512155953486,0.770053050751147,-52.2561124416963,-48.77215039280178,-50.424219435809654,-55.692742862704435,-46.881356425953285,-34.09694726750158,-33.97817354054965,10,0,0,0.001953125
test_perplexity,quality,lower_is_better,mla_moe_220m,25m,50m,25000000,50000000,10,-16.39009829373083,1.2044556286894221,0.380882312726862,-17.251713945627255,-15.528482641834405,-16.13024966189115,-19.26636017127339,-14.949790531743588,-16.788553636205787,-16.6502087031429,10,0,0,0.001953125
test_perplexity,quality,lower_is_better,mla_moe_220m,10m,50m,10000000,50000000,10,-66.90422971097988,3.1163141092333446,0.9854650489696127,-69.13350653013738,-64.67495289182237,-66.78708481518632,-72.67324057809653,-61.83114695769687,-45.15998273824896,-44.9703686231514,10,0,0,0.001953125
test_perplexity,quality,lower_is_better,v3_routing_220m,10m,25m,10000000,25000000,10,-47.8059571355315,1.68587566533051,0.5331206954296175,-49.01195993530307,-46.59995433575993,-47.99324749518144,-49.93511278403025,-44.59983029719589,-33.801030950814614,-33.86122746414645,10,0,0,0.001953125
test_perplexity,quality,lower_is_better,v3_routing_220m,25m,50m,25000000,50000000,10,-15.736302938059358,0.6550379416327675,0.20714118493879793,-16.204888853267317,-15.2677170228514,-15.772644286265376,-17.167072161482423,-14.87889204515892,-16.8123975652891,-16.83217688337458,10,0,0,0.001953125
test_perplexity,quality,lower_is_better,v3_routing_220m,10m,50m,10000000,50000000,10,-63.54226007359087,1.8400366288621695,0.5818706725342373,-64.85854298325312,-62.225977163928626,-63.743478207880464,-66.10170661962657,-60.60528102188097,-44.93073483332137,-44.94242947542564,10,0,0,0.001953125
tokens_per_activated_parameter,efficiency,descriptive_only,dense_121m,10m,25m,10000000,25000000,10,0.12402766047967691,0.0,0.0,0.12402766047967691,0.12402766047967691,0.12402766047967691,0.12402766047967691,0.12402766047967691,149.99999999999997,149.99999999999997,,,0,0.001953125
tokens_per_activated_parameter,efficiency,descriptive_only,dense_121m,25m,50m,25000000,50000000,10,0.20670430083629135,0.0,0.0,0.20670430083629135,0.20670430083629135,0.20670430083629135,0.20670430083629135,0.20670430083629135,99.99590415728036,99.99590415728036,,,0,0.001953125
tokens_per_activated_parameter,efficiency,descriptive_only,dense_121m,10m,50m,10000000,50000000,10,0.33073196131596827,0.0,0.0,0.33073196131596827,0.33073196131596827,0.33073196131596827,0.33073196131596827,0.33073196131596827,399.9897603932009,399.9897603932009,,,0,0.001953125
tokens_per_activated_parameter,efficiency,descriptive_only,mla_121m,10m,25m,10000000,25000000,10,0.1091264631114339,0.0,0.0,0.1091264631114339,0.1091264631114339,0.10912646311143391,0.10912646311143391,0.10912646311143391,149.99999999999997,149.99999999999997,,,0,0.001953125
tokens_per_activated_parameter,efficiency,descriptive_only,mla_121m,25m,50m,25000000,50000000,10,0.18186998910523228,0.0,0.0,0.18186998910523228,0.18186998910523228,0.18186998910523228,0.18186998910523228,0.18186998910523228,99.99590415728038,99.99590415728038,,,0,0.001953125
tokens_per_activated_parameter,efficiency,descriptive_only,mla_121m,10m,50m,10000000,50000000,10,0.2909964522166662,0.0,0.0,0.2909964522166662,0.2909964522166662,0.2909964522166662,0.2909964522166662,0.2909964522166662,399.9897603932009,399.9897603932009,,,0,0.001953125
tokens_per_activated_parameter,efficiency,descriptive_only,mtp_121m,10m,25m,10000000,25000000,10,0.11005121674996196,0.0,0.0,0.11005121674996196,0.11005121674996196,0.11005121674996197,0.11005121674996197,0.11005121674996197,150.0,150.0,,,0,0.001953125
tokens_per_activated_parameter,efficiency,descriptive_only,mtp_121m,25m,50m,25000000,50000000,10,0.18341118204202142,0.0,0.0,0.18341118204202142,0.18341118204202142,0.18341118204202142,0.18341118204202142,0.18341118204202142,99.99590415728038,99.99590415728038,,,0,0.001953125
tokens_per_activated_parameter,efficiency,descriptive_only,mtp_121m,10m,50m,10000000,50000000,10,0.2934623987919834,0.0,0.0,0.2934623987919834,0.2934623987919834,0.2934623987919834,0.2934623987919834,0.2934623987919834,399.9897603932009,399.9897603932009,,,0,0.001953125
tokens_per_activated_parameter,efficiency,descriptive_only,moe_220m,10m,25m,10000000,25000000,10,0.19087453214631236,0.0,0.0,0.19087453214631236,0.19087453214631236,0.19087453214631236,0.19087453214631236,0.19087453214631236,149.99999999999997,149.99999999999997,,,0,0.001953125
tokens_per_activated_parameter,efficiency,descriptive_only,moe_220m,25m,50m,25000000,50000000,10,0.3181111903761397,0.0,0.0,0.3181111903761397,0.3181111903761397,0.3181111903761397,0.3181111903761397,0.3181111903761397,99.99590415728036,99.99590415728036,,,0,0.001953125
tokens_per_activated_parameter,efficiency,descriptive_only,moe_220m,10m,50m,10000000,50000000,10,0.5089857225224521,0.0,0.0,0.5089857225224521,0.5089857225224521,0.5089857225224521,0.5089857225224521,0.5089857225224521,399.9897603932009,399.9897603932009,,,0,0.001953125
tokens_per_activated_parameter,efficiency,descriptive_only,mla_moe_220m,10m,25m,10000000,25000000,10,0.15772855377807204,0.0,0.0,0.15772855377807204,0.15772855377807204,0.15772855377807204,0.15772855377807204,0.15772855377807204,149.99999999999997,149.99999999999997,,,0,0.001953125
tokens_per_activated_parameter,efficiency,descriptive_only,mla_moe_220m,25m,50m,25000000,50000000,10,0.26287015577430894,0.0,0.0,0.26287015577430894,0.26287015577430894,0.26287015577430894,0.26287015577430894,0.26287015577430894,99.99590415728036,99.99590415728036,,,0,0.001953125
tokens_per_activated_parameter,efficiency,descriptive_only,mla_moe_220m,10m,50m,10000000,50000000,10,0.420598709552381,0.0,0.0,0.420598709552381,0.420598709552381,0.420598709552381,0.420598709552381,0.420598709552381,399.98976039320087,399.98976039320087,,,0,0.001953125
tokens_per_activated_parameter,efficiency,descriptive_only,v3_routing_220m,10m,25m,10000000,25000000,10,0.19087453214631236,0.0,0.0,0.19087453214631236,0.19087453214631236,0.19087453214631236,0.19087453214631236,0.19087453214631236,149.99999999999997,149.99999999999997,,,0,0.001953125
tokens_per_activated_parameter,efficiency,descriptive_only,v3_routing_220m,25m,50m,25000000,50000000,10,0.3181111903761397,0.0,0.0,0.3181111903761397,0.3181111903761397,0.3181111903761397,0.3181111903761397,0.3181111903761397,99.99590415728036,99.99590415728036,,,0,0.001953125
tokens_per_activated_parameter,efficiency,descriptive_only,v3_routing_220m,10m,50m,10000000,50000000,10,0.5089857225224521,0.0,0.0,0.5089857225224521,0.5089857225224521,0.5089857225224521,0.5089857225224521,0.5089857225224521,399.9897603932009,399.9897603932009,,,0,0.001953125
tokens_per_total_parameter,efficiency,descriptive_only,dense_121m,10m,25m,10000000,25000000,10,0.12402766047967691,0.0,0.0,0.12402766047967691,0.12402766047967691,0.12402766047967691,0.12402766047967691,0.12402766047967691,149.99999999999997,149.99999999999997,,,0,0.001953125
tokens_per_total_parameter,efficiency,descriptive_only,dense_121m,25m,50m,25000000,50000000,10,0.20670430083629135,0.0,0.0,0.20670430083629135,0.20670430083629135,0.20670430083629135,0.20670430083629135,0.20670430083629135,99.99590415728036,99.99590415728036,,,0,0.001953125
tokens_per_total_parameter,efficiency,descriptive_only,dense_121m,10m,50m,10000000,50000000,10,0.33073196131596827,0.0,0.0,0.33073196131596827,0.33073196131596827,0.33073196131596827,0.33073196131596827,0.33073196131596827,399.9897603932009,399.9897603932009,,,0,0.001953125
tokens_per_total_parameter,efficiency,descriptive_only,mla_121m,10m,25m,10000000,25000000,10,0.1091264631114339,0.0,0.0,0.1091264631114339,0.1091264631114339,0.10912646311143391,0.10912646311143391,0.10912646311143391,149.99999999999997,149.99999999999997,,,0,0.001953125
tokens_per_total_parameter,efficiency,descriptive_only,mla_121m,25m,50m,25000000,50000000,10,0.18186998910523228,0.0,0.0,0.18186998910523228,0.18186998910523228,0.18186998910523228,0.18186998910523228,0.18186998910523228,99.99590415728038,99.99590415728038,,,0,0.001953125
tokens_per_total_parameter,efficiency,descriptive_only,mla_121m,10m,50m,10000000,50000000,10,0.2909964522166662,0.0,0.0,0.2909964522166662,0.2909964522166662,0.2909964522166662,0.2909964522166662,0.2909964522166662,399.9897603932009,399.9897603932009,,,0,0.001953125
tokens_per_total_parameter,efficiency,descriptive_only,mtp_121m,10m,25m,10000000,25000000,10,0.11005121674996196,0.0,0.0,0.11005121674996196,0.11005121674996196,0.11005121674996197,0.11005121674996197,0.11005121674996197,150.0,150.0,,,0,0.001953125
tokens_per_total_parameter,efficiency,descriptive_only,mtp_121m,25m,50m,25000000,50000000,10,0.18341118204202142,0.0,0.0,0.18341118204202142,0.18341118204202142,0.18341118204202142,0.18341118204202142,0.18341118204202142,99.99590415728038,99.99590415728038,,,0,0.001953125
tokens_per_total_parameter,efficiency,descriptive_only,mtp_121m,10m,50m,10000000,50000000,10,0.2934623987919834,0.0,0.0,0.2934623987919834,0.2934623987919834,0.2934623987919834,0.2934623987919834,0.2934623987919834,399.9897603932009,399.9897603932009,,,0,0.001953125
tokens_per_total_parameter,efficiency,descriptive_only,moe_220m,10m,25m,10000000,25000000,10,0.06813908298999823,0.0,0.0,0.06813908298999823,0.06813908298999823,0.06813908298999823,0.06813908298999823,0.06813908298999823,150.00000000000003,150.00000000000003,,,0,0.001953125
tokens_per_total_parameter,efficiency,descriptive_only,moe_220m,25m,50m,25000000,50000000,10,0.1135604868672139,0.0,0.0,0.1135604868672139,0.1135604868672139,0.1135604868672139,0.1135604868672139,0.1135604868672139,99.99590415728035,99.99590415728035,,,0,0.001953125
tokens_per_total_parameter,efficiency,descriptive_only,moe_220m,10m,50m,10000000,50000000,10,0.18169956985721214,0.0,0.0,0.18169956985721214,0.18169956985721214,0.18169956985721214,0.18169956985721214,0.18169956985721214,399.9897603932009,399.9897603932009,,,0,0.001953125
tokens_per_total_parameter,efficiency,descriptive_only,mla_moe_220m,10m,25m,10000000,25000000,10,0.0633840981590314,0.0,0.0,0.0633840981590314,0.0633840981590314,0.0633840981590314,0.0633840981590314,0.0633840981590314,150.00000000000003,150.00000000000003,,,0,0.001953125
tokens_per_total_parameter,efficiency,descriptive_only,mla_moe_220m,25m,50m,25000000,50000000,10,0.10563583674343588,0.0,0.0,0.10563583674343588,0.10563583674343588,0.10563583674343588,0.10563583674343588,0.10563583674343588,99.99590415728035,99.99590415728035,,,0,0.001953125
tokens_per_total_parameter,efficiency,descriptive_only,mla_moe_220m,10m,50m,10000000,50000000,10,0.16901993490246728,0.0,0.0,0.16901993490246728,0.16901993490246728,0.16901993490246728,0.16901993490246728,0.16901993490246728,399.9897603932009,399.9897603932009,,,0,0.001953125
tokens_per_total_parameter,efficiency,descriptive_only,v3_routing_220m,10m,25m,10000000,25000000,10,0.06813908298999823,0.0,0.0,0.06813908298999823,0.06813908298999823,0.06813908298999823,0.06813908298999823,0.06813908298999823,150.00000000000003,150.00000000000003,,,0,0.001953125
tokens_per_total_parameter,efficiency,descriptive_only,v3_routing_220m,25m,50m,25000000,50000000,10,0.1135604868672139,0.0,0.0,0.1135604868672139,0.1135604868672139,0.1135604868672139,0.1135604868672139,0.1135604868672139,99.99590415728035,99.99590415728035,,,0,0.001953125
tokens_per_total_parameter,efficiency,descriptive_only,v3_routing_220m,10m,50m,10000000,50000000,10,0.18169956985721214,0.0,0.0,0.18169956985721214,0.18169956985721214,0.18169956985721214,0.18169956985721214,0.18169956985721214,399.9897603932009,399.9897603932009,,,0,0.001953125
tokens_per_trainable_parameter,efficiency,descriptive_only,dense_121m,10m,25m,10000000,25000000,10,0.12402766047967691,0.0,0.0,0.12402766047967691,0.12402766047967691,0.12402766047967691,0.12402766047967691,0.12402766047967691,149.99999999999997,149.99999999999997,,,0,0.001953125
tokens_per_trainable_parameter,efficiency,descriptive_only,dense_121m,25m,50m,25000000,50000000,10,0.20670430083629135,0.0,0.0,0.20670430083629135,0.20670430083629135,0.20670430083629135,0.20670430083629135,0.20670430083629135,99.99590415728036,99.99590415728036,,,0,0.001953125
tokens_per_trainable_parameter,efficiency,descriptive_only,dense_121m,10m,50m,10000000,50000000,10,0.33073196131596827,0.0,0.0,0.33073196131596827,0.33073196131596827,0.33073196131596827,0.33073196131596827,0.33073196131596827,399.9897603932009,399.9897603932009,,,0,0.001953125
tokens_per_trainable_parameter,efficiency,descriptive_only,mla_121m,10m,25m,10000000,25000000,10,0.1091264631114339,0.0,0.0,0.1091264631114339,0.1091264631114339,0.10912646311143391,0.10912646311143391,0.10912646311143391,149.99999999999997,149.99999999999997,,,0,0.001953125
tokens_per_trainable_parameter,efficiency,descriptive_only,mla_121m,25m,50m,25000000,50000000,10,0.18186998910523228,0.0,0.0,0.18186998910523228,0.18186998910523228,0.18186998910523228,0.18186998910523228,0.18186998910523228,99.99590415728038,99.99590415728038,,,0,0.001953125
tokens_per_trainable_parameter,efficiency,descriptive_only,mla_121m,10m,50m,10000000,50000000,10,0.2909964522166662,0.0,0.0,0.2909964522166662,0.2909964522166662,0.2909964522166662,0.2909964522166662,0.2909964522166662,399.9897603932009,399.9897603932009,,,0,0.001953125
tokens_per_trainable_parameter,efficiency,descriptive_only,mtp_121m,10m,25m,10000000,25000000,10,0.11005121674996196,0.0,0.0,0.11005121674996196,0.11005121674996196,0.11005121674996197,0.11005121674996197,0.11005121674996197,150.0,150.0,,,0,0.001953125
tokens_per_trainable_parameter,efficiency,descriptive_only,mtp_121m,25m,50m,25000000,50000000,10,0.18341118204202142,0.0,0.0,0.18341118204202142,0.18341118204202142,0.18341118204202142,0.18341118204202142,0.18341118204202142,99.99590415728038,99.99590415728038,,,0,0.001953125
tokens_per_trainable_parameter,efficiency,descriptive_only,mtp_121m,10m,50m,10000000,50000000,10,0.2934623987919834,0.0,0.0,0.2934623987919834,0.2934623987919834,0.2934623987919834,0.2934623987919834,0.2934623987919834,399.9897603932009,399.9897603932009,,,0,0.001953125
tokens_per_trainable_parameter,efficiency,descriptive_only,moe_220m,10m,25m,10000000,25000000,10,0.06813908298999823,0.0,0.0,0.06813908298999823,0.06813908298999823,0.06813908298999823,0.06813908298999823,0.06813908298999823,150.00000000000003,150.00000000000003,,,0,0.001953125
tokens_per_trainable_parameter,efficiency,descriptive_only,moe_220m,25m,50m,25000000,50000000,10,0.1135604868672139,0.0,0.0,0.1135604868672139,0.1135604868672139,0.1135604868672139,0.1135604868672139,0.1135604868672139,99.99590415728035,99.99590415728035,,,0,0.001953125
tokens_per_trainable_parameter,efficiency,descriptive_only,moe_220m,10m,50m,10000000,50000000,10,0.18169956985721214,0.0,0.0,0.18169956985721214,0.18169956985721214,0.18169956985721214,0.18169956985721214,0.18169956985721214,399.9897603932009,399.9897603932009,,,0,0.001953125
tokens_per_trainable_parameter,efficiency,descriptive_only,mla_moe_220m,10m,25m,10000000,25000000,10,0.0633840981590314,0.0,0.0,0.0633840981590314,0.0633840981590314,0.0633840981590314,0.0633840981590314,0.0633840981590314,150.00000000000003,150.00000000000003,,,0,0.001953125
tokens_per_trainable_parameter,efficiency,descriptive_only,mla_moe_220m,25m,50m,25000000,50000000,10,0.10563583674343588,0.0,0.0,0.10563583674343588,0.10563583674343588,0.10563583674343588,0.10563583674343588,0.10563583674343588,99.99590415728035,99.99590415728035,,,0,0.001953125
tokens_per_trainable_parameter,efficiency,descriptive_only,mla_moe_220m,10m,50m,10000000,50000000,10,0.16901993490246728,0.0,0.0,0.16901993490246728,0.16901993490246728,0.16901993490246728,0.16901993490246728,0.16901993490246728,399.9897603932009,399.9897603932009,,,0,0.001953125
tokens_per_trainable_parameter,efficiency,descriptive_only,v3_routing_220m,10m,25m,10000000,25000000,10,0.06813908298999823,0.0,0.0,0.06813908298999823,0.06813908298999823,0.06813908298999823,0.06813908298999823,0.06813908298999823,150.00000000000003,150.00000000000003,,,0,0.001953125
tokens_per_trainable_parameter,efficiency,descriptive_only,v3_routing_220m,25m,50m,25000000,50000000,10,0.1135604868672139,0.0,0.0,0.1135604868672139,0.1135604868672139,0.1135604868672139,0.1135604868672139,0.1135604868672139,99.99590415728035,99.99590415728035,,,0,0.001953125
tokens_per_trainable_parameter,efficiency,descriptive_only,v3_routing_220m,10m,50m,10000000,50000000,10,0.18169956985721214,0.0,0.0,0.18169956985721214,0.18169956985721214,0.18169956985721214,0.18169956985721214,0.18169956985721214,399.9897603932009,399.9897603932009,,,0,0.001953125
total_parameters,efficiency,descriptive_only,dense_121m,10m,25m,10000000,25000000,10,0.0,0.0,0.0,0.0,0.0,0.0,0.0,0.0,0.0,0.0,,,10,1.0
total_parameters,efficiency,descriptive_only,dense_121m,25m,50m,25000000,50000000,10,0.0,0.0,0.0,0.0,0.0,0.0,0.0,0.0,0.0,0.0,,,10,1.0
total_parameters,efficiency,descriptive_only,dense_121m,10m,50m,10000000,50000000,10,0.0,0.0,0.0,0.0,0.0,0.0,0.0,0.0,0.0,0.0,,,10,1.0
total_parameters,efficiency,descriptive_only,mla_121m,10m,25m,10000000,25000000,10,0.0,0.0,0.0,0.0,0.0,0.0,0.0,0.0,0.0,0.0,,,10,1.0
total_parameters,efficiency,descriptive_only,mla_121m,25m,50m,25000000,50000000,10,0.0,0.0,0.0,0.0,0.0,0.0,0.0,0.0,0.0,0.0,,,10,1.0
total_parameters,efficiency,descriptive_only,mla_121m,10m,50m,10000000,50000000,10,0.0,0.0,0.0,0.0,0.0,0.0,0.0,0.0,0.0,0.0,,,10,1.0
total_parameters,efficiency,descriptive_only,mtp_121m,10m,25m,10000000,25000000,10,0.0,0.0,0.0,0.0,0.0,0.0,0.0,0.0,0.0,0.0,,,10,1.0
total_parameters,efficiency,descriptive_only,mtp_121m,25m,50m,25000000,50000000,10,0.0,0.0,0.0,0.0,0.0,0.0,0.0,0.0,0.0,0.0,,,10,1.0
total_parameters,efficiency,descriptive_only,mtp_121m,10m,50m,10000000,50000000,10,0.0,0.0,0.0,0.0,0.0,0.0,0.0,0.0,0.0,0.0,,,10,1.0
total_parameters,efficiency,descriptive_only,moe_220m,10m,25m,10000000,25000000,10,0.0,0.0,0.0,0.0,0.0,0.0,0.0,0.0,0.0,0.0,,,10,1.0
total_parameters,efficiency,descriptive_only,moe_220m,25m,50m,25000000,50000000,10,0.0,0.0,0.0,0.0,0.0,0.0,0.0,0.0,0.0,0.0,,,10,1.0
total_parameters,efficiency,descriptive_only,moe_220m,10m,50m,10000000,50000000,10,0.0,0.0,0.0,0.0,0.0,0.0,0.0,0.0,0.0,0.0,,,10,1.0
total_parameters,efficiency,descriptive_only,mla_moe_220m,10m,25m,10000000,25000000,10,0.0,0.0,0.0,0.0,0.0,0.0,0.0,0.0,0.0,0.0,,,10,1.0
total_parameters,efficiency,descriptive_only,mla_moe_220m,25m,50m,25000000,50000000,10,0.0,0.0,0.0,0.0,0.0,0.0,0.0,0.0,0.0,0.0,,,10,1.0
total_parameters,efficiency,descriptive_only,mla_moe_220m,10m,50m,10000000,50000000,10,0.0,0.0,0.0,0.0,0.0,0.0,0.0,0.0,0.0,0.0,,,10,1.0
total_parameters,efficiency,descriptive_only,v3_routing_220m,10m,25m,10000000,25000000,10,0.0,0.0,0.0,0.0,0.0,0.0,0.0,0.0,0.0,0.0,,,10,1.0
total_parameters,efficiency,descriptive_only,v3_routing_220m,25m,50m,25000000,50000000,10,0.0,0.0,0.0,0.0,0.0,0.0,0.0,0.0,0.0,0.0,,,10,1.0
total_parameters,efficiency,descriptive_only,v3_routing_220m,10m,50m,10000000,50000000,10,0.0,0.0,0.0,0.0,0.0,0.0,0.0,0.0,0.0,0.0,,,10,1.0
train_loss,optimization,lower_is_better,dense_121m,10m,25m,10000000,25000000,10,-0.40115723609924314,0.285728175483406,0.09035518262118451,-0.6055548596565261,-0.19675961254196023,-0.3302581310272217,-0.8791885375976562,-0.07039785385131836,-7.876486983914087,-6.68424522277431,10,0,0,0.001953125
train_loss,optimization,lower_is_better,dense_121m,25m,50m,25000000,50000000,10,-0.07854948043823243,0.29995186183930794,0.09485310718203556,-0.2931221162583132,0.1360231553818483,0.02425837516784668,-0.5998306274414062,0.19620275497436523,-1.5245716561981053,0.501157739137466,5,5,0,0.4453125
train_loss,optimization,lower_is_better,dense_121m,10m,50m,10000000,50000000,10,-0.4797067165374756,0.2561082648234371,0.08098854444356424,-0.6629155324504515,-0.29649790062449966,-0.5113763809204102,-0.8019728660583496,-0.07795143127441406,-9.478863830020149,-9.949987060840709,10,0,0,0.001953125
train_loss,optimization,lower_is_better,mla_121m,10m,25m,10000000,25000000,10,-0.36679930686950685,0.29856026891080617,0.09441304685905062,-0.5803764570779091,-0.1532221566611046,-0.23419499397277832,-0.8639578819274902,-0.06110811233520508,-7.122299802373206,-4.7834330235366735,10,0,0,0.001953125
train_loss,optimization,lower_is_better,mla_121m,25m,50m,25000000,50000000,10,-0.08061552047729492,0.2773688202279243,0.08771172238340243,-0.27903322152325805,0.11780218056866823,0.01372385025024414,-0.5933480262756348,0.22402000427246094,-1.5748185847937841,0.2884073881757133,4,6,0,0.41796875
train_loss,optimization,lower_is_better,mla_121m,10m,50m,10000000,50000000,10,-0.44741482734680177,0.27241141208166225,0.08614405228007631,-0.6422862122397108,-0.2525434424538927,-0.43412208557128906,-0.790217399597168,-0.04786825180053711,-8.753528384671105,-8.436653755978043,10,0,0,0.001953125
train_loss,optimization,lower_is_better,mtp_121m,10m,25m,10000000,25000000,10,-0.42826356887817385,0.32309398502474085,0.10217128909785148,-0.6593910823373592,-0.19713605541898854,-0.3633716106414795,-0.9331440925598145,-0.0028772354125976562,-6.011953402184313,-5.1240971531036354,10,0,0,0.001953125
train_loss,optimization,lower_is_better,mtp_121m,25m,50m,25000000,50000000,10,-0.08687524795532227,0.3482581206383569,0.11012888748669004,-0.3360040996080349,0.1622536036973904,-0.010799646377563477,-0.7122335433959961,0.26836729049682617,-1.210941706666559,-0.1794763504356577,5,5,0,0.458984375
train_loss,optimization,lower_is_better,mtp_121m,10m,50m,10000000,50000000,10,-0.515138816833496,0.306917782159829,0.09705592460324523,-0.7346945718611768,-0.29558306180581523,-0.480088472366333,-0.9576363563537598,-0.15421199798583984,-7.27437814715694,-6.702198204111115,10,0,0,0.001953125
train_loss,optimization,lower_is_better,moe_220m,10m,25m,10000000,25000000,10,-0.33379054069519043,0.2774991293381352,0.08775292974221606,-0.5323014592630515,-0.13527962212732939,-0.2493295669555664,-0.8072113990783691,-0.029014110565185547,-6.457016122260107,-4.890793259440092,10,0,0,0.001953125
train_loss,optimization,lower_is_better,moe_220m,25m,50m,25000000,50000000,10,-0.11230072975158692,0.2892320546428712,0.09146320650017516,-0.3192048774632166,0.09460341796004273,-0.020697593688964844,-0.6291956901550293,0.1837172508239746,-2.21950798445001,-0.4685976159017281,5,5,0,0.3125
train_loss,optimization,lower_is_better,moe_220m,10m,50m,10000000,50000000,10,-0.4460912704467773,0.26153328457868974,0.08270408632136499,-0.6331809117066024,-0.25900162918695224,-0.44580888748168945,-0.7534565925598145,-0.07230710983276367,-8.699265748253573,-8.627471278679632,10,0,0,0.001953125
train_loss,optimization,lower_is_better,mla_moe_220m,10m,25m,10000000,25000000,10,-0.3486766815185547,0.288061011972688,0.09109289029267273,-0.5547431157689037,-0.14261024726820573,-0.26610684394836426,-0.8275265693664551,0.002475261688232422,-6.692891109040984,-5.233699924503002,9,1,0,0.00390625
train_loss,optimization,lower_is_better,mla_moe_220m,25m,50m,25000000,50000000,10,-0.1022383689880371,0.28774873024727027,0.09099413814027599,-0.3080814103495057,0.10360467237343148,-0.03249359130859375,-0.6287064552307129,0.22425413131713867,-1.9738655468343513,-0.7122121686521934,5,5,0,0.3203125
train_loss,optimization,lower_is_better,mla_moe_220m,10m,50m,10000000,50000000,10,-0.4509150505065918,0.22361259834327918,0.07071251242731565,-0.6108778669894552,-0.29095223402372833,-0.4648001194000244,-0.7618203163146973,-0.11197900772094727,-8.739930912175293,-8.854965810743073,10,0,0,0.001953125
train_loss,optimization,lower_is_better,v3_routing_220m,10m,25m,10000000,25000000,10,-0.35933842658996584,0.28694615676511526,0.09074034212094977,-0.5646073414684405,-0.15406951171149125,-0.2861816883087158,-0.8675122261047363,-0.05429363250732422,-7.112325408198338,-5.7044652619465275,10,0,0,0.001953125
train_loss,optimization,lower_is_better,v3_routing_220m,25m,50m,25000000,50000000,10,-0.08298869132995605,0.2726077485454203,0.08620613932139816,-0.2780005268681047,0.11202314420819263,-0.05855512619018555,-0.5611371994018555,0.1926741600036621,-1.6530747042981766,-1.2785682863873837,6,4,0,0.396484375
train_loss,optimization,lower_is_better,v3_routing_220m,10m,50m,10000000,50000000,10,-0.44232711791992185,0.2393285214509844,0.07568232368255767,-0.6135324285313019,-0.27112180730854185,-0.44027042388916016,-0.7733669281005859,-0.1268305778503418,-8.836267476609066,-8.689376929580664,10,0,0,0.001953125
train_tokens_per_second,efficiency,higher_is_better,dense_121m,10m,25m,10000000,25000000,10,4.832169407858691,21.957012962414915,6.943417157507221,-10.874931448894964,20.539270264612348,-1.1657709343326133,-31.01989278740075,43.51216582309189,0.1168383746971335,-0.027863495713274164,4,6,0,0.484375
train_tokens_per_second,efficiency,higher_is_better,dense_121m,25m,50m,25000000,50000000,10,9.043083928548185,11.75654651919161,3.717746441836995,0.632957185891792,17.45321067120458,8.171978292074527,-6.428330577214183,30.134935000420228,0.21662917257365227,0.1954540032638809,8,2,0,0.03125
train_tokens_per_second,efficiency,higher_is_better,dense_121m,10m,50m,10000000,50000000,10,13.875253336406876,16.105421881030153,5.092981582196865,2.354128570532291,25.39637810228146,10.710641182944983,-10.230293429789526,45.90281934322593,0.33278879995113086,0.25586467733624574,8,2,0,0.01953125
train_tokens_per_second,efficiency,higher_is_better,mla_121m,10m,25m,10000000,25000000,10,-1.5666797219963429,23.524088088410323,7.438969823781304,-18.39479859227731,15.261439148284625,0.5932288932915526,-38.22353480879974,38.56460175296888,-0.041347072370888874,0.016168300473942215,5,5,0,0.83984375
train_tokens_per_second,efficiency,higher_is_better,mla_121m,25m,50m,25000000,50000000,10,5.9551498306736,17.62515054565295,5.573561982762284,-6.653123330612983,18.56342299196018,4.664638577983169,-17.331169428093745,42.18740935290634,0.1648105966505087,0.12762239109200105,7,3,0,0.328125
train_tokens_per_second,efficiency,higher_is_better,mla_121m,10m,50m,10000000,50000000,10,4.388470108677256,13.849482289257718,4.37959084482173,-5.518852690811092,14.295792908165605,4.705130198782399,-18.15031799100825,23.429621235245122,0.12112072648132818,0.1286796154711667,7,3,0,0.33203125
train_tokens_per_second,efficiency,higher_is_better,mtp_121m,10m,25m,10000000,25000000,10,-5.693339316713491,16.747398731646314,5.295992487501739,-17.67370665613803,6.287028022711048,-6.985009287301182,-32.763247323149244,20.094227400497857,-0.15673654622531635,-0.1925882867490043,3,7,0,0.302734375
train_tokens_per_second,efficiency,higher_is_better,mtp_121m,25m,50m,25000000,50000000,10,18.49132994237466,18.173213052797845,5.746874565034301,5.490996481708294,31.491663403041024,13.216452579178622,-9.83654418551987,45.62779643591011,0.5132892587007929,0.36546455587004667,8,2,0,0.01171875
train_tokens_per_second,efficiency,higher_is_better,mtp_121m,10m,50m,10000000,50000000,10,12.797990625661168,11.078336333699433,3.503277549988938,4.873026222883979,20.722955028438356,12.304841179544383,-7.088594712116446,29.337520938718626,0.354060714834174,0.339357140925668,9,1,0,0.009765625
train_tokens_per_second,efficiency,higher_is_better,moe_220m,10m,25m,10000000,25000000,10,-1.1651513931625233,18.73626462849978,5.9249271069707845,-14.568267686914744,12.237964900589699,-3.410575760325173,-28.481377381308448,32.98426603787175,-0.04830341830530854,-0.15634206692824174,4,6,0,0.8515625
train_tokens_per_second,efficiency,higher_is_better,moe_220m,25m,50m,25000000,50000000,10,7.543994348662318,15.749085385781758,4.980298088354195,-3.7222226444933924,18.81021134181803,6.029291633407638,-15.039263134116482,42.35505116602599,0.3476295927420398,0.2763397880447287,7,3,0,0.16015625
train_tokens_per_second,efficiency,higher_is_better,moe_220m,10m,50m,10000000,50000000,10,6.3788429554997945,23.17541777783974,7.328710590393171,-10.199852200213876,22.957538111213466,5.754839207284931,-34.04245838086672,39.171333397611306,0.29855250614149764,0.26346542505688225,6,4,0,0.400390625
train_tokens_per_second,efficiency,higher_is_better,mla_moe_220m,10m,25m,10000000,25000000,10,0.5174304452099022,14.424803270216735,4.561523313373016,-9.801452191146886,10.83631308156669,3.738966184669607,-29.63207401142222,19.333781093711195,0.027972266916595802,0.18293555899740793,6,4,0,0.919921875
train_tokens_per_second,efficiency,higher_is_better,mla_moe_220m,25m,50m,25000000,50000000,10,7.00483879162191,14.942911503553791,4.7253635225561235,-3.6846761474834286,17.694353730727247,6.102565783009936,-11.358655626251675,34.30058139930338,0.34524383690043725,0.2996213534598729,6,4,0,0.19140625
train_tokens_per_second,efficiency,higher_is_better,mla_moe_220m,10m,50m,10000000,50000000,10,7.5222692368318125,16.300525634985082,5.154678806451531,-4.1384243468117035,19.18296282047533,6.573035319977407,-20.001419190266006,30.125248992554816,0.37151691518988567,0.32186286934980735,7,3,0,0.177734375
train_tokens_per_second,efficiency,higher_is_better,v3_routing_220m,10m,25m,10000000,25000000,10,32.802469615314976,117.0108003542199,37.002063995857185,-50.90201448911391,116.50695371974386,-2.3072561731357837,-26.9696123648273,363.01995222492314,1.847596341490832,-0.10580959117797017,5,5,0,0.7578125
train_tokens_per_second,efficiency,higher_is_better,v3_routing_220m,25m,50m,25000000,50000000,10,8.561369794356096,14.664789167744798,4.637413517623862,-1.929188411128619,19.051927999840814,5.74231194719323,-13.3948408887818,36.14173665089584,0.39484035403552464,0.26344370443155485,8,2,0,0.099609375
train_tokens_per_second,efficiency,higher_is_better,v3_routing_220m,10m,50m,10000000,50000000,10,41.36383940967107,124.8241245710692,39.4728540581167,-47.92996013172744,130.6576389510696,-0.5436247888821981,-22.533381315683528,391.95346160684676,2.268774497554349,-0.024681328539024182,5,5,0,0.376953125
trainable_parameters,efficiency,descriptive_only,dense_121m,10m,25m,10000000,25000000,10,0.0,0.0,0.0,0.0,0.0,0.0,0.0,0.0,0.0,0.0,,,10,1.0
trainable_parameters,efficiency,descriptive_only,dense_121m,25m,50m,25000000,50000000,10,0.0,0.0,0.0,0.0,0.0,0.0,0.0,0.0,0.0,0.0,,,10,1.0
trainable_parameters,efficiency,descriptive_only,dense_121m,10m,50m,10000000,50000000,10,0.0,0.0,0.0,0.0,0.0,0.0,0.0,0.0,0.0,0.0,,,10,1.0
trainable_parameters,efficiency,descriptive_only,mla_121m,10m,25m,10000000,25000000,10,0.0,0.0,0.0,0.0,0.0,0.0,0.0,0.0,0.0,0.0,,,10,1.0
trainable_parameters,efficiency,descriptive_only,mla_121m,25m,50m,25000000,50000000,10,0.0,0.0,0.0,0.0,0.0,0.0,0.0,0.0,0.0,0.0,,,10,1.0
trainable_parameters,efficiency,descriptive_only,mla_121m,10m,50m,10000000,50000000,10,0.0,0.0,0.0,0.0,0.0,0.0,0.0,0.0,0.0,0.0,,,10,1.0
trainable_parameters,efficiency,descriptive_only,mtp_121m,10m,25m,10000000,25000000,10,0.0,0.0,0.0,0.0,0.0,0.0,0.0,0.0,0.0,0.0,,,10,1.0
trainable_parameters,efficiency,descriptive_only,mtp_121m,25m,50m,25000000,50000000,10,0.0,0.0,0.0,0.0,0.0,0.0,0.0,0.0,0.0,0.0,,,10,1.0
trainable_parameters,efficiency,descriptive_only,mtp_121m,10m,50m,10000000,50000000,10,0.0,0.0,0.0,0.0,0.0,0.0,0.0,0.0,0.0,0.0,,,10,1.0
trainable_parameters,efficiency,descriptive_only,moe_220m,10m,25m,10000000,25000000,10,0.0,0.0,0.0,0.0,0.0,0.0,0.0,0.0,0.0,0.0,,,10,1.0
trainable_parameters,efficiency,descriptive_only,moe_220m,25m,50m,25000000,50000000,10,0.0,0.0,0.0,0.0,0.0,0.0,0.0,0.0,0.0,0.0,,,10,1.0
trainable_parameters,efficiency,descriptive_only,moe_220m,10m,50m,10000000,50000000,10,0.0,0.0,0.0,0.0,0.0,0.0,0.0,0.0,0.0,0.0,,,10,1.0
trainable_parameters,efficiency,descriptive_only,mla_moe_220m,10m,25m,10000000,25000000,10,0.0,0.0,0.0,0.0,0.0,0.0,0.0,0.0,0.0,0.0,,,10,1.0
trainable_parameters,efficiency,descriptive_only,mla_moe_220m,25m,50m,25000000,50000000,10,0.0,0.0,0.0,0.0,0.0,0.0,0.0,0.0,0.0,0.0,,,10,1.0
trainable_parameters,efficiency,descriptive_only,mla_moe_220m,10m,50m,10000000,50000000,10,0.0,0.0,0.0,0.0,0.0,0.0,0.0,0.0,0.0,0.0,,,10,1.0
trainable_parameters,efficiency,descriptive_only,v3_routing_220m,10m,25m,10000000,25000000,10,0.0,0.0,0.0,0.0,0.0,0.0,0.0,0.0,0.0,0.0,,,10,1.0
trainable_parameters,efficiency,descriptive_only,v3_routing_220m,25m,50m,25000000,50000000,10,0.0,0.0,0.0,0.0,0.0,0.0,0.0,0.0,0.0,0.0,,,10,1.0
trainable_parameters,efficiency,descriptive_only,v3_routing_220m,10m,50m,10000000,50000000,10,0.0,0.0,0.0,0.0,0.0,0.0,0.0,0.0,0.0,0.0,,,10,1.0
validation_loss,quality,lower_is_better,dense_121m,10m,25m,10000000,25000000,10,-0.4259029803276063,0.012035621060482714,0.003805997560581654,-0.43451274497065084,-0.4172932156845618,-0.4234779691696171,-0.4463282823562622,-0.41018502712249827,-8.479040957559224,-8.420077686772819,10,0,0,0.001953125
validation_loss,quality,lower_is_better,dense_121m,25m,50m,25000000,50000000,10,-0.1795172753334044,0.008513347434781066,0.0026921568406259944,-0.18560735721364865,-0.17342719345316013,-0.17712441682815516,-0.1987166619300842,-0.1698273301124571,-3.904976671215178,-3.857755999660144,10,0,0,0.001953125
validation_loss,quality,lower_is_better,dense_121m,10m,50m,10000000,50000000,10,-0.6054202556610108,0.017133671862337524,0.00541814277669255,-0.6176769461520591,-0.5931635651699624,-0.600891046524048,-0.6311985230445858,-0.5846468162536613,-12.052800418017927,-11.976474859281161,10,0,0,0.001953125
validation_loss,quality,lower_is_better,mla_121m,10m,25m,10000000,25000000,10,-0.4349138369560242,0.018077610348935142,0.00571664233556663,-0.44784578036225464,-0.42198189354979376,-0.4361247134208681,-0.4626902198791498,-0.3959724235534674,-8.565144981898474,-8.584915153487705,10,0,0,0.001953125
validation_loss,quality,lower_is_better,mla_121m,25m,50m,25000000,50000000,10,-0.17639117860794046,0.008455378728923595,0.0026738255262737987,-0.18243979217412043,-0.17034256504176049,-0.17788402318954422,-0.19045670986175534,-0.16383826017379732,-3.7996523055917315,-3.833085897264468,10,0,0,0.001953125
validation_loss,quality,lower_is_better,mla_121m,10m,50m,10000000,50000000,10,-0.6113050155639647,0.025306712750817105,0.00800268523842072,-0.6294083472972197,-0.5932016838307096,-0.6157666707038878,-0.6531469297409052,-0.5598106837272647,-12.038983613811133,-12.118146330323139,10,0,0,0.001953125
validation_loss,quality,lower_is_better,mtp_121m,10m,25m,10000000,25000000,10,-0.4345396790504454,0.020318466914060012,0.006425263401120232,-0.44907463467578707,-0.4200047234251037,-0.4305974864959716,-0.4694966316223148,-0.3962826538085942,-8.651445667214078,-8.595331130006812,10,0,0,0.001953125
validation_loss,quality,lower_is_better,mtp_121m,25m,50m,25000000,50000000,10,-0.18775652623176597,0.010226766403006635,0.0032339874931988414,-0.1950723142037205,-0.18044073825981144,-0.19098983407020587,-0.19920943021774296,-0.1666227650642398,-4.092472330469692,-4.166488794668892,10,0,0,0.001953125
validation_loss,quality,lower_is_better,mtp_121m,10m,50m,10000000,50000000,10,-0.6222962052822114,0.026526692540737463,0.008388476721972927,-0.6412722579833086,-0.6033201525811143,-0.6203598809242252,-0.6617505097389227,-0.5694089889526364,-12.38954169997355,-12.33563640820378,10,0,0,0.001953125
validation_loss,quality,lower_is_better,moe_220m,10m,25m,10000000,25000000,10,-0.396079414844513,0.008831557811615185,0.002792783797215624,-0.4023971307153713,-0.38976169897365465,-0.3950816845893863,-0.4138759088516233,-0.3827892589569091,-7.969409386176858,-7.94134226881477,10,0,0,0.001953125
validation_loss,quality,lower_is_better,moe_220m,25m,50m,25000000,50000000,10,-0.1875150780677795,0.012091929768630506,0.0038238039375665246,-0.19616512353406282,-0.1788650326014962,-0.1845955133438113,-0.20996399402618326,-0.17513161182403536,-4.098936199348961,-4.030542356974889,10,0,0,0.001953125
validation_loss,quality,lower_is_better,moe_220m,10m,50m,10000000,50000000,10,-0.5835944929122925,0.010072276999338646,0.0031851336542036398,-0.5907997658224367,-0.5763892200021483,-0.5823055565357209,-0.5981086301803593,-0.5682917261123652,-11.741940075663516,-11.716018291702188,10,0,0,0.001953125
validation_loss,quality,lower_is_better,mla_moe_220m,10m,25m,10000000,25000000,10,-0.406475082874298,0.01724013609828185,0.0054518097241859145,-0.4188079332917662,-0.39414223245682983,-0.4100599551200861,-0.4417964601516724,-0.38249972820281997,-8.093317941250378,-8.14000716449494,10,0,0,0.001953125
validation_loss,quality,lower_is_better,mla_moe_220m,25m,50m,25000000,50000000,10,-0.1822339644432068,0.008106771974755761,0.002563586391184924,-0.18803319976033112,-0.1764347291260825,-0.18280987381935132,-0.19681613445282053,-0.16697341918945252,-3.948290354852491,-3.960594599531519,10,0,0,0.001953125
validation_loss,quality,lower_is_better,mla_moe_220m,10m,50m,10000000,50000000,10,-0.5887090473175048,0.021554897336104578,0.006816257031318641,-0.604128491983986,-0.5732896026510237,-0.5911542487144468,-0.6299610018730162,-0.5639993357658382,-11.72191169004337,-11.7638167143216,10,0,0,0.001953125
validation_loss,quality,lower_is_better,v3_routing_220m,10m,25m,10000000,25000000,10,-0.4035103049278259,0.011214535791806056,0.0035463476003586994,-0.4115327005535467,-0.39548790930210515,-0.40321727991104117,-0.4278869056701664,-0.386830592155456,-8.10317627208388,-8.089580978434766,10,0,0,0.001953125
validation_loss,quality,lower_is_better,v3_routing_220m,25m,50m,25000000,50000000,10,-0.1844786100387573,0.007786822573190866,0.002462409506689633,-0.19004896734191676,-0.17890825273559782,-0.18413306593894951,-0.19755297899246216,-0.171098601818084,-4.031422765743757,-4.0288587755803436,10,0,0,0.001953125
validation_loss,quality,lower_is_better,v3_routing_220m,10m,50m,10000000,50000000,10,-0.5879889149665832,0.014858913470928551,0.004698801012349234,-0.5986183413329637,-0.5773594886002028,-0.5848383939266202,-0.6165713858604436,-0.5655139398574827,-11.807874451273864,-11.761791258069962,10,0,0,0.001953125
validation_perplexity,quality,lower_is_better,dense_121m,10m,25m,10000000,25000000,10,-52.669843611275745,1.9629112232276884,0.6207270310106705,-54.074025710583484,-51.265661511968005,-52.42102275926126,-55.59687500644496,-49.999996213391725,-34.6777780460589,-34.52314694827702,10,0,0,0.001953125
validation_perplexity,quality,lower_is_better,dense_121m,25m,50m,25000000,50000000,10,-16.2991253940577,0.8501071993880651,0.2688275005373184,-16.907255449939953,-15.690995338175448,-16.010196288575735,-18.316563306598496,-15.466040183935121,-16.429930800597184,-16.232433902640658,10,0,0,0.001953125
validation_perplexity,quality,lower_is_better,dense_121m,10m,50m,10000000,50000000,10,-68.96896900533345,2.5279937601896814,0.7994218192892888,-70.77738679989015,-67.16055121077675,-68.56613422302817,-72.55886735669608,-65.87601581765311,-45.40830129016835,-45.16724102513049,10,0,0,0.001953125
validation_perplexity,quality,lower_is_better,mla_121m,10m,25m,10000000,25000000,10,-56.5801253908106,3.595979602922193,1.137148596474201,-59.15253423342558,-54.007716548195624,-57.16827928620328,-63.12144145544322,-49.35394865862149,-35.25839715983837,-35.34625021897761,10,0,0,0.0
validation_perplexity,quality,lower_is_better,mla_121m,25m,50m,25000000,50000000,10,-16.78208420590272,0.9497220752334954,0.30032849018796354,-17.461474451156608,-16.102693960648832,-16.845794522809427,-18.605568727846162,-15.35193028897217,-16.16830310069813,-16.2960185772981,10,0,0,0.001953125
validation_perplexity,quality,lower_is_better,mla_121m,10m,50m,10000000,50000000,10,-73.36220959671331,4.448420414928275,1.4067140501164637,-76.54441786111266,-70.18000133231396,-73.81915776536113,-81.72701018328938,-64.70587894759366,-45.72007979552459,-45.97723490758047,10,0,0,0.001953125
validation_perplexity,quality,lower_is_better,mtp_121m,10m,25m,10000000,25000000,10,-53.49871244869748,3.022617698093184,0.9558356421909646,-55.66096289308291,-51.336462004312054,-53.17151842659384,-58.7004256910603,-48.125203575386095,-35.231696398850914,-34.987919401385085,10,0,0,0.001953125
validation_perplexity,quality,lower_is_better,mtp_121m,25m,50m,25000000,50000000,10,-16.82166009228011,0.9606467274580234,0.30378316855543686,-17.508865362947944,-16.134454821612273,-17.06555297657487,-17.881359710641874,-14.666817864083413,-17.114437602230872,-17.385897693813817,10,0,0,0.001953125
validation_perplexity,quality,lower_is_better,mtp_121m,10m,50m,10000000,50000000,10,-70.32037254097759,3.602179047039462,1.1391090328379512,-72.89721619875492,-67.74352888320026,-70.62294741963385,-75.83501729303241,-63.85739702465021,-46.311868329941674,-46.22489122914419,10,0,0,0.001953125
validation_perplexity,quality,lower_is_better,moe_220m,10m,25m,10000000,25000000,10,-47.10291590829025,0.8089611192090703,0.2558159675219652,-47.68161183156358,-46.52421998501692,-47.117386223661846,-48.7109225978256,-45.84444597880545,-32.7023154580933,-32.63749822343324,10,0,0,0.001953125
validation_perplexity,quality,lower_is_better,moe_220m,25m,50m,25000000,50000000,10,-16.58148181448832,1.199984259530277,0.37946834164662896,-17.439898841577687,-15.723064787398954,-16.3572839709734,-18.80012474344602,-15.385364951294363,-17.09289813551953,-16.855585241663015,10,0,0,0.001953125
validation_perplexity,quality,lower_is_better,moe_220m,10m,50m,10000000,50000000,10,-63.68439772277857,1.312486941113829,0.4150448133146992,-64.62329432007691,-62.745501125480224,-63.58281269079131,-65.70560023871559,-61.62886927949506,-44.20850940303721,-44.13908706930427,10,0,0,0.001953125
validation_perplexity,quality,lower_is_better,mla_moe_220m,10m,25m,10000000,25000000,10,-50.68776275250466,2.867744253437472,0.9068603587721564,-52.73922340870696,-48.63630209630236,-51.31215264466006,-56.15143604667071,-46.84231459312237,-33.39174410495358,-33.638932782995155,10,0,0,0.0
validation_perplexity,quality,lower_is_better,mla_moe_220m,25m,50m,25000000,50000000,10,-16.830825611587947,0.8473403314449457,0.26795254006880215,-17.43697636937923,-16.224674853796664,-16.884746618054272,-18.500152656576034,-15.314929787578365,-16.65690123490719,-16.70729627060838,10,0,0,0.001953125
validation_perplexity,quality,lower_is_better,mla_moe_220m,10m,50m,10000000,50000000,10,-67.51858836409261,3.3833792003544123,1.0699184461159112,-69.93891204052242,-65.09826468766279,-67.92803371686463,-73.48933168072062,-63.52875394498248,-44.48409365083899,-44.63088283542425,10,0,0,0.001953125
validation_perplexity,quality,lower_is_better,v3_routing_220m,10m,25m,10000000,25000000,10,-48.282810010227756,1.7173371304640006,0.5430696842643978,-49.51131898635395,-47.05430103410156,-48.19103800085241,-51.99185319507073,-45.517392523075145,-33.19911486891046,-33.18330727749736,10,0,0,0.001953125
validation_perplexity,quality,lower_is_better,v3_routing_220m,25m,50m,25000000,50000000,10,-16.36027707764442,0.7030499972943436,0.2223239300425342,-16.863208748438865,-15.857345406849973,-16.249663778493094,-17.62725642448629,-15.336600395899154,-16.843958468481723,-16.81729816253246,10,0,0,0.001953125
validation_perplexity,quality,lower_is_better,v3_routing_220m,10m,50m,10000000,50000000,10,-64.64308708787217,2.0546867280112546,0.6497489938634453,-66.11292142832411,-63.17325274742023,-63.92639033673811,-68.73325108225444,-61.286751151110124,-44.450170591211744,-44.28040960121528,10,0,0,0.001953125
