metric,metric_group,budget,budget_tokens,model,group_seed_count,non_missing_seed_count,missing_seed_count,is_primary_metric,mean,std,standard_error,ci95_low,ci95_high,median,min,max,q25,q75,iqr
activated_parameters_per_token,efficiency,10m,10000000,dense_121m,10,10,0,True,120945408.0,0.0,0.0,120945408.0,120945408.0,120945408.0,120945408.0,120945408.0,120945408.0,120945408.0,0.0
activated_parameters_per_token,efficiency,10m,10000000,mla_121m,10,10,0,True,137460480.0,0.0,0.0,137460480.0,137460480.0,137460480.0,137460480.0,137460480.0,137460480.0,137460480.0,0.0
activated_parameters_per_token,efficiency,10m,10000000,mtp_121m,10,10,0,True,136305408.0,0.0,0.0,136305408.0,136305408.0,136305408.0,136305408.0,136305408.0,136305408.0,136305408.0,0.0
activated_parameters_per_token,efficiency,10m,10000000,moe_220m,10,10,0,True,78588672.0,0.0,0.0,78588672.0,78588672.0,78588672.0,78588672.0,78588672.0,78588672.0,78588672.0,0.0
activated_parameters_per_token,efficiency,10m,10000000,mla_moe_220m,10,10,0,True,95103744.0,0.0,0.0,95103744.0,95103744.0,95103744.0,95103744.0,95103744.0,95103744.0,95103744.0,0.0
activated_parameters_per_token,efficiency,10m,10000000,v3_routing_220m,10,10,0,True,78588672.0,0.0,0.0,78588672.0,78588672.0,78588672.0,78588672.0,78588672.0,78588672.0,78588672.0,0.0
activated_parameters_per_token,efficiency,25m,25000000,dense_121m,10,10,0,True,120945408.0,0.0,0.0,120945408.0,120945408.0,120945408.0,120945408.0,120945408.0,120945408.0,120945408.0,0.0
activated_parameters_per_token,efficiency,25m,25000000,mla_121m,10,10,0,True,137460480.0,0.0,0.0,137460480.0,137460480.0,137460480.0,137460480.0,137460480.0,137460480.0,137460480.0,0.0
activated_parameters_per_token,efficiency,25m,25000000,mtp_121m,10,10,0,True,136305408.0,0.0,0.0,136305408.0,136305408.0,136305408.0,136305408.0,136305408.0,136305408.0,136305408.0,0.0
activated_parameters_per_token,efficiency,25m,25000000,moe_220m,10,10,0,True,78588672.0,0.0,0.0,78588672.0,78588672.0,78588672.0,78588672.0,78588672.0,78588672.0,78588672.0,0.0
activated_parameters_per_token,efficiency,25m,25000000,mla_moe_220m,10,10,0,True,95103744.0,0.0,0.0,95103744.0,95103744.0,95103744.0,95103744.0,95103744.0,95103744.0,95103744.0,0.0
activated_parameters_per_token,efficiency,25m,25000000,v3_routing_220m,10,10,0,True,78588672.0,0.0,0.0,78588672.0,78588672.0,78588672.0,78588672.0,78588672.0,78588672.0,78588672.0,0.0
activated_parameters_per_token,efficiency,50m,50000000,dense_121m,10,10,0,True,120945408.0,0.0,0.0,120945408.0,120945408.0,120945408.0,120945408.0,120945408.0,120945408.0,120945408.0,0.0
activated_parameters_per_token,efficiency,50m,50000000,mla_121m,10,10,0,True,137460480.0,0.0,0.0,137460480.0,137460480.0,137460480.0,137460480.0,137460480.0,137460480.0,137460480.0,0.0
activated_parameters_per_token,efficiency,50m,50000000,mtp_121m,10,10,0,True,136305408.0,0.0,0.0,136305408.0,136305408.0,136305408.0,136305408.0,136305408.0,136305408.0,136305408.0,0.0
activated_parameters_per_token,efficiency,50m,50000000,moe_220m,10,10,0,True,78588672.0,0.0,0.0,78588672.0,78588672.0,78588672.0,78588672.0,78588672.0,78588672.0,78588672.0,0.0
activated_parameters_per_token,efficiency,50m,50000000,mla_moe_220m,10,10,0,True,95103744.0,0.0,0.0,95103744.0,95103744.0,95103744.0,95103744.0,95103744.0,95103744.0,95103744.0,0.0
activated_parameters_per_token,efficiency,50m,50000000,v3_routing_220m,10,10,0,True,78588672.0,0.0,0.0,78588672.0,78588672.0,78588672.0,78588672.0,78588672.0,78588672.0,78588672.0,0.0
active_end_to_end_tokens_per_second,efficiency,10m,10000000,dense_121m,10,10,0,False,3996.4187474271594,21.006940257566264,6.6429777884993575,3981.3912876409763,4011.4462072133424,3997.2798484952928,3947.6904291717615,4025.7583120742897,3993.3961446668395,4008.9057154476513,15.509570780811828
active_end_to_end_tokens_per_second,efficiency,10m,10000000,mla_121m,10,10,0,False,3498.167715380122,14.996204565719545,4.742216268548996,3487.440076880957,3508.895353879287,3499.01518064206,3472.246575479847,3516.9584155734847,3494.147114209493,3507.333530619934,13.186416410441325
active_end_to_end_tokens_per_second,efficiency,10m,10000000,mtp_121m,10,10,0,False,3481.063062120432,11.990318371479093,3.7916715924434836,3472.4857050688242,3489.6404191720394,3481.051845324142,3456.0638567781393,3495.1339678940826,3475.4870441757594,3490.6074039436267,15.120359767867285
active_end_to_end_tokens_per_second,efficiency,10m,10000000,moe_220m,10,10,0,False,2092.492299866983,15.045864237066443,4.757920035480157,2081.7291369789727,2103.2554627549935,2092.530065374705,2067.147245323982,2119.0160841818015,2082.8009641531244,2096.8250717892397,14.024107636115332
active_end_to_end_tokens_per_second,efficiency,10m,10000000,mla_moe_220m,10,10,0,False,1956.2882868455738,10.190812813143724,3.2226179697962074,1948.9982185224214,1963.5783551687261,1955.7650655978873,1944.4276072985178,1979.9747294924416,1949.678149643782,1959.4359955568075,9.757845913025449
active_end_to_end_tokens_per_second,efficiency,10m,10000000,v3_routing_220m,10,10,0,False,2061.1496890084636,116.39110694787351,36.806099734352905,1977.8885068618379,2144.4108711550894,2099.5201682064026,1732.706703893942,2122.9176117898705,2078.585174293721,2105.6865967342387,27.10142244051758
active_end_to_end_tokens_per_second,efficiency,25m,25000000,dense_121m,10,10,0,False,4102.152196490071,11.798643546995695,3.7310586908954293,4093.711955347855,4110.592437632287,4101.5734937679335,4082.6440831282816,4119.045870972471,4094.200902215587,4111.175555401637,16.97465318605009
active_end_to_end_tokens_per_second,efficiency,25m,25000000,mla_121m,10,10,0,False,3579.887709774277,15.861915963782018,5.015978249973606,3568.5407786479464,3591.2346409006077,3580.139161126961,3550.0835886012323,3600.3448859193054,3569.9473137612486,3590.5279471305075,20.580633369258976
active_end_to_end_tokens_per_second,efficiency,25m,25000000,mtp_121m,10,10,0,False,3548.2149201833113,14.693788905696062,4.6465840399712635,3537.7036168150125,3558.72622355161,3550.30313674583,3524.2057127188073,3566.861460704797,3540.7733958367508,3556.846028471857,16.0726326351064
active_end_to_end_tokens_per_second,efficiency,25m,25000000,moe_220m,10,10,0,False,2139.047964056026,7.128331809910078,2.254176443674627,2133.9486626678854,2144.147265444167,2138.3891142197526,2130.6570973710213,2152.657700734458,2134.472284298813,2141.6290008169162,7.156716518103167
active_end_to_end_tokens_per_second,efficiency,25m,25000000,mla_moe_220m,10,10,0,False,2001.485369343575,9.22571401353052,2.917426932408992,1994.8856911116525,2008.0850475754976,2005.4433187784398,1986.9925614078986,2011.361689706864,1994.821835690626,2008.680221131118,13.858385440492157
active_end_to_end_tokens_per_second,efficiency,25m,25000000,v3_routing_220m,10,10,0,False,2140.2057760457656,8.891855106812793,2.811851476172821,2133.844926088377,2146.566626003154,2140.348117136553,2127.66764864771,2154.0247751344427,2133.411607407436,2144.8312720231224,11.419664615686543
active_end_to_end_tokens_per_second,efficiency,50m,50000000,dense_121m,10,10,0,False,4144.729225586196,5.24310019150849,1.658013860563185,4140.978537655599,4148.479913516792,4146.1934438557055,4135.09562193564,4150.624680104747,4141.719859490306,4147.877604878857,6.15774538855112
active_end_to_end_tokens_per_second,efficiency,50m,50000000,mla_121m,10,10,0,False,3612.67636155506,5.912283719028133,1.869628272525989,3608.4469685667023,3616.9057545434175,3613.836433869349,3603.284451888953,3620.303161849727,3607.6855319208225,3616.5155945449123,8.830062624089805
active_end_to_end_tokens_per_second,efficiency,50m,50000000,mtp_121m,10,10,0,False,3590.313491540007,9.898677827453596,3.130236775896057,3583.2324039963382,3597.3945790836756,3594.310342070668,3574.9759703548,3599.9411912654687,3581.642215715802,3598.276825735776,16.634610019973934
active_end_to_end_tokens_per_second,efficiency,50m,50000000,moe_220m,10,10,0,False,2161.9916391416164,11.83707927683447,3.7432131358775713,2153.5239027346247,2170.459375548608,2160.6669197765614,2151.389730970152,2192.5059293530353,2154.593902979656,2163.833782415554,9.239879435898274
active_end_to_end_tokens_per_second,efficiency,50m,50000000,mla_moe_220m,10,10,0,False,2023.6298582640982,11.131855018584325,3.5202016441502466,2015.6666089004912,2031.5931076277052,2024.383149145347,2003.257256567443,2041.092765706416,2018.6728968736343,2030.9019179971115,12.229021123477196
active_end_to_end_tokens_per_second,efficiency,50m,50000000,v3_routing_220m,10,10,0,False,2164.2627648621424,8.14628725230675,2.5760822191284087,2158.4352620183313,2170.0902677059535,2161.597703017369,2155.4046928004777,2178.0211024795753,2158.578826779626,2167.148895535071,8.570068755444936
evaluation_peak_memory_bytes,efficiency,10m,10000000,dense_121m,10,10,0,False,2155770368.0,0.0,0.0,2155770368.0,2155770368.0,2155770368.0,2155770368.0,2155770368.0,2155770368.0,2155770368.0,0.0
evaluation_peak_memory_bytes,efficiency,10m,10000000,mla_121m,10,10,0,False,2471604736.0,0.0,0.0,2471604736.0,2471604736.0,2471604736.0,2471604736.0,2471604736.0,2471604736.0,2471604736.0,0.0
evaluation_peak_memory_bytes,efficiency,10m,10000000,mtp_121m,10,10,0,False,2407363072.0,0.0,0.0,2407363072.0,2407363072.0,2407363072.0,2407363072.0,2407363072.0,2407363072.0,2407363072.0,0.0
evaluation_peak_memory_bytes,efficiency,10m,10000000,moe_220m,10,10,0,False,3797211033.6,3008866.33223889,951487.0784871811,3795058620.2901444,3799363446.9098554,3797250560.0,3792028160.0,3800865280.0,3795325440.0,3800068608.0,4743168.0
evaluation_peak_memory_bytes,efficiency,10m,10000000,mla_moe_220m,10,10,0,False,4094936166.4,3315731.8952391925,1048526.4899422659,4092564234.6904535,4097308098.1095467,4094561792.0,4090327552.0,4099895808.0,4092654080.0,4097798656.0,5144576.0
evaluation_peak_memory_bytes,efficiency,10m,10000000,v3_routing_220m,10,10,0,False,3796297420.8,3521405.389688005,1113566.1596206904,3793778359.1358285,3798816482.464172,3796994560.0,3790440960.0,3800664576.0,3794907648.0,3798362624.0,3454976.0
evaluation_peak_memory_bytes,efficiency,25m,25000000,dense_121m,10,10,0,False,2155770368.0,0.0,0.0,2155770368.0,2155770368.0,2155770368.0,2155770368.0,2155770368.0,2155770368.0,2155770368.0,0.0
evaluation_peak_memory_bytes,efficiency,25m,25000000,mla_121m,10,10,0,False,2471604736.0,0.0,0.0,2471604736.0,2471604736.0,2471604736.0,2471604736.0,2471604736.0,2471604736.0,2471604736.0,0.0
evaluation_peak_memory_bytes,efficiency,25m,25000000,mtp_121m,10,10,0,False,2407363072.0,0.0,0.0,2407363072.0,2407363072.0,2407363072.0,2407363072.0,2407363072.0,2407363072.0,2407363072.0,0.0
evaluation_peak_memory_bytes,efficiency,25m,25000000,moe_220m,10,10,0,False,3797211033.6,3008866.33223889,951487.0784871811,3795058620.2901444,3799363446.9098554,3797250560.0,3792028160.0,3800865280.0,3795325440.0,3800068608.0,4743168.0
evaluation_peak_memory_bytes,efficiency,25m,25000000,mla_moe_220m,10,10,0,False,4095368704.0,2951282.446697518,933277.4550038637,4093257483.7203383,4097479924.2796617,4094823936.0,4090982912.0,4099895808.0,4093735424.0,4097962496.0,4227072.0
evaluation_peak_memory_bytes,efficiency,25m,25000000,v3_routing_220m,10,10,0,False,3796297420.8,3521405.389688005,1113566.1596206904,3793778359.1358285,3798816482.464172,3796994560.0,3790440960.0,3800664576.0,3794907648.0,3798362624.0,3454976.0
evaluation_peak_memory_bytes,efficiency,50m,50000000,dense_121m,10,10,0,False,2155770368.0,0.0,0.0,2155770368.0,2155770368.0,2155770368.0,2155770368.0,2155770368.0,2155770368.0,2155770368.0,0.0
evaluation_peak_memory_bytes,efficiency,50m,50000000,mla_121m,10,10,0,False,2471604736.0,0.0,0.0,2471604736.0,2471604736.0,2471604736.0,2471604736.0,2471604736.0,2471604736.0,2471604736.0,0.0
evaluation_peak_memory_bytes,efficiency,50m,50000000,mtp_121m,10,10,0,False,2407363072.0,0.0,0.0,2407363072.0,2407363072.0,2407363072.0,2407363072.0,2407363072.0,2407363072.0,2407363072.0,0.0
evaluation_peak_memory_bytes,efficiency,50m,50000000,moe_220m,10,10,0,False,3797211033.6,3008866.33223889,951487.0784871811,3795058620.2901444,3799363446.9098554,3797250560.0,3792028160.0,3800865280.0,3795325440.0,3800068608.0,4743168.0
evaluation_peak_memory_bytes,efficiency,50m,50000000,mla_moe_220m,10,10,0,False,4094936166.4,3315731.8952391925,1048526.4899422659,4092564234.6904535,4097308098.1095467,4094561792.0,4090327552.0,4099895808.0,4092654080.0,4097798656.0,5144576.0
evaluation_peak_memory_bytes,efficiency,50m,50000000,v3_routing_220m,10,10,0,False,3796785356.8,3009511.8255125256,951691.2013830817,3794632481.732074,3798938231.8679266,3796994560.0,3790440960.0,3800664576.0,3795302656.0,3798362624.0,3059968.0
expert_bias_mean,routing,10m,10000000,dense_121m,10,0,10,False,,,,,,,,,,,
expert_bias_mean,routing,10m,10000000,mla_121m,10,0,10,False,,,,,,,,,,,
expert_bias_mean,routing,10m,10000000,mtp_121m,10,0,10,False,,,,,,,,,,,
expert_bias_mean,routing,10m,10000000,moe_220m,10,0,10,False,,,,,,,,,,,
expert_bias_mean,routing,10m,10000000,mla_moe_220m,10,0,10,False,,,,,,,,,,,
expert_bias_mean,routing,10m,10000000,v3_routing_220m,10,0,10,False,,,,,,,,,,,
expert_bias_mean,routing,25m,25000000,dense_121m,10,0,10,False,,,,,,,,,,,
expert_bias_mean,routing,25m,25000000,mla_121m,10,0,10,False,,,,,,,,,,,
expert_bias_mean,routing,25m,25000000,mtp_121m,10,0,10,False,,,,,,,,,,,
expert_bias_mean,routing,25m,25000000,moe_220m,10,0,10,False,,,,,,,,,,,
expert_bias_mean,routing,25m,25000000,mla_moe_220m,10,0,10,False,,,,,,,,,,,
expert_bias_mean,routing,25m,25000000,v3_routing_220m,10,0,10,False,,,,,,,,,,,
expert_bias_mean,routing,50m,50000000,dense_121m,10,0,10,False,,,,,,,,,,,
expert_bias_mean,routing,50m,50000000,mla_121m,10,0,10,False,,,,,,,,,,,
expert_bias_mean,routing,50m,50000000,mtp_121m,10,0,10,False,,,,,,,,,,,
expert_bias_mean,routing,50m,50000000,moe_220m,10,0,10,False,,,,,,,,,,,
expert_bias_mean,routing,50m,50000000,mla_moe_220m,10,0,10,False,,,,,,,,,,,
expert_bias_mean,routing,50m,50000000,v3_routing_220m,10,0,10,False,,,,,,,,,,,
expert_bias_std,routing,10m,10000000,dense_121m,10,0,10,False,,,,,,,,,,,
expert_bias_std,routing,10m,10000000,mla_121m,10,0,10,False,,,,,,,,,,,
expert_bias_std,routing,10m,10000000,mtp_121m,10,0,10,False,,,,,,,,,,,
expert_bias_std,routing,10m,10000000,moe_220m,10,0,10,False,,,,,,,,,,,
expert_bias_std,routing,10m,10000000,mla_moe_220m,10,0,10,False,,,,,,,,,,,
expert_bias_std,routing,10m,10000000,v3_routing_220m,10,0,10,False,,,,,,,,,,,
expert_bias_std,routing,25m,25000000,dense_121m,10,0,10,False,,,,,,,,,,,
expert_bias_std,routing,25m,25000000,mla_121m,10,0,10,False,,,,,,,,,,,
expert_bias_std,routing,25m,25000000,mtp_121m,10,0,10,False,,,,,,,,,,,
expert_bias_std,routing,25m,25000000,moe_220m,10,0,10,False,,,,,,,,,,,
expert_bias_std,routing,25m,25000000,mla_moe_220m,10,0,10,False,,,,,,,,,,,
expert_bias_std,routing,25m,25000000,v3_routing_220m,10,0,10,False,,,,,,,,,,,
expert_bias_std,routing,50m,50000000,dense_121m,10,0,10,False,,,,,,,,,,,
expert_bias_std,routing,50m,50000000,mla_121m,10,0,10,False,,,,,,,,,,,
expert_bias_std,routing,50m,50000000,mtp_121m,10,0,10,False,,,,,,,,,,,
expert_bias_std,routing,50m,50000000,moe_220m,10,0,10,False,,,,,,,,,,,
expert_bias_std,routing,50m,50000000,mla_moe_220m,10,0,10,False,,,,,,,,,,,
expert_bias_std,routing,50m,50000000,v3_routing_220m,10,0,10,False,,,,,,,,,,,
final_aux_loss,optimization,10m,10000000,dense_121m,10,0,10,False,,,,,,,,,,,
final_aux_loss,optimization,10m,10000000,mla_121m,10,0,10,False,,,,,,,,,,,
final_aux_loss,optimization,10m,10000000,mtp_121m,10,0,10,False,,,,,,,,,,,
final_aux_loss,optimization,10m,10000000,moe_220m,10,10,0,False,0.12207202464342118,0.0006544557163487522,0.00020695706913791525,0.12160385522709097,0.12254019405975139,0.12199296802282333,0.12129168957471848,0.1234510987997055,0.12156615033745766,0.12237385660409927,0.0008077062666416168
final_aux_loss,optimization,10m,10000000,mla_moe_220m,10,10,0,False,0.12214449420571327,0.00046169596158127286,0.00014600108250984175,0.1218142168111457,0.12247477160028085,0.12201697751879692,0.12163673341274261,0.122934989631176,0.12175889499485493,0.12250477075576782,0.0007458757609128952
final_aux_loss,optimization,10m,10000000,v3_routing_220m,10,10,0,False,0.0,0.0,0.0,0.0,0.0,0.0,0.0,0.0,0.0,0.0,0.0
final_aux_loss,optimization,25m,25000000,dense_121m,10,0,10,False,,,,,,,,,,,
final_aux_loss,optimization,25m,25000000,mla_121m,10,0,10,False,,,,,,,,,,,
final_aux_loss,optimization,25m,25000000,mtp_121m,10,0,10,False,,,,,,,,,,,
final_aux_loss,optimization,25m,25000000,moe_220m,10,10,0,False,0.12186619192361832,0.0004709036432186282,0.0001489128071042169,0.12152932775040365,0.12220305609683299,0.1217568889260292,0.1213209331035614,0.12256792187690735,0.12143878266215324,0.12232513539493084,0.0008863527327775955
final_aux_loss,optimization,25m,25000000,mla_moe_220m,10,10,0,False,0.1218333326280117,0.0006054635108168729,0.0001914643734303313,0.12140021012424657,0.12226645513177684,0.1217595562338829,0.12108096480369568,0.12321703135967255,0.12145174294710159,0.12197357043623924,0.0005218274891376495
final_aux_loss,optimization,25m,25000000,v3_routing_220m,10,10,0,False,0.0,0.0,0.0,0.0,0.0,0.0,0.0,0.0,0.0,0.0,0.0
final_aux_loss,optimization,50m,50000000,dense_121m,10,0,10,False,,,,,,,,,,,
final_aux_loss,optimization,50m,50000000,mla_121m,10,0,10,False,,,,,,,,,,,
final_aux_loss,optimization,50m,50000000,mtp_121m,10,0,10,False,,,,,,,,,,,
final_aux_loss,optimization,50m,50000000,moe_220m,10,10,0,False,0.12118193209171295,0.00033956608030929184,0.00010738022299130154,0.12093902115113644,0.12142484303228945,0.12113400548696518,0.1207607239484787,0.12200099229812622,0.12101766280829906,0.1211806870996952,0.00016302429139614105
final_aux_loss,optimization,50m,50000000,mla_moe_220m,10,10,0,False,0.12134130597114563,0.0003093768043673874,9.783353570252723e-05,0.12111999113759989,0.12156262080469138,0.12124654278159142,0.12102862447500229,0.12188736349344254,0.12108805030584335,0.12154656834900379,0.00045851804316043854
final_aux_loss,optimization,50m,50000000,v3_routing_220m,10,10,0,False,0.0,0.0,0.0,0.0,0.0,0.0,0.0,0.0,0.0,0.0,0.0
lm_loss,optimization,10m,10000000,dense_121m,10,10,0,False,5.0202264308929445,0.15589870361276545,0.049299498768385956,4.9087032166345,5.131749645151389,5.067473411560059,4.760186672210693,5.212094783782959,4.882511734962463,5.127435088157654,0.24492335319519043
lm_loss,optimization,10m,10000000,mla_121m,10,10,0,False,5.044100761413574,0.18250164673072947,0.05771208804005273,4.91354694807703,5.174654574750118,5.038357496261597,4.772636413574219,5.314332008361816,4.888896226882935,5.2013455629348755,0.3124493360519409
lm_loss,optimization,10m,10000000,mtp_121m,10,10,0,False,4.998446941375732,0.15977810762496603,0.0505262740326409,4.88414856866618,5.112745314085285,5.011975049972534,4.751641273498535,5.234853267669678,4.882624864578247,5.11231541633606,0.2296905517578125
lm_loss,optimization,10m,10000000,moe_220m,10,10,0,False,4.956541395187378,0.1662699495217881,0.05257917469300746,4.837599038544581,5.075483751830174,4.994378566741943,4.666083812713623,5.1424713134765625,4.821992635726929,5.106807351112366,0.284814715385437
lm_loss,optimization,10m,10000000,mla_moe_220m,10,10,0,False,5.0029520988464355,0.15107708277988754,0.04777476838382473,4.894878064348674,5.111026133344197,5.068974018096924,4.741405010223389,5.181750774383545,4.877451539039612,5.10376501083374,0.22631347179412842
lm_loss,optimization,10m,10000000,v3_routing_220m,10,10,0,False,4.962110185623169,0.16119750634225188,0.05097512731809537,4.846796436238906,5.077423935007433,4.996932744979858,4.6898980140686035,5.193730354309082,4.8345736265182495,5.060356974601746,0.2257833480834961
lm_loss,optimization,25m,25000000,dense_121m,10,10,0,False,4.619069194793701,0.19522136960460273,0.061734417588810944,4.479416239857529,4.758722149729873,4.616611957550049,4.319053649902344,4.912210464477539,4.5138328075408936,4.770108461380005,0.25627565383911133
lm_loss,optimization,25m,25000000,mla_121m,10,10,0,False,4.677301454544067,0.18000433862530624,0.056922369876819,4.548534107807029,4.806068801281105,4.690557479858398,4.399806022644043,4.953968048095703,4.566040396690369,4.813254475593567,0.24721407890319824
lm_loss,optimization,25m,25000000,mtp_121m,10,10,0,False,4.612645673751831,0.1792942530979992,0.05669782111683781,4.484386291600568,4.740905055903093,4.619427919387817,4.308104038238525,4.851064205169678,4.511972665786743,4.75785505771637,0.24588239192962646
lm_loss,optimization,25m,25000000,moe_220m,10,10,0,False,4.6229567527771,0.18768222488814973,0.05935033069744937,4.488696977078818,4.757216528475381,4.633471250534058,4.336154937744141,4.922764778137207,4.5339027643203735,4.753029465675354,0.21912670135498047
lm_loss,optimization,25m,25000000,mla_moe_220m,10,10,0,False,4.65458664894104,0.19572523569631328,0.06189375403736421,4.514573249916487,4.794600047965592,4.679399013519287,4.3401947021484375,4.939309597015381,4.542048215866089,4.77481210231781,0.2327638864517212
lm_loss,optimization,25m,25000000,v3_routing_220m,10,10,0,False,4.602771759033203,0.18361323867498638,0.05806360427730741,4.471422760722733,4.734120757343673,4.608328819274902,4.326218128204346,4.852590560913086,4.50157904624939,4.758385896682739,0.2568068504333496
lm_loss,optimization,50m,50000000,dense_121m,10,10,0,False,4.540519714355469,0.20679121327384725,0.0653931234055002,4.392590191849711,4.688449236861227,4.515610218048096,4.18446159362793,4.817912578582764,4.433498024940491,4.694680690765381,0.26118266582489014
lm_loss,optimization,50m,50000000,mla_121m,10,10,0,False,4.596685934066772,0.18839992968809424,0.059577288882995384,4.461912743283415,4.731459124850129,4.599862813949585,4.279387474060059,4.830804347991943,4.484267711639404,4.756192207336426,0.2719244956970215
lm_loss,optimization,50m,50000000,mtp_121m,10,10,0,False,4.524714088439941,0.1995213926970213,0.06309420428514728,4.3819850822888515,4.667443094591031,4.528438329696655,4.180447101593018,4.765608787536621,4.432232975959778,4.694135546684265,0.2619025707244873
lm_loss,optimization,50m,50000000,moe_220m,10,10,0,False,4.5113402843475345,0.20766384195909177,0.06566907282519728,4.362786520885455,4.6598940478096145,4.483053922653198,4.148901462554932,4.792971611022949,4.400134325027466,4.658010363578796,0.25787603855133057
lm_loss,optimization,50m,50000000,mla_moe_220m,10,10,0,False,4.552840232849121,0.18731265820449516,0.05923346345068303,4.418844829230202,4.68683563646804,4.565815210342407,4.25002384185791,4.802031993865967,4.446375608444214,4.689852833747864,0.2434772253036499
lm_loss,optimization,50m,50000000,v3_routing_220m,10,10,0,False,4.519783067703247,0.190214645579868,0.06015115243540625,4.383711707374367,4.655854428032127,4.49223256111145,4.213029861450195,4.75701379776001,4.422340273857117,4.701688885688782,0.27934861183166504
mean_aux_loss,routing,10m,10000000,dense_121m,10,0,10,False,,,,,,,,,,,
mean_aux_loss,routing,10m,10000000,mla_121m,10,0,10,False,,,,,,,,,,,
mean_aux_loss,routing,10m,10000000,mtp_121m,10,0,10,False,,,,,,,,,,,
mean_aux_loss,routing,10m,10000000,moe_220m,10,10,0,False,0.010058350342224107,9.499632497014543e-06,3.0040475625118645e-06,0.010051554714513357,0.010065145969934857,0.010060986740934062,0.010044950556015628,0.01007213354209217,0.010049512498430661,0.010063192792625365,1.368029419470361e-05
mean_aux_loss,routing,10m,10000000,mla_moe_220m,10,10,0,False,0.010053555162755846,1.2773255528967675e-05,4.039258060687671e-06,0.010044417726201701,0.01006269259930999,0.010051805334823055,0.010034488288334906,0.010073821459145621,0.010044164680847577,0.010063682588135192,1.9517907287614975e-05
mean_aux_loss,routing,10m,10000000,v3_routing_220m,10,10,0,False,0.0,0.0,0.0,0.0,0.0,0.0,0.0,0.0,0.0,0.0,0.0
mean_aux_loss,routing,25m,25000000,dense_121m,10,0,10,False,,,,,,,,,,,
mean_aux_loss,routing,25m,25000000,mla_121m,10,0,10,False,,,,,,,,,,,
mean_aux_loss,routing,25m,25000000,mtp_121m,10,0,10,False,,,,,,,,,,,
mean_aux_loss,routing,25m,25000000,moe_220m,10,10,0,False,0.010036166993438586,9.3863829794668e-06,2.968234920575257e-06,0.01002945237955231,0.010042881607324862,0.010033261477826006,0.010025387893445143,0.010053319731794534,0.010029355890591694,0.010043357906507067,1.4002015915372257e-05
mean_aux_loss,routing,25m,25000000,mla_moe_220m,10,10,0,False,0.010034872176820663,6.919797573788412e-06,2.188232128047845e-06,0.010029922051838459,0.010039822301802866,0.010032972409568998,0.010025612943822714,0.010048972783651019,0.010029859448745806,0.010039492030022608,9.632581276801735e-06
mean_aux_loss,routing,25m,25000000,v3_routing_220m,10,10,0,False,0.0,0.0,0.0,0.0,0.0,0.0,0.0,0.0,0.0,0.0,0.0
mean_aux_loss,routing,50m,50000000,dense_121m,10,0,10,False,,,,,,,,,,,
mean_aux_loss,routing,50m,50000000,mla_121m,10,0,10,False,,,,,,,,,,,
mean_aux_loss,routing,50m,50000000,mtp_121m,10,0,10,False,,,,,,,,,,,
mean_aux_loss,routing,50m,50000000,moe_220m,10,10,0,False,0.010030385190055922,9.059320292764991e-06,2.864808617812079e-06,0.010023904542721255,0.010036865837390588,0.010028618734834932,0.010017988935070226,0.010050015933201715,0.010026674238217688,0.010034687178972258,8.01294075456968e-06
mean_aux_loss,routing,50m,50000000,mla_moe_220m,10,10,0,False,0.010031609092440552,5.283829033968592e-06,1.6708934514267947e-06,0.01002782926885123,0.010035388916029874,0.010031537060815122,0.010025625265251246,0.010039796964570196,0.010026798128613063,0.01003455220996931,7.754081356246834e-06
mean_aux_loss,routing,50m,50000000,v3_routing_220m,10,10,0,False,0.0,0.0,0.0,0.0,0.0,0.0,0.0,0.0,0.0,0.0,0.0
mean_expert_load_variance,routing,10m,10000000,dense_121m,10,0,10,False,,,,,,,,,,,
mean_expert_load_variance,routing,10m,10000000,mla_121m,10,0,10,False,,,,,,,,,,,
mean_expert_load_variance,routing,10m,10000000,mtp_121m,10,0,10,False,,,,,,,,,,,
mean_expert_load_variance,routing,10m,10000000,moe_220m,10,10,0,False,6.248592423068153e-05,7.55189215126071e-06,2.3881179841932663e-06,5.708362602726815e-05,6.78882224340949e-05,6.126636531617907e-05,5.195298592249553e-05,7.64413035578198e-05,5.762639840443929e-05,6.773024507694773e-05,1.0103846672508438e-05
mean_expert_load_variance,routing,10m,10000000,mla_moe_220m,10,10,0,False,6.085380183325875e-05,4.602262398655472e-06,1.455363156950114e-06,5.7561541643374703e-05,6.414606202314278e-05,6.233502808544373e-05,5.209624767303467e-05,6.643445061312783e-05,5.820323369569248e-05,6.39161975019508e-05,5.712963806258323e-06
mean_expert_load_variance,routing,10m,10000000,v3_routing_220m,10,10,0,False,7.5958042939504e-05,1.5143185288286503e-05,4.788695654093886e-06,6.512526076540886e-05,8.679082511359914e-05,7.363528261582057e-05,5.308208763599396e-05,9.544124172793495e-05,6.58739949266116e-05,9.001871537831094e-05,2.4144720451699348e-05
mean_expert_load_variance,routing,25m,25000000,dense_121m,10,0,10,False,,,,,,,,,,,
mean_expert_load_variance,routing,25m,25000000,mla_121m,10,0,10,False,,,,,,,,,,,
mean_expert_load_variance,routing,25m,25000000,mtp_121m,10,0,10,False,,,,,,,,,,,
mean_expert_load_variance,routing,25m,25000000,moe_220m,10,10,0,False,4.8944900433222454e-05,7.057593542888876e-06,2.2318070395226098e-06,4.3896202152910616e-05,5.399359871353429e-05,4.7900545597076414e-05,3.753028081523048e-05,5.933966471089256e-05,4.497425713472896e-05,5.352244021164046e-05,8.5481830769115e-06
mean_expert_load_variance,routing,25m,25000000,mla_moe_220m,10,10,0,False,4.921171009540558e-05,5.63883914114216e-06,1.7831575045316901e-06,4.5177927574233864e-05,5.3245492616577293e-05,4.8932477831840513e-05,4.257452819082471e-05,6.080831487973531e-05,4.492267560627725e-05,5.1152013407813184e-05,6.229337801535934e-06
mean_expert_load_variance,routing,25m,25000000,v3_routing_220m,10,10,0,False,5.191549926996231e-05,1.1721667203235315e-05,3.70671663367194e-06,4.353032368685015e-05,6.0300674853074466e-05,4.9105211595694225e-05,3.6039568649397954e-05,7.003426651159922e-05,4.3642434808943e-05,5.9352612992127744e-05,1.5710178183184743e-05
mean_expert_load_variance,routing,50m,50000000,dense_121m,10,0,10,False,,,,,,,,,,,
mean_expert_load_variance,routing,50m,50000000,mla_121m,10,0,10,False,,,,,,,,,,,
mean_expert_load_variance,routing,50m,50000000,mtp_121m,10,0,10,False,,,,,,,,,,,
mean_expert_load_variance,routing,50m,50000000,moe_220m,10,10,0,False,4.7733711037370894e-05,7.6157783190630716e-06,2.4083205643167843e-06,4.228571142262526e-05,5.318171065211653e-05,4.842327154344983e-05,3.434417711363898e-05,5.608355734083387e-05,4.65433017247253e-05,5.327030304405424e-05,6.727001319328942e-06
mean_expert_load_variance,routing,50m,50000000,mla_moe_220m,10,10,0,False,5.0932886302471166e-05,8.763126755343527e-06,2.7711439971646648e-06,4.466412306029842e-05,5.720164954464391e-05,5.1773689687252046e-05,3.698573807875315e-05,6.562320192654928e-05,4.457445202602281e-05,5.337947532534598e-05,8.805023299323172e-06
mean_expert_load_variance,routing,50m,50000000,v3_routing_220m,10,10,0,False,5.3922664191987776e-05,1.289719972628893e-05,4.078452657317322e-06,4.4696563300337365e-05,6.31487650836382e-05,5.303011933962505e-05,3.079439434740279e-05,7.195513314670987e-05,4.603743412428432e-05,6.27344158788522e-05,1.6696981754567884e-05
mean_router_probability,routing,10m,10000000,dense_121m,10,0,10,False,,,,,,,,,,,
mean_router_probability,routing,10m,10000000,mla_121m,10,0,10,False,,,,,,,,,,,
mean_router_probability,routing,10m,10000000,mtp_121m,10,0,10,False,,,,,,,,,,,
mean_router_probability,routing,10m,10000000,moe_220m,10,0,10,False,,,,,,,,,,,
mean_router_probability,routing,10m,10000000,mla_moe_220m,10,0,10,False,,,,,,,,,,,
mean_router_probability,routing,10m,10000000,v3_routing_220m,10,0,10,False,,,,,,,,,,,
mean_router_probability,routing,25m,25000000,dense_121m,10,0,10,False,,,,,,,,,,,
mean_router_probability,routing,25m,25000000,mla_121m,10,0,10,False,,,,,,,,,,,
mean_router_probability,routing,25m,25000000,mtp_121m,10,0,10,False,,,,,,,,,,,
mean_router_probability,routing,25m,25000000,moe_220m,10,0,10,False,,,,,,,,,,,
mean_router_probability,routing,25m,25000000,mla_moe_220m,10,0,10,False,,,,,,,,,,,
mean_router_probability,routing,25m,25000000,v3_routing_220m,10,0,10,False,,,,,,,,,,,
mean_router_probability,routing,50m,50000000,dense_121m,10,0,10,False,,,,,,,,,,,
mean_router_probability,routing,50m,50000000,mla_121m,10,0,10,False,,,,,,,,,,,
mean_router_probability,routing,50m,50000000,mtp_121m,10,0,10,False,,,,,,,,,,,
mean_router_probability,routing,50m,50000000,moe_220m,10,0,10,False,,,,,,,,,,,
mean_router_probability,routing,50m,50000000,mla_moe_220m,10,0,10,False,,,,,,,,,,,
mean_router_probability,routing,50m,50000000,v3_routing_220m,10,0,10,False,,,,,,,,,,,
mean_routing_entropy,routing,10m,10000000,dense_121m,10,0,10,False,,,,,,,,,,,
mean_routing_entropy,routing,10m,10000000,mla_121m,10,0,10,False,,,,,,,,,,,
mean_routing_entropy,routing,10m,10000000,mtp_121m,10,0,10,False,,,,,,,,,,,
mean_routing_entropy,routing,10m,10000000,moe_220m,10,10,0,False,1.5728301532914242,0.012907216348473834,0.004081620191373888,1.5635968869399195,1.5820634196429288,1.5701804600159328,1.5594409694274265,1.597621174355348,1.562129813171923,1.5771497453873355,0.015019932215412535
mean_routing_entropy,routing,10m,10000000,mla_moe_220m,10,10,0,False,1.483565821071466,0.022344564045257087,0.007065971570651808,1.4675814828711917,1.4995501592717402,1.4755440992613633,1.4571192842721938,1.52445287168026,1.4698247606183092,1.490408576739331,0.02058381612102167
mean_routing_entropy,routing,10m,10000000,v3_routing_220m,10,10,0,False,1.3061229481697083,0.018119240512067387,0.005729806949052856,1.2931612243387853,1.3190846720006313,1.307281860013803,1.276143760085106,1.3350331777830917,1.2939930824190378,1.3197812011341254,0.025788118715087682
mean_routing_entropy,routing,25m,25000000,dense_121m,10,0,10,False,,,,,,,,,,,
mean_routing_entropy,routing,25m,25000000,mla_121m,10,0,10,False,,,,,,,,,,,
mean_routing_entropy,routing,25m,25000000,mtp_121m,10,0,10,False,,,,,,,,,,,
mean_routing_entropy,routing,25m,25000000,moe_220m,10,10,0,False,1.7517653113404912,0.014062885247797897,0.004447074785662275,1.7417053292608604,1.761825293420122,1.752218911598126,1.731687610447407,1.779687420129776,1.741626331731677,1.7575114021698632,0.01588507043818632
mean_routing_entropy,routing,25m,25000000,mla_moe_220m,10,10,0,False,1.6458016816725334,0.01676118219284569,0.005300351200644797,1.633811454238952,1.6577919091061148,1.6482993987202645,1.622498750934998,1.666961958209674,1.6307575878997644,1.6606403830895822,0.029882795189817735
mean_routing_entropy,routing,25m,25000000,v3_routing_220m,10,10,0,False,1.5779583190182844,0.017587316925575195,0.005561597941604766,1.5653771103983976,1.5905395276381713,1.579648592174053,1.5356457982460656,1.5977536295851074,1.5724655800809464,1.5901313938448827,0.017665813763936278
mean_routing_entropy,routing,50m,50000000,dense_121m,10,0,10,False,,,,,,,,,,,
mean_routing_entropy,routing,50m,50000000,mla_121m,10,0,10,False,,,,,,,,,,,
mean_routing_entropy,routing,50m,50000000,mtp_121m,10,0,10,False,,,,,,,,,,,
mean_routing_entropy,routing,50m,50000000,moe_220m,10,10,0,False,1.9688052260975042,0.015400749265413401,0.0048701445351871375,1.9577881937536468,1.9798222584413616,1.9688334358731905,1.9402997284134231,2.001789181828499,1.9620672725141046,1.9731694119175278,0.011102139403423195
mean_routing_entropy,routing,50m,50000000,mla_moe_220m,10,10,0,False,1.896455299248298,0.019361134252134597,0.006122528232104605,1.8826051781539586,1.9103054203426373,1.8920553205907344,1.8691456615924835,1.924335485498111,1.8829372895012297,1.91212489793698,0.0291876084357503
mean_routing_entropy,routing,50m,50000000,v3_routing_220m,10,10,0,False,1.8598536395430565,0.017507631351617748,0.005536399150568433,1.847329434548805,1.872377844537308,1.8617279716829458,1.8334622492392858,1.894575539728006,1.8472222023953992,1.8686627124001578,0.02144051000475855
mtp_auxiliary_head_count,mtp,10m,10000000,dense_121m,10,10,0,False,0.0,0.0,0.0,0.0,0.0,0.0,0.0,0.0,0.0,0.0,0.0
mtp_auxiliary_head_count,mtp,10m,10000000,mla_121m,10,10,0,False,0.0,0.0,0.0,0.0,0.0,0.0,0.0,0.0,0.0,0.0,0.0
mtp_auxiliary_head_count,mtp,10m,10000000,mtp_121m,10,10,0,False,2.0,0.0,0.0,2.0,2.0,2.0,2.0,2.0,2.0,2.0,0.0
mtp_auxiliary_head_count,mtp,10m,10000000,moe_220m,10,10,0,False,0.0,0.0,0.0,0.0,0.0,0.0,0.0,0.0,0.0,0.0,0.0
mtp_auxiliary_head_count,mtp,10m,10000000,mla_moe_220m,10,10,0,False,0.0,0.0,0.0,0.0,0.0,0.0,0.0,0.0,0.0,0.0,0.0
mtp_auxiliary_head_count,mtp,10m,10000000,v3_routing_220m,10,10,0,False,0.0,0.0,0.0,0.0,0.0,0.0,0.0,0.0,0.0,0.0,0.0
mtp_auxiliary_head_count,mtp,25m,25000000,dense_121m,10,10,0,False,0.0,0.0,0.0,0.0,0.0,0.0,0.0,0.0,0.0,0.0,0.0
mtp_auxiliary_head_count,mtp,25m,25000000,mla_121m,10,10,0,False,0.0,0.0,0.0,0.0,0.0,0.0,0.0,0.0,0.0,0.0,0.0
mtp_auxiliary_head_count,mtp,25m,25000000,mtp_121m,10,10,0,False,2.0,0.0,0.0,2.0,2.0,2.0,2.0,2.0,2.0,2.0,0.0
mtp_auxiliary_head_count,mtp,25m,25000000,moe_220m,10,10,0,False,0.0,0.0,0.0,0.0,0.0,0.0,0.0,0.0,0.0,0.0,0.0
mtp_auxiliary_head_count,mtp,25m,25000000,mla_moe_220m,10,10,0,False,0.0,0.0,0.0,0.0,0.0,0.0,0.0,0.0,0.0,0.0,0.0
mtp_auxiliary_head_count,mtp,25m,25000000,v3_routing_220m,10,10,0,False,0.0,0.0,0.0,0.0,0.0,0.0,0.0,0.0,0.0,0.0,0.0
mtp_auxiliary_head_count,mtp,50m,50000000,dense_121m,10,10,0,False,0.0,0.0,0.0,0.0,0.0,0.0,0.0,0.0,0.0,0.0,0.0
mtp_auxiliary_head_count,mtp,50m,50000000,mla_121m,10,10,0,False,0.0,0.0,0.0,0.0,0.0,0.0,0.0,0.0,0.0,0.0,0.0
mtp_auxiliary_head_count,mtp,50m,50000000,mtp_121m,10,10,0,False,2.0,0.0,0.0,2.0,2.0,2.0,2.0,2.0,2.0,2.0,0.0
mtp_auxiliary_head_count,mtp,50m,50000000,moe_220m,10,10,0,False,0.0,0.0,0.0,0.0,0.0,0.0,0.0,0.0,0.0,0.0,0.0
mtp_auxiliary_head_count,mtp,50m,50000000,mla_moe_220m,10,10,0,False,0.0,0.0,0.0,0.0,0.0,0.0,0.0,0.0,0.0,0.0,0.0
mtp_auxiliary_head_count,mtp,50m,50000000,v3_routing_220m,10,10,0,False,0.0,0.0,0.0,0.0,0.0,0.0,0.0,0.0,0.0,0.0,0.0
mtp_loss,mtp,10m,10000000,dense_121m,10,0,10,False,,,,,,,,,,,
mtp_loss,mtp,10m,10000000,mla_121m,10,0,10,False,,,,,,,,,,,
mtp_loss,mtp,10m,10000000,mtp_121m,10,10,0,False,6.753695869445801,0.1303035343720431,0.04120559557856944,6.6604823362627315,6.846909402628871,6.8011109828948975,6.491232872009277,6.866183280944824,6.742415547370911,6.840112209320068,0.09769666194915771
mtp_loss,mtp,10m,10000000,moe_220m,10,0,10,False,,,,,,,,,,,
mtp_loss,mtp,10m,10000000,mla_moe_220m,10,0,10,False,,,,,,,,,,,
mtp_loss,mtp,10m,10000000,v3_routing_220m,10,0,10,False,,,,,,,,,,,
mtp_loss,mtp,25m,25000000,dense_121m,10,0,10,False,,,,,,,,,,,
mtp_loss,mtp,25m,25000000,mla_121m,10,0,10,False,,,,,,,,,,,
mtp_loss,mtp,25m,25000000,mtp_121m,10,10,0,False,6.612154865264893,0.1350438229298754,0.04270460643948793,6.51555033392577,6.708759396604016,6.590303421020508,6.4526262283325195,6.803649425506592,6.500374913215637,6.735897183418274,0.23552227020263672
mtp_loss,mtp,25m,25000000,moe_220m,10,0,10,False,,,,,,,,,,,
mtp_loss,mtp,25m,25000000,mla_moe_220m,10,0,10,False,,,,,,,,,,,
mtp_loss,mtp,25m,25000000,v3_routing_220m,10,0,10,False,,,,,,,,,,,
mtp_loss,mtp,50m,50000000,dense_121m,10,0,10,False,,,,,,,,,,,
mtp_loss,mtp,50m,50000000,mla_121m,10,0,10,False,,,,,,,,,,,
mtp_loss,mtp,50m,50000000,mtp_121m,10,10,0,False,6.6156758785247805,0.1691769304088788,0.0534984427647858,6.4946539930289315,6.736697764020629,6.626097202301025,6.365375518798828,6.878473281860352,6.5193564891815186,6.728990912437439,0.2096344232559204
mtp_loss,mtp,50m,50000000,moe_220m,10,0,10,False,,,,,,,,,,,
mtp_loss,mtp,50m,50000000,mla_moe_220m,10,0,10,False,,,,,,,,,,,
mtp_loss,mtp,50m,50000000,v3_routing_220m,10,0,10,False,,,,,,,,,,,
mtp_loss_weight,mtp,10m,10000000,dense_121m,10,10,0,False,0.0,0.0,0.0,0.0,0.0,0.0,0.0,0.0,0.0,0.0,0.0
mtp_loss_weight,mtp,10m,10000000,mla_121m,10,10,0,False,0.0,0.0,0.0,0.0,0.0,0.0,0.0,0.0,0.0,0.0,0.0
mtp_loss_weight,mtp,10m,10000000,mtp_121m,10,10,0,False,0.3,0.0,0.0,0.3,0.3,0.3,0.3,0.3,0.3,0.3,0.0
mtp_loss_weight,mtp,10m,10000000,moe_220m,10,10,0,False,0.0,0.0,0.0,0.0,0.0,0.0,0.0,0.0,0.0,0.0,0.0
mtp_loss_weight,mtp,10m,10000000,mla_moe_220m,10,10,0,False,0.0,0.0,0.0,0.0,0.0,0.0,0.0,0.0,0.0,0.0,0.0
mtp_loss_weight,mtp,10m,10000000,v3_routing_220m,10,10,0,False,0.0,0.0,0.0,0.0,0.0,0.0,0.0,0.0,0.0,0.0,0.0
mtp_loss_weight,mtp,25m,25000000,dense_121m,10,10,0,False,0.0,0.0,0.0,0.0,0.0,0.0,0.0,0.0,0.0,0.0,0.0
mtp_loss_weight,mtp,25m,25000000,mla_121m,10,10,0,False,0.0,0.0,0.0,0.0,0.0,0.0,0.0,0.0,0.0,0.0,0.0
mtp_loss_weight,mtp,25m,25000000,mtp_121m,10,10,0,False,0.3,0.0,0.0,0.3,0.3,0.3,0.3,0.3,0.3,0.3,0.0
mtp_loss_weight,mtp,25m,25000000,moe_220m,10,10,0,False,0.0,0.0,0.0,0.0,0.0,0.0,0.0,0.0,0.0,0.0,0.0
mtp_loss_weight,mtp,25m,25000000,mla_moe_220m,10,10,0,False,0.0,0.0,0.0,0.0,0.0,0.0,0.0,0.0,0.0,0.0,0.0
mtp_loss_weight,mtp,25m,25000000,v3_routing_220m,10,10,0,False,0.0,0.0,0.0,0.0,0.0,0.0,0.0,0.0,0.0,0.0,0.0
mtp_loss_weight,mtp,50m,50000000,dense_121m,10,10,0,False,0.0,0.0,0.0,0.0,0.0,0.0,0.0,0.0,0.0,0.0,0.0
mtp_loss_weight,mtp,50m,50000000,mla_121m,10,10,0,False,0.0,0.0,0.0,0.0,0.0,0.0,0.0,0.0,0.0,0.0,0.0
mtp_loss_weight,mtp,50m,50000000,mtp_121m,10,10,0,False,0.3,0.0,0.0,0.3,0.3,0.3,0.3,0.3,0.3,0.3,0.0
mtp_loss_weight,mtp,50m,50000000,moe_220m,10,10,0,False,0.0,0.0,0.0,0.0,0.0,0.0,0.0,0.0,0.0,0.0,0.0
mtp_loss_weight,mtp,50m,50000000,mla_moe_220m,10,10,0,False,0.0,0.0,0.0,0.0,0.0,0.0,0.0,0.0,0.0,0.0,0.0
mtp_loss_weight,mtp,50m,50000000,v3_routing_220m,10,10,0,False,0.0,0.0,0.0,0.0,0.0,0.0,0.0,0.0,0.0,0.0,0.0
peak_memory_bytes,efficiency,10m,10000000,dense_121m,10,10,0,True,3090290688.0,0.0,0.0,3090290688.0,3090290688.0,3090290688.0,3090290688.0,3090290688.0,3090290688.0,3090290688.0,0.0
peak_memory_bytes,efficiency,10m,10000000,mla_121m,10,10,0,True,3553236992.0,0.0,0.0,3553236992.0,3553236992.0,3553236992.0,3553236992.0,3553236992.0,3553236992.0,3553236992.0,0.0
peak_memory_bytes,efficiency,10m,10000000,mtp_121m,10,10,0,True,3488620032.0,0.0,0.0,3488620032.0,3488620032.0,3488620032.0,3488620032.0,3488620032.0,3488620032.0,3488620032.0,0.0
peak_memory_bytes,efficiency,10m,10000000,moe_220m,10,10,0,True,4656170803.2,3229438.4132889044,1021238.094923312,4653860602.128705,4658481004.271295,4655433216.0,4651116544.0,4661227520.0,4654480384.0,4658508288.0,4027904.0
peak_memory_bytes,efficiency,10m,10000000,mla_moe_220m,10,10,0,True,4986778419.2,4113735.903153207,1300877.5146373978,4983835629.812414,4989721208.587585,4985435136.0,4983198720.0,4995514368.0,4984276224.0,4987287808.0,3011584.0
peak_memory_bytes,efficiency,10m,10000000,v3_routing_220m,10,10,0,True,4655283200.0,3554876.1371839666,1124150.539328252,4652740194.805459,4657826205.194541,4654403072.0,4650484736.0,4660792320.0,4652660480.0,4657607680.0,4947200.0
peak_memory_bytes,efficiency,25m,25000000,dense_121m,10,10,0,True,3090290688.0,0.0,0.0,3090290688.0,3090290688.0,3090290688.0,3090290688.0,3090290688.0,3090290688.0,3090290688.0,0.0
peak_memory_bytes,efficiency,25m,25000000,mla_121m,10,10,0,True,3553236992.0,0.0,0.0,3553236992.0,3553236992.0,3553236992.0,3553236992.0,3553236992.0,3553236992.0,3553236992.0,0.0
peak_memory_bytes,efficiency,25m,25000000,mtp_121m,10,10,0,True,3488620032.0,0.0,0.0,3488620032.0,3488620032.0,3488620032.0,3488620032.0,3488620032.0,3488620032.0,3488620032.0,0.0
peak_memory_bytes,efficiency,25m,25000000,moe_220m,10,10,0,True,4656170803.2,3229438.4132889044,1021238.094923312,4653860602.128705,4658481004.271295,4655433216.0,4651116544.0,4661227520.0,4654480384.0,4658508288.0,4027904.0
peak_memory_bytes,efficiency,25m,25000000,mla_moe_220m,10,10,0,True,4986778419.2,4113735.903153207,1300877.5146373978,4983835629.812414,4989721208.587585,4985435136.0,4983198720.0,4995514368.0,4984276224.0,4987287808.0,3011584.0
peak_memory_bytes,efficiency,25m,25000000,v3_routing_220m,10,10,0,True,4655500595.2,3646228.083204304,1153038.561139554,4652892240.760001,4658108949.639998,4654614528.0,4650484736.0,4660792320.0,4652786688.0,4658542336.0,5755648.0
peak_memory_bytes,efficiency,50m,50000000,dense_121m,10,10,0,True,3090290688.0,0.0,0.0,3090290688.0,3090290688.0,3090290688.0,3090290688.0,3090290688.0,3090290688.0,3090290688.0,0.0
peak_memory_bytes,efficiency,50m,50000000,mla_121m,10,10,0,True,3553236992.0,0.0,0.0,3553236992.0,3553236992.0,3553236992.0,3553236992.0,3553236992.0,3553236992.0,3553236992.0,0.0
peak_memory_bytes,efficiency,50m,50000000,mtp_121m,10,10,0,True,3488620032.0,0.0,0.0,3488620032.0,3488620032.0,3488620032.0,3488620032.0,3488620032.0,3488620032.0,3488620032.0,0.0
peak_memory_bytes,efficiency,50m,50000000,moe_220m,10,10,0,True,4656171110.4,3229362.710232029,1021214.1555147556,4653860963.48341,4658481257.316589,4655434752.0,4651116544.0,4661227520.0,4654480384.0,4658508288.0,4027904.0
peak_memory_bytes,efficiency,50m,50000000,mla_moe_220m,10,10,0,True,4986778419.2,4113735.903153207,1300877.5146373978,4983835629.812414,4989721208.587585,4985435136.0,4983198720.0,4995514368.0,4984276224.0,4987287808.0,3011584.0
peak_memory_bytes,efficiency,50m,50000000,v3_routing_220m,10,10,0,True,4655673651.2,3517644.9447394265,1112377.0025153721,4653157279.596091,4658190022.803908,4654777344.0,4651111424.0,4660792320.0,4653079040.0,4658643712.0,5564672.0
requested_tokens_per_activated_parameter,efficiency,10m,10000000,dense_121m,10,10,0,False,0.08268193200026247,0.0,0.0,0.08268193200026247,0.08268193200026247,0.08268193200026247,0.08268193200026247,0.08268193200026247,0.08268193200026247,0.08268193200026247,0.0
requested_tokens_per_activated_parameter,efficiency,10m,10000000,mla_121m,10,10,0,False,0.07274818187743852,0.0,0.0,0.07274818187743852,0.07274818187743852,0.07274818187743852,0.07274818187743852,0.07274818187743852,0.07274818187743852,0.07274818187743852,0.0
requested_tokens_per_activated_parameter,efficiency,10m,10000000,mtp_121m,10,10,0,False,0.07336466063033978,0.0,0.0,0.07336466063033978,0.07336466063033978,0.07336466063033978,0.07336466063033978,0.07336466063033978,0.07336466063033978,0.07336466063033978,0.0
requested_tokens_per_activated_parameter,efficiency,10m,10000000,moe_220m,10,10,0,False,0.12724480189714873,0.0,0.0,0.12724480189714873,0.12724480189714873,0.12724480189714873,0.12724480189714873,0.12724480189714873,0.12724480189714873,0.12724480189714873,0.0
requested_tokens_per_activated_parameter,efficiency,10m,10000000,mla_moe_220m,10,10,0,False,0.1051483314894522,0.0,0.0,0.1051483314894522,0.1051483314894522,0.1051483314894522,0.1051483314894522,0.1051483314894522,0.1051483314894522,0.1051483314894522,0.0
requested_tokens_per_activated_parameter,efficiency,10m,10000000,v3_routing_220m,10,10,0,False,0.12724480189714873,0.0,0.0,0.12724480189714873,0.12724480189714873,0.12724480189714873,0.12724480189714873,0.12724480189714873,0.12724480189714873,0.12724480189714873,0.0
requested_tokens_per_activated_parameter,efficiency,25m,25000000,dense_121m,10,10,0,False,0.20670483000065615,0.0,0.0,0.20670483000065615,0.20670483000065615,0.20670483000065618,0.20670483000065618,0.20670483000065618,0.20670483000065618,0.20670483000065618,0.0
requested_tokens_per_activated_parameter,efficiency,25m,25000000,mla_121m,10,10,0,False,0.1818704546935963,0.0,0.0,0.1818704546935963,0.1818704546935963,0.1818704546935963,0.1818704546935963,0.1818704546935963,0.1818704546935963,0.1818704546935963,0.0
requested_tokens_per_activated_parameter,efficiency,25m,25000000,mtp_121m,10,10,0,False,0.18341165157584943,0.0,0.0,0.18341165157584943,0.18341165157584943,0.18341165157584943,0.18341165157584943,0.18341165157584943,0.18341165157584943,0.18341165157584943,0.0
requested_tokens_per_activated_parameter,efficiency,25m,25000000,moe_220m,10,10,0,False,0.3181120047428718,0.0,0.0,0.3181120047428718,0.3181120047428718,0.3181120047428718,0.3181120047428718,0.3181120047428718,0.3181120047428718,0.3181120047428718,0.0
requested_tokens_per_activated_parameter,efficiency,25m,25000000,mla_moe_220m,10,10,0,False,0.2628708287236305,0.0,0.0,0.2628708287236305,0.2628708287236305,0.2628708287236305,0.2628708287236305,0.2628708287236305,0.2628708287236305,0.2628708287236305,0.0
requested_tokens_per_activated_parameter,efficiency,25m,25000000,v3_routing_220m,10,10,0,False,0.3181120047428718,0.0,0.0,0.3181120047428718,0.3181120047428718,0.3181120047428718,0.3181120047428718,0.3181120047428718,0.3181120047428718,0.3181120047428718,0.0
requested_tokens_per_activated_parameter,efficiency,50m,50000000,dense_121m,10,10,0,False,0.4134096600013123,0.0,0.0,0.4134096600013123,0.4134096600013123,0.41340966000131235,0.41340966000131235,0.41340966000131235,0.41340966000131235,0.41340966000131235,0.0
requested_tokens_per_activated_parameter,efficiency,50m,50000000,mla_121m,10,10,0,False,0.3637409093871926,0.0,0.0,0.3637409093871926,0.3637409093871926,0.3637409093871926,0.3637409093871926,0.3637409093871926,0.3637409093871926,0.3637409093871926,0.0
requested_tokens_per_activated_parameter,efficiency,50m,50000000,mtp_121m,10,10,0,False,0.36682330315169887,0.0,0.0,0.36682330315169887,0.36682330315169887,0.36682330315169887,0.36682330315169887,0.36682330315169887,0.36682330315169887,0.36682330315169887,0.0
requested_tokens_per_activated_parameter,efficiency,50m,50000000,moe_220m,10,10,0,False,0.6362240094857436,0.0,0.0,0.6362240094857436,0.6362240094857436,0.6362240094857436,0.6362240094857436,0.6362240094857436,0.6362240094857436,0.6362240094857436,0.0
requested_tokens_per_activated_parameter,efficiency,50m,50000000,mla_moe_220m,10,10,0,False,0.525741657447261,0.0,0.0,0.525741657447261,0.525741657447261,0.525741657447261,0.525741657447261,0.525741657447261,0.525741657447261,0.525741657447261,0.0
requested_tokens_per_activated_parameter,efficiency,50m,50000000,v3_routing_220m,10,10,0,False,0.6362240094857436,0.0,0.0,0.6362240094857436,0.6362240094857436,0.6362240094857436,0.6362240094857436,0.6362240094857436,0.6362240094857436,0.6362240094857436,0.0
requested_tokens_per_total_parameter,efficiency,10m,10000000,dense_121m,10,10,0,False,0.08268193200026247,0.0,0.0,0.08268193200026247,0.08268193200026247,0.08268193200026247,0.08268193200026247,0.08268193200026247,0.08268193200026247,0.08268193200026247,0.0
requested_tokens_per_total_parameter,efficiency,10m,10000000,mla_121m,10,10,0,False,0.07274818187743852,0.0,0.0,0.07274818187743852,0.07274818187743852,0.07274818187743852,0.07274818187743852,0.07274818187743852,0.07274818187743852,0.07274818187743852,0.0
requested_tokens_per_total_parameter,efficiency,10m,10000000,mtp_121m,10,10,0,False,0.07336466063033978,0.0,0.0,0.07336466063033978,0.07336466063033978,0.07336466063033978,0.07336466063033978,0.07336466063033978,0.07336466063033978,0.07336466063033978,0.0
requested_tokens_per_total_parameter,efficiency,10m,10000000,moe_220m,10,10,0,False,0.045424311033121806,0.0,0.0,0.045424311033121806,0.045424311033121806,0.045424311033121806,0.045424311033121806,0.045424311033121806,0.045424311033121806,0.045424311033121806,0.0
requested_tokens_per_total_parameter,efficiency,10m,10000000,mla_moe_220m,10,10,0,False,0.0422544428687481,0.0,0.0,0.0422544428687481,0.0422544428687481,0.0422544428687481,0.0422544428687481,0.0422544428687481,0.0422544428687481,0.0422544428687481,0.0
requested_tokens_per_total_parameter,efficiency,10m,10000000,v3_routing_220m,10,10,0,False,0.045424311033121806,0.0,0.0,0.045424311033121806,0.045424311033121806,0.045424311033121806,0.045424311033121806,0.045424311033121806,0.045424311033121806,0.045424311033121806,0.0
requested_tokens_per_total_parameter,efficiency,25m,25000000,dense_121m,10,10,0,False,0.20670483000065615,0.0,0.0,0.20670483000065615,0.20670483000065615,0.20670483000065618,0.20670483000065618,0.20670483000065618,0.20670483000065618,0.20670483000065618,0.0
requested_tokens_per_total_parameter,efficiency,25m,25000000,mla_121m,10,10,0,False,0.1818704546935963,0.0,0.0,0.1818704546935963,0.1818704546935963,0.1818704546935963,0.1818704546935963,0.1818704546935963,0.1818704546935963,0.1818704546935963,0.0
requested_tokens_per_total_parameter,efficiency,25m,25000000,mtp_121m,10,10,0,False,0.18341165157584943,0.0,0.0,0.18341165157584943,0.18341165157584943,0.18341165157584943,0.18341165157584943,0.18341165157584943,0.18341165157584943,0.18341165157584943,0.0
requested_tokens_per_total_parameter,efficiency,25m,25000000,moe_220m,10,10,0,False,0.11356077758280451,0.0,0.0,0.11356077758280451,0.11356077758280451,0.11356077758280453,0.11356077758280453,0.11356077758280453,0.11356077758280453,0.11356077758280453,0.0
requested_tokens_per_total_parameter,efficiency,25m,25000000,mla_moe_220m,10,10,0,False,0.10563610717187025,0.0,0.0,0.10563610717187025,0.10563610717187025,0.10563610717187025,0.10563610717187025,0.10563610717187025,0.10563610717187025,0.10563610717187025,0.0
requested_tokens_per_total_parameter,efficiency,25m,25000000,v3_routing_220m,10,10,0,False,0.11356077758280451,0.0,0.0,0.11356077758280451,0.11356077758280451,0.11356077758280453,0.11356077758280453,0.11356077758280453,0.11356077758280453,0.11356077758280453,0.0
requested_tokens_per_total_parameter,efficiency,50m,50000000,dense_121m,10,10,0,False,0.4134096600013123,0.0,0.0,0.4134096600013123,0.4134096600013123,0.41340966000131235,0.41340966000131235,0.41340966000131235,0.41340966000131235,0.41340966000131235,0.0
requested_tokens_per_total_parameter,efficiency,50m,50000000,mla_121m,10,10,0,False,0.3637409093871926,0.0,0.0,0.3637409093871926,0.3637409093871926,0.3637409093871926,0.3637409093871926,0.3637409093871926,0.3637409093871926,0.3637409093871926,0.0
requested_tokens_per_total_parameter,efficiency,50m,50000000,mtp_121m,10,10,0,False,0.36682330315169887,0.0,0.0,0.36682330315169887,0.36682330315169887,0.36682330315169887,0.36682330315169887,0.36682330315169887,0.36682330315169887,0.36682330315169887,0.0
requested_tokens_per_total_parameter,efficiency,50m,50000000,moe_220m,10,10,0,False,0.22712155516560903,0.0,0.0,0.22712155516560903,0.22712155516560903,0.22712155516560906,0.22712155516560906,0.22712155516560906,0.22712155516560906,0.22712155516560906,0.0
requested_tokens_per_total_parameter,efficiency,50m,50000000,mla_moe_220m,10,10,0,False,0.2112722143437405,0.0,0.0,0.2112722143437405,0.2112722143437405,0.2112722143437405,0.2112722143437405,0.2112722143437405,0.2112722143437405,0.2112722143437405,0.0
requested_tokens_per_total_parameter,efficiency,50m,50000000,v3_routing_220m,10,10,0,False,0.22712155516560903,0.0,0.0,0.22712155516560903,0.22712155516560903,0.22712155516560906,0.22712155516560906,0.22712155516560906,0.22712155516560906,0.22712155516560906,0.0
requested_tokens_per_trainable_parameter,efficiency,10m,10000000,dense_121m,10,10,0,False,0.08268193200026247,0.0,0.0,0.08268193200026247,0.08268193200026247,0.08268193200026247,0.08268193200026247,0.08268193200026247,0.08268193200026247,0.08268193200026247,0.0
requested_tokens_per_trainable_parameter,efficiency,10m,10000000,mla_121m,10,10,0,False,0.07274818187743852,0.0,0.0,0.07274818187743852,0.07274818187743852,0.07274818187743852,0.07274818187743852,0.07274818187743852,0.07274818187743852,0.07274818187743852,0.0
requested_tokens_per_trainable_parameter,efficiency,10m,10000000,mtp_121m,10,10,0,False,0.07336466063033978,0.0,0.0,0.07336466063033978,0.07336466063033978,0.07336466063033978,0.07336466063033978,0.07336466063033978,0.07336466063033978,0.07336466063033978,0.0
requested_tokens_per_trainable_parameter,efficiency,10m,10000000,moe_220m,10,10,0,False,0.045424311033121806,0.0,0.0,0.045424311033121806,0.045424311033121806,0.045424311033121806,0.045424311033121806,0.045424311033121806,0.045424311033121806,0.045424311033121806,0.0
requested_tokens_per_trainable_parameter,efficiency,10m,10000000,mla_moe_220m,10,10,0,False,0.0422544428687481,0.0,0.0,0.0422544428687481,0.0422544428687481,0.0422544428687481,0.0422544428687481,0.0422544428687481,0.0422544428687481,0.0422544428687481,0.0
requested_tokens_per_trainable_parameter,efficiency,10m,10000000,v3_routing_220m,10,10,0,False,0.045424311033121806,0.0,0.0,0.045424311033121806,0.045424311033121806,0.045424311033121806,0.045424311033121806,0.045424311033121806,0.045424311033121806,0.045424311033121806,0.0
requested_tokens_per_trainable_parameter,efficiency,25m,25000000,dense_121m,10,10,0,False,0.20670483000065615,0.0,0.0,0.20670483000065615,0.20670483000065615,0.20670483000065618,0.20670483000065618,0.20670483000065618,0.20670483000065618,0.20670483000065618,0.0
requested_tokens_per_trainable_parameter,efficiency,25m,25000000,mla_121m,10,10,0,False,0.1818704546935963,0.0,0.0,0.1818704546935963,0.1818704546935963,0.1818704546935963,0.1818704546935963,0.1818704546935963,0.1818704546935963,0.1818704546935963,0.0
requested_tokens_per_trainable_parameter,efficiency,25m,25000000,mtp_121m,10,10,0,False,0.18341165157584943,0.0,0.0,0.18341165157584943,0.18341165157584943,0.18341165157584943,0.18341165157584943,0.18341165157584943,0.18341165157584943,0.18341165157584943,0.0
requested_tokens_per_trainable_parameter,efficiency,25m,25000000,moe_220m,10,10,0,False,0.11356077758280451,0.0,0.0,0.11356077758280451,0.11356077758280451,0.11356077758280453,0.11356077758280453,0.11356077758280453,0.11356077758280453,0.11356077758280453,0.0
requested_tokens_per_trainable_parameter,efficiency,25m,25000000,mla_moe_220m,10,10,0,False,0.10563610717187025,0.0,0.0,0.10563610717187025,0.10563610717187025,0.10563610717187025,0.10563610717187025,0.10563610717187025,0.10563610717187025,0.10563610717187025,0.0
requested_tokens_per_trainable_parameter,efficiency,25m,25000000,v3_routing_220m,10,10,0,False,0.11356077758280451,0.0,0.0,0.11356077758280451,0.11356077758280451,0.11356077758280453,0.11356077758280453,0.11356077758280453,0.11356077758280453,0.11356077758280453,0.0
requested_tokens_per_trainable_parameter,efficiency,50m,50000000,dense_121m,10,10,0,False,0.4134096600013123,0.0,0.0,0.4134096600013123,0.4134096600013123,0.41340966000131235,0.41340966000131235,0.41340966000131235,0.41340966000131235,0.41340966000131235,0.0
requested_tokens_per_trainable_parameter,efficiency,50m,50000000,mla_121m,10,10,0,False,0.3637409093871926,0.0,0.0,0.3637409093871926,0.3637409093871926,0.3637409093871926,0.3637409093871926,0.3637409093871926,0.3637409093871926,0.3637409093871926,0.0
requested_tokens_per_trainable_parameter,efficiency,50m,50000000,mtp_121m,10,10,0,False,0.36682330315169887,0.0,0.0,0.36682330315169887,0.36682330315169887,0.36682330315169887,0.36682330315169887,0.36682330315169887,0.36682330315169887,0.36682330315169887,0.0
requested_tokens_per_trainable_parameter,efficiency,50m,50000000,moe_220m,10,10,0,False,0.22712155516560903,0.0,0.0,0.22712155516560903,0.22712155516560903,0.22712155516560906,0.22712155516560906,0.22712155516560906,0.22712155516560906,0.22712155516560906,0.0
requested_tokens_per_trainable_parameter,efficiency,50m,50000000,mla_moe_220m,10,10,0,False,0.2112722143437405,0.0,0.0,0.2112722143437405,0.2112722143437405,0.2112722143437405,0.2112722143437405,0.2112722143437405,0.2112722143437405,0.2112722143437405,0.0
requested_tokens_per_trainable_parameter,efficiency,50m,50000000,v3_routing_220m,10,10,0,False,0.22712155516560903,0.0,0.0,0.22712155516560903,0.22712155516560903,0.22712155516560906,0.22712155516560906,0.22712155516560906,0.22712155516560906,0.22712155516560906,0.0
test_loss,quality,10m,10000000,dense_121m,10,10,0,True,4.9974501242637634,0.015195339610131515,0.004805188298779058,4.986580033135361,5.008320215392166,4.993944807052612,4.98093719959259,5.019692482948304,4.9834894895553585,5.011364313364028,0.027874823808669902
test_loss,quality,10m,10000000,mla_121m,10,10,0,True,5.055132779598236,0.028181163577579386,0.008911666401893009,5.034973189615235,5.075292369581237,5.056516971588135,5.006461253166199,5.114432282447815,5.0466618001461026,5.0618965828418725,0.015234782695769944
test_loss,quality,10m,10000000,mtp_121m,10,10,0,True,4.997737574100495,0.020717711644374304,0.006551515670281516,4.982917016000158,5.012558132200832,4.998071761131287,4.96822991847992,5.029318642616272,4.980486607551575,5.011865128278732,0.031378520727156634
test_loss,quality,10m,10000000,moe_220m,10,10,0,True,4.94356567955017,0.011227821958450764,0.003550549055155683,4.935533779573387,4.951597579526954,4.944788572788239,4.920693316459656,4.9590047836303714,4.937752062082291,4.950775132179261,0.013023070096969569
test_loss,quality,10m,10000000,mla_moe_220m,10,10,0,True,4.997512806892395,0.022903007826520275,0.007242567000046661,4.981128982076608,5.013896631708183,4.99891518831253,4.9624495029449465,5.0375270175933835,4.979200911521912,5.009297411441803,0.030096499919891606
test_loss,quality,10m,10000000,v3_routing_220m,10,10,0,True,4.95151176738739,0.012575633323602217,0.0039767644321696315,4.942515701242624,4.960507833532156,4.95465206861496,4.92473473072052,4.964154543876648,4.946662650108337,4.9611733174324035,0.014510667324066695
test_loss,quality,25m,25000000,dense_121m,10,10,0,True,4.560027572870254,0.01084403104905481,0.00342918371325983,4.552270220370949,4.567784925369559,4.558491618633271,4.5473325324058536,4.586898398399353,4.554387443065644,4.5605960524082185,0.006208609342574611
test_loss,quality,25m,25000000,mla_121m,10,10,0,True,4.604465797424316,0.014967205536264919,0.004733045970247904,4.593758903581137,4.615172691267495,4.603280992507934,4.582543549537658,4.6285189485549925,4.595805547237396,4.613978877067566,0.018173329830169394
test_loss,quality,25m,25000000,mtp_121m,10,10,0,True,4.550934609413147,0.012566438676283499,0.0039738568293887205,4.541945120722838,4.559924098103457,4.553610607385636,4.527747197151184,4.572208597660064,4.548661415576936,4.554770765900612,0.00610935032367621
test_loss,quality,25m,25000000,moe_220m,10,10,0,True,4.5380786173343655,0.010259916531464,0.003244470484264085,4.5307391151890855,4.5454181194796455,4.537275087833404,4.520900359153748,4.557487230300904,4.533201358318329,4.538762434720994,0.0055610764026647885
test_loss,quality,25m,25000000,mla_moe_220m,10,10,0,True,4.580437824249268,0.01368122692842284,0.00432638382794456,4.570650864084116,4.59022478441442,4.578360326290131,4.564995393753052,4.60919683933258,4.569109867811203,4.588832656145096,0.019722788333892183
test_loss,quality,25m,25000000,v3_routing_220m,10,10,0,True,4.538941773653031,0.004648439507796491,0.001469965641014894,4.535616480349226,4.5422670669568355,4.539749236106873,4.533169131278992,4.54500009059906,4.534308651685715,4.542776216864586,0.008467565178870373
test_loss,quality,50m,50000000,dense_121m,10,10,0,True,4.378925040245056,0.006616783002662383,0.00209241050715011,4.374191678828912,4.3836584016612,4.37955287694931,4.368580937385559,4.389096040725708,4.373897824287415,4.383713186979294,0.009815362691878882
test_loss,quality,50m,50000000,mla_121m,10,10,0,True,4.427968507766724,0.010654927286276284,0.0033693838528109986,4.420346431950064,4.435590583583384,4.423781288862228,4.415917935371399,4.44539293050766,4.419898025393485,4.437217103242874,0.017319077849388798
test_loss,quality,50m,50000000,mtp_121m,10,10,0,True,4.364008625984192,0.009637189589381744,0.0030475469345309166,4.357114595857453,4.37090265611093,4.359939329624176,4.35151941537857,4.384311652183532,4.359102312922477,4.368631415367126,0.009529102444648885
test_loss,quality,50m,50000000,moe_220m,10,10,0,True,4.351845359563828,0.007889339342858495,0.00249482815574089,4.346201666181511,4.3574890529461445,4.351428172588349,4.3377180004119875,4.364976580142975,4.347689886689185,4.353929808735848,0.006239922046662905
test_loss,quality,50m,50000000,mla_moe_220m,10,10,0,True,4.396584239721298,0.00761402582959767,0.002407766378488172,4.391137493761994,4.402030985680602,4.3962928068637845,4.383444731235504,4.411459701061249,4.395498672127724,4.399447934031486,0.003949261903762213
test_loss,quality,50m,50000000,v3_routing_220m,10,10,0,True,4.35484138917923,0.007246150785458652,0.002291434075106745,4.349657805173278,4.3600249731851815,4.35615441083908,4.34248486995697,4.365656147003174,4.351531767249108,4.359272770285607,0.007741003036498384
test_perplexity,quality,10m,10000000,dense_121m,10,10,0,True,148.05060434261964,2.2531766399426614,0.712517015290393,146.43877887290563,149.66242981233364,147.5180336600061,145.61078409299938,151.36474939481917,145.98305863197987,150.1093993365004,4.126340704520516
test_perplexity,quality,10m,10000000,mla_121m,10,10,0,True,156.88159493409142,4.4442583592233795,1.4053978925388668,153.70236402498352,160.06082584319932,157.04267867880054,149.37519874064552,166.40628239429384,155.504475562843,157.88971807033607,2.385242507493075
test_perplexity,quality,10m,10000000,mtp_121m,10,10,0,True,148.10638284666805,3.070710213333559,0.9710438308475591,145.9097290893808,150.30303660395532,148.12726150384572,143.7721735378196,152.8288461495514,145.5456666284349,150.18478992863066,4.639123300195763
test_perplexity,quality,10m,10000000,moe_220m,10,10,0,True,140.27745681621968,1.5703541881673744,0.49658959677935394,139.15409310292262,141.40082052951675,140.44150459202172,137.09763228855454,142.451954810098,139.4564076626857,141.2846455647279,1.82823790204219
test_perplexity,quality,10m,10000000,mla_moe_220m,10,10,0,True,148.07947448527148,3.3973806686418166,1.0743460991533926,145.6491347618088,150.50981420873416,148.25362617316165,142.94350795547052,154.08848534891297,145.36011492650334,149.79981171064154,4.439696784138192
test_perplexity,quality,10m,10000000,v3_routing_220m,10,10,0,True,141.3985735774652,1.7681735870298778,0.5591455833564372,140.13369839106045,142.66344876386998,141.8338391133131,137.65282173442793,143.18744038574877,140.70459931478447,142.76121953681354,2.0566202220290677
test_perplexity,quality,25m,25000000,dense_121m,10,10,0,True,95.59120041355956,1.044858522199651,0.33041327627885025,94.84375365396065,96.33864717315848,95.43941221906621,94.38031580616479,98.18941294516551,95.04857911473074,95.6404832955248,0.5919041807940602
test_perplexity,quality,25m,25000000,mla_121m,10,10,0,True,99.93966551142272,1.4970343278299572,0.4734038211401859,98.8687516665615,101.01057935628394,99.81317264872692,97.76274260869167,102.362347885209,99.06792155967636,100.88492233703646,1.817000777360093
test_perplexity,quality,25m,25000000,mtp_121m,10,10,0,True,94.72761484862026,1.187656530993924,0.375569971591516,93.87801654727409,95.57721314996644,94.97472654601324,92.54982953524375,96.75757250765939,94.5058447038021,95.08495821026544,0.5791135064633437
test_perplexity,quality,25m,25000000,moe_220m,10,10,0,True,93.5153935313225,0.9616814145974261,0.3041103653580565,92.827448090064,94.20333897258101,93.43584880537452,91.9183202337181,95.34360206322302,93.05602703804854,93.57492744231374,0.5189004042651959
test_perplexity,quality,25m,25000000,mla_moe_220m,10,10,0,True,97.56534306802243,1.3416320191053444,0.42426129621834263,96.60559733790832,98.52508879813654,97.35463344871849,96.06215152951724,100.40347712053472,96.45827576018402,98.37952438808888,1.921248627904859
test_perplexity,quality,25m,25000000,v3_routing_220m,10,10,0,True,93.5926164419337,0.4349893590250171,0.13755571324557742,93.28144379993927,93.90378908392813,93.66742363717042,93.05299143723204,94.16043574025336,93.15910319918586,93.95128070332612,0.7921775041402555
test_perplexity,quality,50m,50000000,dense_121m,10,10,0,True,79.75382780749416,0.5275557041022199,0.16682776175768496,79.37643719128997,80.13121842369836,79.80256026973072,78.93154338588741,80.56755626328285,79.35240233008355,80.1350633862875,0.7826610562039491
test_perplexity,quality,50m,50000000,mla_121m,10,10,0,True,83.7653686729839,0.8942250681843419,0.282778795628189,83.12567859498232,84.40505875098548,83.41115056357077,82.75777233718986,85.23336204662665,83.0878930118882,84.53939818686355,1.4515051749753525
test_perplexity,quality,50m,50000000,mtp_121m,10,10,0,True,78.57476029441011,0.7602959572626203,0.2404266920767917,78.03087733081448,79.11864325800575,78.25239001696849,77.596274372935,80.18301041214073,78.18691606770523,78.9355901296902,0.7486740619849712
test_perplexity,quality,50m,50000000,moe_220m,10,10,0,True,77.62374527434972,0.6126650346266957,0.19374169521662865,77.18547111079384,78.06201943790559,77.58920510264815,76.53269234139223,78.6475580056442,77.29972015709822,77.78354338528575,0.4838232281875321
test_perplexity,quality,50m,50000000,mla_moe_220m,10,10,0,True,81.1752447742916,0.6182795514963422,0.19551716134358077,80.73295422731942,81.61753532126377,81.14947451471534,80.11352820288145,82.3896400169401,81.08505707182881,81.40591642581212,0.3208593539833089
test_perplexity,quality,50m,50000000,v3_routing_220m,10,10,0,True,77.85631350387435,0.5633059931213472,0.1781329957886599,77.45334867153052,78.25927833621817,77.95676934299644,76.89838461291602,78.70102244397309,77.59735122792037,78.2002900028126,0.6029387748922233
tokens_per_activated_parameter,efficiency,10m,10000000,dense_121m,10,10,0,True,0.08268510698645128,0.0,0.0,0.08268510698645128,0.08268510698645128,0.08268510698645128,0.08268510698645128,0.08268510698645128,0.08268510698645128,0.08268510698645128,0.0
tokens_per_activated_parameter,efficiency,10m,10000000,mla_121m,10,10,0,True,0.07275097540762261,0.0,0.0,0.07275097540762261,0.07275097540762261,0.07275097540762261,0.07275097540762261,0.07275097540762261,0.07275097540762261,0.07275097540762261,0.0
tokens_per_activated_parameter,efficiency,10m,10000000,mtp_121m,10,10,0,True,0.07336747783330798,0.0,0.0,0.07336747783330798,0.07336747783330798,0.07336747783330798,0.07336747783330798,0.07336747783330798,0.07336747783330798,0.07336747783330798,0.0
tokens_per_activated_parameter,efficiency,10m,10000000,moe_220m,10,10,0,True,0.12724968809754159,0.0,0.0,0.12724968809754159,0.12724968809754159,0.12724968809754159,0.12724968809754159,0.12724968809754159,0.12724968809754159,0.12724968809754159,0.0
tokens_per_activated_parameter,efficiency,10m,10000000,mla_moe_220m,10,10,0,True,0.10515236918538137,0.0,0.0,0.10515236918538137,0.10515236918538137,0.10515236918538139,0.10515236918538139,0.10515236918538139,0.10515236918538139,0.10515236918538139,0.0
tokens_per_activated_parameter,efficiency,10m,10000000,v3_routing_220m,10,10,0,True,0.12724968809754159,0.0,0.0,0.12724968809754159,0.12724968809754159,0.12724968809754159,0.12724968809754159,0.12724968809754159,0.12724968809754159,0.12724968809754159,0.0
tokens_per_activated_parameter,efficiency,25m,25000000,dense_121m,10,10,0,True,0.20671276746612816,0.0,0.0,0.20671276746612816,0.20671276746612816,0.20671276746612818,0.20671276746612818,0.20671276746612818,0.20671276746612818,0.20671276746612818,0.0
tokens_per_activated_parameter,efficiency,25m,25000000,mla_121m,10,10,0,True,0.18187743851905652,0.0,0.0,0.18187743851905652,0.18187743851905652,0.18187743851905652,0.18187743851905652,0.18187743851905652,0.18187743851905652,0.18187743851905652,0.0
tokens_per_activated_parameter,efficiency,25m,25000000,mtp_121m,10,10,0,True,0.18341869458326995,0.0,0.0,0.18341869458326995,0.18341869458326995,0.18341869458326995,0.18341869458326995,0.18341869458326995,0.18341869458326995,0.18341869458326995,0.0
tokens_per_activated_parameter,efficiency,25m,25000000,moe_220m,10,10,0,True,0.31812422024385395,0.0,0.0,0.31812422024385395,0.31812422024385395,0.31812422024385395,0.31812422024385395,0.31812422024385395,0.31812422024385395,0.31812422024385395,0.0
tokens_per_activated_parameter,efficiency,25m,25000000,mla_moe_220m,10,10,0,True,0.26288092296345345,0.0,0.0,0.26288092296345345,0.26288092296345345,0.26288092296345345,0.26288092296345345,0.26288092296345345,0.26288092296345345,0.26288092296345345,0.0
tokens_per_activated_parameter,efficiency,25m,25000000,v3_routing_220m,10,10,0,True,0.31812422024385395,0.0,0.0,0.31812422024385395,0.31812422024385395,0.31812422024385395,0.31812422024385395,0.31812422024385395,0.31812422024385395,0.31812422024385395,0.0
tokens_per_activated_parameter,efficiency,50m,50000000,dense_121m,10,10,0,True,0.41341706830241953,0.0,0.0,0.41341706830241953,0.41341706830241953,0.41341706830241953,0.41341706830241953,0.41341706830241953,0.41341706830241953,0.41341706830241953,0.0
tokens_per_activated_parameter,efficiency,50m,50000000,mla_121m,10,10,0,True,0.3637474276242888,0.0,0.0,0.3637474276242888,0.3637474276242888,0.3637474276242888,0.3637474276242888,0.3637474276242888,0.3637474276242888,0.3637474276242888,0.0
tokens_per_activated_parameter,efficiency,50m,50000000,mtp_121m,10,10,0,True,0.3668298766252914,0.0,0.0,0.3668298766252914,0.3668298766252914,0.3668298766252914,0.3668298766252914,0.3668298766252914,0.3668298766252914,0.3668298766252914,0.0
tokens_per_activated_parameter,efficiency,50m,50000000,moe_220m,10,10,0,True,0.6362354106199937,0.0,0.0,0.6362354106199937,0.6362354106199937,0.6362354106199937,0.6362354106199937,0.6362354106199937,0.6362354106199937,0.6362354106199937,0.0
tokens_per_activated_parameter,efficiency,50m,50000000,mla_moe_220m,10,10,0,True,0.5257510787377624,0.0,0.0,0.5257510787377624,0.5257510787377624,0.5257510787377624,0.5257510787377624,0.5257510787377624,0.5257510787377624,0.5257510787377624,0.0
tokens_per_activated_parameter,efficiency,50m,50000000,v3_routing_220m,10,10,0,True,0.6362354106199937,0.0,0.0,0.6362354106199937,0.6362354106199937,0.6362354106199937,0.6362354106199937,0.6362354106199937,0.6362354106199937,0.6362354106199937,0.0
tokens_per_total_parameter,efficiency,10m,10000000,dense_121m,10,10,0,True,0.08268510698645128,0.0,0.0,0.08268510698645128,0.08268510698645128,0.08268510698645128,0.08268510698645128,0.08268510698645128,0.08268510698645128,0.08268510698645128,0.0
tokens_per_total_parameter,efficiency,10m,10000000,mla_121m,10,10,0,True,0.07275097540762261,0.0,0.0,0.07275097540762261,0.07275097540762261,0.07275097540762261,0.07275097540762261,0.07275097540762261,0.07275097540762261,0.07275097540762261,0.0
tokens_per_total_parameter,efficiency,10m,10000000,mtp_121m,10,10,0,True,0.07336747783330798,0.0,0.0,0.07336747783330798,0.07336747783330798,0.07336747783330798,0.07336747783330798,0.07336747783330798,0.07336747783330798,0.07336747783330798,0.0
tokens_per_total_parameter,efficiency,10m,10000000,moe_220m,10,10,0,True,0.04542605532666548,0.0,0.0,0.04542605532666548,0.04542605532666548,0.04542605532666548,0.04542605532666548,0.04542605532666548,0.04542605532666548,0.04542605532666548,0.0
tokens_per_total_parameter,efficiency,10m,10000000,mla_moe_220m,10,10,0,True,0.04225606543935426,0.0,0.0,0.04225606543935426,0.04225606543935426,0.04225606543935426,0.04225606543935426,0.04225606543935426,0.04225606543935426,0.04225606543935426,0.0
tokens_per_total_parameter,efficiency,10m,10000000,v3_routing_220m,10,10,0,True,0.04542605532666548,0.0,0.0,0.04542605532666548,0.04542605532666548,0.04542605532666548,0.04542605532666548,0.04542605532666548,0.04542605532666548,0.04542605532666548,0.0
tokens_per_total_parameter,efficiency,25m,25000000,dense_121m,10,10,0,True,0.20671276746612816,0.0,0.0,0.20671276746612816,0.20671276746612816,0.20671276746612818,0.20671276746612818,0.20671276746612818,0.20671276746612818,0.20671276746612818,0.0
tokens_per_total_parameter,efficiency,25m,25000000,mla_121m,10,10,0,True,0.18187743851905652,0.0,0.0,0.18187743851905652,0.18187743851905652,0.18187743851905652,0.18187743851905652,0.18187743851905652,0.18187743851905652,0.18187743851905652,0.0
tokens_per_total_parameter,efficiency,25m,25000000,mtp_121m,10,10,0,True,0.18341869458326995,0.0,0.0,0.18341869458326995,0.18341869458326995,0.18341869458326995,0.18341869458326995,0.18341869458326995,0.18341869458326995,0.18341869458326995,0.0
tokens_per_total_parameter,efficiency,25m,25000000,moe_220m,10,10,0,True,0.1135651383166637,0.0,0.0,0.1135651383166637,0.1135651383166637,0.1135651383166637,0.1135651383166637,0.1135651383166637,0.1135651383166637,0.1135651383166637,0.0
tokens_per_total_parameter,efficiency,25m,25000000,mla_moe_220m,10,10,0,True,0.10564016359838566,0.0,0.0,0.10564016359838566,0.10564016359838566,0.10564016359838566,0.10564016359838566,0.10564016359838566,0.10564016359838566,0.10564016359838566,0.0
tokens_per_total_parameter,efficiency,25m,25000000,v3_routing_220m,10,10,0,True,0.1135651383166637,0.0,0.0,0.1135651383166637,0.1135651383166637,0.1135651383166637,0.1135651383166637,0.1135651383166637,0.1135651383166637,0.1135651383166637,0.0
tokens_per_total_parameter,efficiency,50m,50000000,dense_121m,10,10,0,True,0.41341706830241953,0.0,0.0,0.41341706830241953,0.41341706830241953,0.41341706830241953,0.41341706830241953,0.41341706830241953,0.41341706830241953,0.41341706830241953,0.0
tokens_per_total_parameter,efficiency,50m,50000000,mla_121m,10,10,0,True,0.3637474276242888,0.0,0.0,0.3637474276242888,0.3637474276242888,0.3637474276242888,0.3637474276242888,0.3637474276242888,0.3637474276242888,0.3637474276242888,0.0
tokens_per_total_parameter,efficiency,50m,50000000,mtp_121m,10,10,0,True,0.3668298766252914,0.0,0.0,0.3668298766252914,0.3668298766252914,0.3668298766252914,0.3668298766252914,0.3668298766252914,0.3668298766252914,0.3668298766252914,0.0
tokens_per_total_parameter,efficiency,50m,50000000,moe_220m,10,10,0,True,0.22712562518387763,0.0,0.0,0.22712562518387763,0.22712562518387763,0.2271256251838776,0.2271256251838776,0.2271256251838776,0.2271256251838776,0.2271256251838776,0.0
tokens_per_total_parameter,efficiency,50m,50000000,mla_moe_220m,10,10,0,True,0.21127600034182153,0.0,0.0,0.21127600034182153,0.21127600034182153,0.21127600034182153,0.21127600034182153,0.21127600034182153,0.21127600034182153,0.21127600034182153,0.0
tokens_per_total_parameter,efficiency,50m,50000000,v3_routing_220m,10,10,0,True,0.22712562518387763,0.0,0.0,0.22712562518387763,0.22712562518387763,0.2271256251838776,0.2271256251838776,0.2271256251838776,0.2271256251838776,0.2271256251838776,0.0
tokens_per_trainable_parameter,efficiency,10m,10000000,dense_121m,10,10,0,True,0.08268510698645128,0.0,0.0,0.08268510698645128,0.08268510698645128,0.08268510698645128,0.08268510698645128,0.08268510698645128,0.08268510698645128,0.08268510698645128,0.0
tokens_per_trainable_parameter,efficiency,10m,10000000,mla_121m,10,10,0,True,0.07275097540762261,0.0,0.0,0.07275097540762261,0.07275097540762261,0.07275097540762261,0.07275097540762261,0.07275097540762261,0.07275097540762261,0.07275097540762261,0.0
tokens_per_trainable_parameter,efficiency,10m,10000000,mtp_121m,10,10,0,True,0.07336747783330798,0.0,0.0,0.07336747783330798,0.07336747783330798,0.07336747783330798,0.07336747783330798,0.07336747783330798,0.07336747783330798,0.07336747783330798,0.0
tokens_per_trainable_parameter,efficiency,10m,10000000,moe_220m,10,10,0,True,0.04542605532666548,0.0,0.0,0.04542605532666548,0.04542605532666548,0.04542605532666548,0.04542605532666548,0.04542605532666548,0.04542605532666548,0.04542605532666548,0.0
tokens_per_trainable_parameter,efficiency,10m,10000000,mla_moe_220m,10,10,0,True,0.04225606543935426,0.0,0.0,0.04225606543935426,0.04225606543935426,0.04225606543935426,0.04225606543935426,0.04225606543935426,0.04225606543935426,0.04225606543935426,0.0
tokens_per_trainable_parameter,efficiency,10m,10000000,v3_routing_220m,10,10,0,True,0.04542605532666548,0.0,0.0,0.04542605532666548,0.04542605532666548,0.04542605532666548,0.04542605532666548,0.04542605532666548,0.04542605532666548,0.04542605532666548,0.0
tokens_per_trainable_parameter,efficiency,25m,25000000,dense_121m,10,10,0,True,0.20671276746612816,0.0,0.0,0.20671276746612816,0.20671276746612816,0.20671276746612818,0.20671276746612818,0.20671276746612818,0.20671276746612818,0.20671276746612818,0.0
tokens_per_trainable_parameter,efficiency,25m,25000000,mla_121m,10,10,0,True,0.18187743851905652,0.0,0.0,0.18187743851905652,0.18187743851905652,0.18187743851905652,0.18187743851905652,0.18187743851905652,0.18187743851905652,0.18187743851905652,0.0
tokens_per_trainable_parameter,efficiency,25m,25000000,mtp_121m,10,10,0,True,0.18341869458326995,0.0,0.0,0.18341869458326995,0.18341869458326995,0.18341869458326995,0.18341869458326995,0.18341869458326995,0.18341869458326995,0.18341869458326995,0.0
tokens_per_trainable_parameter,efficiency,25m,25000000,moe_220m,10,10,0,True,0.1135651383166637,0.0,0.0,0.1135651383166637,0.1135651383166637,0.1135651383166637,0.1135651383166637,0.1135651383166637,0.1135651383166637,0.1135651383166637,0.0
tokens_per_trainable_parameter,efficiency,25m,25000000,mla_moe_220m,10,10,0,True,0.10564016359838566,0.0,0.0,0.10564016359838566,0.10564016359838566,0.10564016359838566,0.10564016359838566,0.10564016359838566,0.10564016359838566,0.10564016359838566,0.0
tokens_per_trainable_parameter,efficiency,25m,25000000,v3_routing_220m,10,10,0,True,0.1135651383166637,0.0,0.0,0.1135651383166637,0.1135651383166637,0.1135651383166637,0.1135651383166637,0.1135651383166637,0.1135651383166637,0.1135651383166637,0.0
tokens_per_trainable_parameter,efficiency,50m,50000000,dense_121m,10,10,0,True,0.41341706830241953,0.0,0.0,0.41341706830241953,0.41341706830241953,0.41341706830241953,0.41341706830241953,0.41341706830241953,0.41341706830241953,0.41341706830241953,0.0
tokens_per_trainable_parameter,efficiency,50m,50000000,mla_121m,10,10,0,True,0.3637474276242888,0.0,0.0,0.3637474276242888,0.3637474276242888,0.3637474276242888,0.3637474276242888,0.3637474276242888,0.3637474276242888,0.3637474276242888,0.0
tokens_per_trainable_parameter,efficiency,50m,50000000,mtp_121m,10,10,0,True,0.3668298766252914,0.0,0.0,0.3668298766252914,0.3668298766252914,0.3668298766252914,0.3668298766252914,0.3668298766252914,0.3668298766252914,0.3668298766252914,0.0
tokens_per_trainable_parameter,efficiency,50m,50000000,moe_220m,10,10,0,True,0.22712562518387763,0.0,0.0,0.22712562518387763,0.22712562518387763,0.2271256251838776,0.2271256251838776,0.2271256251838776,0.2271256251838776,0.2271256251838776,0.0
tokens_per_trainable_parameter,efficiency,50m,50000000,mla_moe_220m,10,10,0,True,0.21127600034182153,0.0,0.0,0.21127600034182153,0.21127600034182153,0.21127600034182153,0.21127600034182153,0.21127600034182153,0.21127600034182153,0.21127600034182153,0.0
tokens_per_trainable_parameter,efficiency,50m,50000000,v3_routing_220m,10,10,0,True,0.22712562518387763,0.0,0.0,0.22712562518387763,0.22712562518387763,0.2271256251838776,0.2271256251838776,0.2271256251838776,0.2271256251838776,0.2271256251838776,0.0
total_parameters,efficiency,10m,10000000,dense_121m,10,10,0,True,120945408.0,0.0,0.0,120945408.0,120945408.0,120945408.0,120945408.0,120945408.0,120945408.0,120945408.0,0.0
total_parameters,efficiency,10m,10000000,mla_121m,10,10,0,True,137460480.0,0.0,0.0,137460480.0,137460480.0,137460480.0,137460480.0,137460480.0,137460480.0,137460480.0,0.0
total_parameters,efficiency,10m,10000000,mtp_121m,10,10,0,True,136305408.0,0.0,0.0,136305408.0,136305408.0,136305408.0,136305408.0,136305408.0,136305408.0,136305408.0,0.0
total_parameters,efficiency,10m,10000000,moe_220m,10,10,0,True,220146432.0,0.0,0.0,220146432.0,220146432.0,220146432.0,220146432.0,220146432.0,220146432.0,220146432.0,0.0
total_parameters,efficiency,10m,10000000,mla_moe_220m,10,10,0,True,236661504.0,0.0,0.0,236661504.0,236661504.0,236661504.0,236661504.0,236661504.0,236661504.0,236661504.0,0.0
total_parameters,efficiency,10m,10000000,v3_routing_220m,10,10,0,True,220146432.0,0.0,0.0,220146432.0,220146432.0,220146432.0,220146432.0,220146432.0,220146432.0,220146432.0,0.0
total_parameters,efficiency,25m,25000000,dense_121m,10,10,0,True,120945408.0,0.0,0.0,120945408.0,120945408.0,120945408.0,120945408.0,120945408.0,120945408.0,120945408.0,0.0
total_parameters,efficiency,25m,25000000,mla_121m,10,10,0,True,137460480.0,0.0,0.0,137460480.0,137460480.0,137460480.0,137460480.0,137460480.0,137460480.0,137460480.0,0.0
total_parameters,efficiency,25m,25000000,mtp_121m,10,10,0,True,136305408.0,0.0,0.0,136305408.0,136305408.0,136305408.0,136305408.0,136305408.0,136305408.0,136305408.0,0.0
total_parameters,efficiency,25m,25000000,moe_220m,10,10,0,True,220146432.0,0.0,0.0,220146432.0,220146432.0,220146432.0,220146432.0,220146432.0,220146432.0,220146432.0,0.0
total_parameters,efficiency,25m,25000000,mla_moe_220m,10,10,0,True,236661504.0,0.0,0.0,236661504.0,236661504.0,236661504.0,236661504.0,236661504.0,236661504.0,236661504.0,0.0
total_parameters,efficiency,25m,25000000,v3_routing_220m,10,10,0,True,220146432.0,0.0,0.0,220146432.0,220146432.0,220146432.0,220146432.0,220146432.0,220146432.0,220146432.0,0.0
total_parameters,efficiency,50m,50000000,dense_121m,10,10,0,True,120945408.0,0.0,0.0,120945408.0,120945408.0,120945408.0,120945408.0,120945408.0,120945408.0,120945408.0,0.0
total_parameters,efficiency,50m,50000000,mla_121m,10,10,0,True,137460480.0,0.0,0.0,137460480.0,137460480.0,137460480.0,137460480.0,137460480.0,137460480.0,137460480.0,0.0
total_parameters,efficiency,50m,50000000,mtp_121m,10,10,0,True,136305408.0,0.0,0.0,136305408.0,136305408.0,136305408.0,136305408.0,136305408.0,136305408.0,136305408.0,0.0
total_parameters,efficiency,50m,50000000,moe_220m,10,10,0,True,220146432.0,0.0,0.0,220146432.0,220146432.0,220146432.0,220146432.0,220146432.0,220146432.0,220146432.0,0.0
total_parameters,efficiency,50m,50000000,mla_moe_220m,10,10,0,True,236661504.0,0.0,0.0,236661504.0,236661504.0,236661504.0,236661504.0,236661504.0,236661504.0,236661504.0,0.0
total_parameters,efficiency,50m,50000000,v3_routing_220m,10,10,0,True,220146432.0,0.0,0.0,220146432.0,220146432.0,220146432.0,220146432.0,220146432.0,220146432.0,220146432.0,0.0
train_loss,optimization,10m,10000000,dense_121m,10,10,0,False,5.0202264308929445,0.15589870361276545,0.049299498768385956,4.9087032166345,5.131749645151389,5.067473411560059,4.760186672210693,5.212094783782959,4.882511734962463,5.127435088157654,0.24492335319519043
train_loss,optimization,10m,10000000,mla_121m,10,10,0,False,5.044100761413574,0.18250164673072947,0.05771208804005273,4.91354694807703,5.174654574750118,5.038357496261597,4.772636413574219,5.314332008361816,4.888896226882935,5.2013455629348755,0.3124493360519409
train_loss,optimization,10m,10000000,mtp_121m,10,10,0,False,7.024555730819702,0.19142501340456908,0.060533904348670134,6.88761852550868,7.161492936130724,7.0455827713012695,6.699011325836182,7.26869010925293,6.916719317436218,7.171483755111694,0.2547644376754761
train_loss,optimization,10m,10000000,moe_220m,10,10,0,False,5.078613519668579,0.16653246651092377,0.052662189854023295,4.9594833696846745,5.197743669652484,5.1168975830078125,4.788061618804932,5.264789581298828,4.9438217878341675,5.228373646736145,0.28455185890197754
train_loss,optimization,10m,10000000,mla_moe_220m,10,10,0,False,5.125096559524536,0.15087838783753227,0.04771193552608488,5.017164662825967,5.2330284562231055,5.190798044204712,4.86407470703125,5.303387641906738,4.999343156814575,5.226473331451416,0.22713017463684082
train_loss,optimization,10m,10000000,v3_routing_220m,10,10,0,False,4.962110185623169,0.16119750634225188,0.05097512731809537,4.846796436238906,5.077423935007433,4.996932744979858,4.6898980140686035,5.193730354309082,4.8345736265182495,5.060356974601746,0.2257833480834961
train_loss,optimization,25m,25000000,dense_121m,10,10,0,False,4.619069194793701,0.19522136960460273,0.061734417588810944,4.479416239857529,4.758722149729873,4.616611957550049,4.319053649902344,4.912210464477539,4.5138328075408936,4.770108461380005,0.25627565383911133
train_loss,optimization,25m,25000000,mla_121m,10,10,0,False,4.677301454544067,0.18000433862530624,0.056922369876819,4.548534107807029,4.806068801281105,4.690557479858398,4.399806022644043,4.953968048095703,4.566040396690369,4.813254475593567,0.24721407890319824
train_loss,optimization,25m,25000000,mtp_121m,10,10,0,False,6.596292161941529,0.21093122248044543,0.06670230926819189,6.445401055259124,6.7471832686239335,6.5874924659729,6.243891716003418,6.882096290588379,6.474663257598877,6.774739861488342,0.30007660388946533
train_loss,optimization,25m,25000000,moe_220m,10,10,0,False,4.744822978973389,0.18790877491223165,0.059421972105455856,4.610401139150836,4.879244818795941,4.755554676055908,4.457578182220459,5.04425048828125,4.655559062957764,4.875557780265808,0.21999871730804443
train_loss,optimization,25m,25000000,mla_moe_220m,10,10,0,False,4.7764198780059814,0.19608665203448503,0.06200804391858625,4.636147937307993,4.91669181870397,4.801485776901245,4.461749076843262,5.060979843139648,4.663187861442566,4.8967413902282715,0.23355352878570557
train_loss,optimization,25m,25000000,v3_routing_220m,10,10,0,False,4.602771759033203,0.18361323867498638,0.05806360427730741,4.471422760722733,4.734120757343673,4.608328819274902,4.326218128204346,4.852590560913086,4.50157904624939,4.758385896682739,0.2568068504333496
train_loss,optimization,50m,50000000,dense_121m,10,10,0,False,4.540519714355469,0.20679121327384725,0.0653931234055002,4.392590191849711,4.688449236861227,4.515610218048096,4.18446159362793,4.817912578582764,4.433498024940491,4.694680690765381,0.26118266582489014
train_loss,optimization,50m,50000000,mla_121m,10,10,0,False,4.596685934066772,0.18839992968809424,0.059577288882995384,4.461912743283415,4.731459124850129,4.599862813949585,4.279387474060059,4.830804347991943,4.484267711639404,4.756192207336426,0.2719244956970215
train_loss,optimization,50m,50000000,mtp_121m,10,10,0,False,6.509416913986206,0.2479788957984884,0.07841781223767821,6.332023498346263,6.686810329626148,6.528512001037598,6.090059757232666,6.812649726867676,6.388040065765381,6.706710577011108,0.31867051124572754
train_loss,optimization,50m,50000000,moe_220m,10,10,0,False,4.632522249221802,0.20748848790856533,0.0656136210055373,4.484093926490753,4.780950571952851,4.604146242141724,4.270902633666992,4.913909435272217,4.521319270133972,4.779078483581543,0.2577592134475708
train_loss,optimization,50m,50000000,mla_moe_220m,10,10,0,False,4.674181509017944,0.18737020774941412,0.05925166221470804,4.540144936934633,4.808218081101256,4.6869306564331055,4.371596813201904,4.923166275024414,4.567578911781311,4.811286926269531,0.24370801448822021
train_loss,optimization,50m,50000000,v3_routing_220m,10,10,0,False,4.519783067703247,0.190214645579868,0.06015115243540625,4.383711707374367,4.655854428032127,4.49223256111145,4.213029861450195,4.75701379776001,4.422340273857117,4.701688885688782,0.27934861183166504
train_tokens_per_second,efficiency,10m,10000000,dense_121m,10,10,0,True,4183.045901652817,13.900729948957308,4.395796777762123,4173.101918486048,4192.989884819585,4184.478075136503,4156.601341634665,4204.116415524487,4176.96953143932,4191.917801867329,14.948270428008982
train_tokens_per_second,efficiency,10m,10000000,mla_121m,10,10,0,True,3655.266577959335,12.039897397958436,3.8073498572283357,3646.653754208745,3663.879401709925,3657.082998431303,3633.670225180627,3672.0104413215295,3650.2866265367197,3661.6837956764807,11.39716913976099
train_tokens_per_second,efficiency,10m,10000000,mtp_121m,10,10,0,True,3619.36496401507,8.467284813573219,2.677590560824557,3613.3078333490134,3625.422094681127,3620.363974860242,3604.5335187072883,3629.019410717108,3615.5154146564073,3626.5753833970593,11.059968740652039
train_tokens_per_second,efficiency,10m,10000000,moe_220m,10,10,0,True,2180.4413898905577,15.58727566429059,4.929129361607236,2169.290924599121,2191.5918551819946,2181.2983676053245,2154.0928590506187,2207.8873406713874,2170.3624384444665,2185.1515339488496,14.789095504383113
train_tokens_per_second,efficiency,10m,10000000,mla_moe_220m,10,10,0,True,2039.9560731307586,10.382139011825329,3.283120626185785,2032.5291382900898,2047.3830079714273,2039.3126987121323,2027.736962649394,2063.4532550523804,2032.931512946672,2044.1090289765716,11.177516029899607
train_tokens_per_second,efficiency,10m,10000000,v3_routing_220m,10,10,0,True,2147.3497456897685,119.06982367060492,37.6531843393742,2062.172325036446,2232.527166343091,2186.5630219054747,1811.421640045075,2210.896321555481,2165.434360891631,2193.1356069006874,27.701246009056376
train_tokens_per_second,efficiency,25m,25000000,dense_121m,10,10,0,True,4187.878071060675,12.786526613402419,4.043454746071091,4178.731140944631,4197.025001176719,4187.080791397981,4165.821950394605,4206.24517023494,4178.208623072272,4198.355075170323,20.146452098051668
train_tokens_per_second,efficiency,25m,25000000,mla_121m,10,10,0,True,3653.6998982373384,15.794953039706941,4.994802714087389,3642.4008695011876,3664.9989269734892,3654.150785203844,3622.731699773301,3673.0564226116753,3644.449026156897,3664.336758297947,19.887732141050037
train_tokens_per_second,efficiency,25m,25000000,mtp_121m,10,10,0,True,3613.671624698357,13.690014036173778,4.329162555398389,3603.8783786149925,3623.4648707817214,3614.3433875107858,3592.029429847003,3632.977016819761,3605.374548213167,3622.8894111984123,17.514862985245145
train_tokens_per_second,efficiency,25m,25000000,moe_220m,10,10,0,True,2179.276238497395,7.173160975988702,2.2683526707160677,2174.144868255712,2184.4076087390777,2178.725135945156,2170.258606644957,2193.0700390294405,2174.0504911706776,2181.9117865802345,7.861295409556988
train_tokens_per_second,efficiency,25m,25000000,mla_moe_220m,10,10,0,True,2040.4735035759684,8.562668928829908,2.7077536665056723,2034.3481392243443,2046.5988679275924,2043.829619385318,2028.1604940233344,2050.3058964344373,2033.3228029889613,2047.352499149843,14.029696160881713
train_tokens_per_second,efficiency,25m,25000000,v3_routing_220m,10,10,0,True,2180.1522153050837,9.155372209631366,2.895182900904368,2173.6028565683578,2186.7015740418096,2180.496514292805,2166.7333504942544,2194.123758057617,2172.7993885573187,2184.848111141395,12.048722584076131
train_tokens_per_second,efficiency,50m,50000000,dense_121m,10,10,0,True,4196.921154989223,5.655342142349277,1.78837621173599,4192.875566932169,4200.966743046278,4199.403467534603,4183.019802769981,4202.504160977891,4194.691993337109,4200.069177755094,5.3771844179846084
train_tokens_per_second,efficiency,50m,50000000,mla_121m,10,10,0,True,3659.6550480680125,4.68812383945696,1.4825149285617554,3656.3013663034963,3663.008729832529,3659.9547813561267,3653.502748513355,3665.202260562399,3655.3694142023473,3663.7569457758173,8.387531573469914
train_tokens_per_second,efficiency,50m,50000000,mtp_121m,10,10,0,True,3632.162954640731,7.761888764213081,2.4545247439782973,3626.6104339100157,3637.7154753714467,3633.3268813540326,3620.248078773263,3641.6490814237936,3625.5494177496867,3638.6003706099955,13.050952860308826
train_tokens_per_second,efficiency,50m,50000000,moe_220m,10,10,0,True,2186.8202328460575,12.058852321004633,3.813343930198256,2178.1938495603645,2195.4466161317505,2186.865558085673,2173.8448822905207,2216.020552246868,2178.8764893238367,2188.742951650811,9.866462326974215
train_tokens_per_second,efficiency,50m,50000000,mla_moe_220m,10,10,0,True,2047.4783423675904,10.824692376218426,3.4230682879510494,2039.7348239214502,2055.2218608137305,2048.908982669199,2027.7805930860334,2063.5890077278777,2041.5590247087864,2054.960080697151,13.40105598836476
train_tokens_per_second,efficiency,50m,50000000,v3_routing_220m,10,10,0,True,2188.7135850994396,8.54744762892208,2.7029402688399475,2182.599109409822,2194.828060789057,2186.587155718848,2180.573609079482,2203.375101651922,2181.7526901748984,2191.8151019685865,10.06241179368817
trainable_parameters,efficiency,10m,10000000,dense_121m,10,10,0,True,120945408.0,0.0,0.0,120945408.0,120945408.0,120945408.0,120945408.0,120945408.0,120945408.0,120945408.0,0.0
trainable_parameters,efficiency,10m,10000000,mla_121m,10,10,0,True,137460480.0,0.0,0.0,137460480.0,137460480.0,137460480.0,137460480.0,137460480.0,137460480.0,137460480.0,0.0
trainable_parameters,efficiency,10m,10000000,mtp_121m,10,10,0,True,136305408.0,0.0,0.0,136305408.0,136305408.0,136305408.0,136305408.0,136305408.0,136305408.0,136305408.0,0.0
trainable_parameters,efficiency,10m,10000000,moe_220m,10,10,0,True,220146432.0,0.0,0.0,220146432.0,220146432.0,220146432.0,220146432.0,220146432.0,220146432.0,220146432.0,0.0
trainable_parameters,efficiency,10m,10000000,mla_moe_220m,10,10,0,True,236661504.0,0.0,0.0,236661504.0,236661504.0,236661504.0,236661504.0,236661504.0,236661504.0,236661504.0,0.0
trainable_parameters,efficiency,10m,10000000,v3_routing_220m,10,10,0,True,220146432.0,0.0,0.0,220146432.0,220146432.0,220146432.0,220146432.0,220146432.0,220146432.0,220146432.0,0.0
trainable_parameters,efficiency,25m,25000000,dense_121m,10,10,0,True,120945408.0,0.0,0.0,120945408.0,120945408.0,120945408.0,120945408.0,120945408.0,120945408.0,120945408.0,0.0
trainable_parameters,efficiency,25m,25000000,mla_121m,10,10,0,True,137460480.0,0.0,0.0,137460480.0,137460480.0,137460480.0,137460480.0,137460480.0,137460480.0,137460480.0,0.0
trainable_parameters,efficiency,25m,25000000,mtp_121m,10,10,0,True,136305408.0,0.0,0.0,136305408.0,136305408.0,136305408.0,136305408.0,136305408.0,136305408.0,136305408.0,0.0
trainable_parameters,efficiency,25m,25000000,moe_220m,10,10,0,True,220146432.0,0.0,0.0,220146432.0,220146432.0,220146432.0,220146432.0,220146432.0,220146432.0,220146432.0,0.0
trainable_parameters,efficiency,25m,25000000,mla_moe_220m,10,10,0,True,236661504.0,0.0,0.0,236661504.0,236661504.0,236661504.0,236661504.0,236661504.0,236661504.0,236661504.0,0.0
trainable_parameters,efficiency,25m,25000000,v3_routing_220m,10,10,0,True,220146432.0,0.0,0.0,220146432.0,220146432.0,220146432.0,220146432.0,220146432.0,220146432.0,220146432.0,0.0
trainable_parameters,efficiency,50m,50000000,dense_121m,10,10,0,True,120945408.0,0.0,0.0,120945408.0,120945408.0,120945408.0,120945408.0,120945408.0,120945408.0,120945408.0,0.0
trainable_parameters,efficiency,50m,50000000,mla_121m,10,10,0,True,137460480.0,0.0,0.0,137460480.0,137460480.0,137460480.0,137460480.0,137460480.0,137460480.0,137460480.0,0.0
trainable_parameters,efficiency,50m,50000000,mtp_121m,10,10,0,True,136305408.0,0.0,0.0,136305408.0,136305408.0,136305408.0,136305408.0,136305408.0,136305408.0,136305408.0,0.0
trainable_parameters,efficiency,50m,50000000,moe_220m,10,10,0,True,220146432.0,0.0,0.0,220146432.0,220146432.0,220146432.0,220146432.0,220146432.0,220146432.0,220146432.0,0.0
trainable_parameters,efficiency,50m,50000000,mla_moe_220m,10,10,0,True,236661504.0,0.0,0.0,236661504.0,236661504.0,236661504.0,236661504.0,236661504.0,236661504.0,236661504.0,0.0
trainable_parameters,efficiency,50m,50000000,v3_routing_220m,10,10,0,True,220146432.0,0.0,0.0,220146432.0,220146432.0,220146432.0,220146432.0,220146432.0,220146432.0,220146432.0,0.0
validation_loss,quality,10m,10000000,dense_121m,10,10,0,True,5.0227198314666754,0.016563342210202406,0.005237788704904702,5.010871130230951,5.0345685327024,5.022853283882141,5.00126169204712,5.049073481559754,5.010361276865005,5.036783419847488,0.02642214298248291
validation_loss,quality,10m,10000000,mla_121m,10,10,0,True,5.076782487869263,0.03181042527164432,0.010059339719697647,5.054026680469904,5.099538295268622,5.081750831604004,5.016890120506287,5.138198909759521,5.072163852453232,5.0871287691593166,0.014964916706084352
validation_loss,quality,10m,10000000,mtp_121m,10,10,0,True,5.022073311805725,0.021559297885742765,0.0068176486072999715,5.006650719175671,5.037495904435779,5.026750729084014,4.989459028244019,5.054121799468994,5.010091906785965,5.03439331293106,0.024301406145095683
validation_loss,quality,10m,10000000,moe_220m,10,10,0,True,4.970074525356293,0.00896894986123004,0.0028362309781338043,4.96365852513392,4.976490525578666,4.969833009243011,4.956976222991943,4.983359966278076,4.962827275991439,4.975311881303788,0.012484605312348407
validation_loss,quality,10m,10000000,mla_moe_220m,10,10,0,True,5.021640481948852,0.02345002083442792,0.0074155477015194465,5.004865347600212,5.038415616297492,5.025196483135224,4.992975482940674,5.0577370023727415,5.000604141950608,5.035709729194641,0.035105587244033565
validation_loss,quality,10m,10000000,v3_routing_220m,10,10,0,True,4.979385396957397,0.014018954743522914,0.004433182740435404,4.969356840867381,4.989413953047413,4.977546560764313,4.955051074028015,5.006309819221497,4.971556773185729,4.9855645298957825,0.014007756710053165
validation_loss,quality,25m,25000000,dense_121m,10,10,0,True,4.596816851139069,0.009960965914578087,0.0031499339985368974,4.589691205382118,4.60394249689602,4.594354357719421,4.585212154388428,4.621394553184509,4.5913578581809995,4.598380103111268,0.007022244930268151
validation_loss,quality,25m,25000000,mla_121m,10,10,0,True,4.6418686509132385,0.016259104018910737,0.005141580141335533,4.6302375885687095,4.653499713257768,4.640750453472137,4.61867467880249,4.675508689880371,4.636604955196381,4.646490616798401,0.00988566160201998
validation_loss,quality,25m,25000000,mtp_121m,10,10,0,True,4.58753363275528,0.01235591347579422,0.003907282915547749,4.578694744721018,4.596372520789542,4.587866208553315,4.559765419960022,4.604061307907105,4.582750693559646,4.595433051586151,0.012682358026505192
validation_loss,quality,25m,25000000,moe_220m,10,10,0,True,4.573995110511779,0.014623611097096915,0.004624391868333998,4.563534009323506,4.5844562117000525,4.572911419868469,4.554027361869812,4.597828526496887,4.563261252641678,4.586368000507355,0.023106747865677235
validation_loss,quality,25m,25000000,mla_moe_220m,10,10,0,True,4.615165399074554,0.01064432779482354,0.003366031999307983,4.6075509056773045,4.6227798924718035,4.614011175632477,4.601074109077453,4.640058860778809,4.6103918230533605,4.618578459024429,0.008186635971068945
validation_loss,quality,25m,25000000,v3_routing_220m,10,10,0,True,4.575875092029571,0.006892821294238323,0.0021797014794302746,4.570944264715241,4.580805919343902,4.576683068275452,4.567547717094421,4.588345732688904,4.569378046989441,4.579695557355881,0.010317510366439464
validation_loss,quality,50m,50000000,dense_121m,10,10,0,True,4.417299575805664,0.005850734743345872,0.0018501647774453625,4.413114212302116,4.421484939309213,4.416153581142425,4.408506515026093,4.425653915405274,4.4140377318859105,4.4217210370302205,0.0076833051443099265
validation_loss,quality,50m,50000000,mla_121m,10,10,0,True,4.465477472305298,0.012130262782431706,0.0038359259008855706,4.456800005052866,4.47415493955773,4.4628664302825936,4.44751650094986,4.485051980018616,4.457107003331185,4.473161737322807,0.016054733991622605
validation_loss,quality,50m,50000000,mtp_121m,10,10,0,True,4.399777106523514,0.010633375974861714,0.003362568729747636,4.392170447586306,4.407383765460722,4.395693768262863,4.388782823085785,4.421631121635437,4.3925641310215,4.406034796237945,0.013470665216445354
validation_loss,quality,50m,50000000,moe_220m,10,10,0,True,4.386480032444,0.0061577797788554545,0.0019472609430911186,4.3820750221538605,4.39088504273414,4.385524938106537,4.377377479076386,4.400483725070953,4.383838379383087,4.38847950577736,0.004641126394273165
validation_loss,quality,50m,50000000,mla_moe_220m,10,10,0,True,4.432931434631348,0.005286571849819969,0.0016717608059560712,4.429149648949765,4.436713220312931,4.431546311378479,4.427776000499725,4.443242726325988,4.4287599539756775,4.436330950260163,0.007570996284485432
validation_loss,quality,50m,50000000,v3_routing_220m,10,10,0,True,4.391396481990815,0.006774590456538941,0.002142313605750299,4.386550231922729,4.396242732058901,4.389637783765792,4.385808789730072,4.4089886403083804,4.3872393608093265,4.392425982952117,0.005186622142790753
validation_perplexity,quality,10m,10000000,dense_121m,10,10,0,True,151.8424388311351,2.518409037462729,0.7963908638334539,150.04087753417275,153.64400012809745,151.84402413365234,148.6005289817918,155.87797374296116,149.95890387080107,153.97591570705092,4.01701183624985
validation_perplexity,quality,10m,10000000,mla_121m,10,10,0,True,160.33051622576696,5.094441480291827,1.6110038484161975,156.68617233086894,163.97486012066497,161.05582222030756,150.94116430275577,170.40857054560524,159.51955074049596,161.92451900852015,2.4049682680241915
validation_perplexity,quality,10m,10000000,mtp_121m,10,10,0,True,151.75724376734155,3.2646228834142463,1.032364401309535,149.42187324236036,154.09261429232274,152.437029148735,146.85695653728675,156.66688497132208,149.91855393073024,153.6068773532869,3.688323422556664
validation_perplexity,quality,10m,10000000,moe_220m,10,10,0,True,144.04283767162065,1.2927163268907267,0.4087927961461469,143.11808411974172,144.96759122349957,144.00290857155713,142.16327528266072,145.96399274805668,142.99813312723816,144.79432855797592,1.796195430737754
validation_perplexity,quality,10m,10000000,mla_moe_220m,10,10,0,True,151.69746564594823,3.562559025091323,1.1265800818077532,149.1489644444855,154.24596684741095,152.20022206318777,147.37428141350443,157.2342925776176,148.5028488814159,153.80924343357947,5.306394552163567
validation_perplexity,quality,10m,10000000,v3_routing_220m,10,10,0,True,145.39787219063066,2.0416893693964413,0.6456388681845632,143.93733560042295,146.85840878083837,145.11875078769881,141.8898530742287,149.35257997772703,144.25141852290335,146.2861371132509,2.034718590347552
validation_perplexity,quality,25m,25000000,dense_121m,10,10,0,True,99.17259521985936,0.9951042637545773,0.3146795982809402,98.46074051263967,99.88444992707905,98.92429252067632,98.02398115403327,101.63566969286357,98.62826257683079,99.32334285814404,0.6950802813132526
validation_perplexity,quality,25m,25000000,mla_121m,10,10,0,True,103.75039083495635,1.6936658408181198,0.5355841652209434,102.53881527935114,104.96196639056156,103.62208981989176,101.35960903390854,107.28712909016203,103.19346009909016,104.21862060473184,1.0251605056416793
validation_perplexity,quality,25m,25000000,mtp_121m,10,10,0,True,98.25853131864406,1.2073856919294323,0.3818088800795385,97.39481962577402,99.1222430115141,98.28448843647601,95.56106048321494,99.88917364971277,97.78305296044019,99.03101933221743,1.2479663717772382
validation_perplexity,quality,25m,25000000,moe_220m,10,10,0,True,96.9399217633304,1.4193991849367933,0.4488534333386827,95.92454475408242,97.95529877257839,96.82568703548651,95.01429575109654,99.26852246591801,95.89571548217617,98.13775455372503,2.2420390715488594
validation_perplexity,quality,25m,25000000,mla_moe_220m,10,10,0,True,101.00970289344357,1.0814000794620755,0.3419687312987231,100.23611587850272,101.78328990838443,100.8880694185277,99.5912300570219,103.550442463594,100.52352947517721,101.34997417743423,0.8264447022570209
validation_perplexity,quality,25m,25000000,v3_routing_220m,10,10,0,True,97.1150621804029,0.669943638305264,0.21185478009846612,96.63581337214224,97.59431098866357,97.19162855747915,96.30764635890979,98.33162874146528,96.48427661870275,97.48473361351594,1.0004569948131916
validation_perplexity,quality,50m,50000000,dense_121m,10,10,0,True,82.87346982580166,0.4851027827432977,0.1534029692754645,82.52644820006944,83.22049145153389,82.77729298069707,82.14668700189847,83.56743539237583,82.60232320153803,83.23953452184969,0.637211320311664
validation_perplexity,quality,50m,50000000,mla_121m,10,10,0,True,86.96830662905363,1.0567234347836219,0.33416529107926446,86.21237222229924,87.72424103580802,86.73578531491597,85.41455341318236,88.68156036231586,86.23766269572184,87.63340493150623,1.3957422357843967
validation_perplexity,quality,50m,50000000,mtp_121m,10,10,0,True,81.43687122636393,0.8696974884542732,0.2750224938843495,80.81472712190856,82.0590153308193,81.10089985241038,80.54232503509492,83.23193610857747,80.84746141350014,81.94396891189163,1.0965074983914889
validation_perplexity,quality,50m,50000000,moe_220m,10,10,0,True,80.35843994884208,0.49617549942249317,0.15690446973466388,80.00349737876573,80.71338251891842,80.2803573758398,79.62893079980218,81.49027802307108,80.14508835620437,80.51790393299224,0.3728155767878718
validation_perplexity,quality,50m,50000000,mla_moe_220m,10,10,0,True,84.17887728185562,0.44581358855180286,0.14097863516768636,83.8599614525176,84.49779311119364,84.06145318679367,83.74496089689697,85.05028980701796,83.82740324805106,84.46453810312217,0.6371348550711105
validation_perplexity,quality,50m,50000000,v3_routing_220m,10,10,0,True,80.75478510275848,0.5504166731723941,0.1740570349357262,80.36104073445317,81.14852947106378,80.6112154092956,80.30314531442038,82.18630154537738,80.4181601497297,80.8363246790691,0.41816452933939274
