metric,metric_group,metric_direction,model,seed,value_10m,value_25m,value_50m,delta_25m_minus_10m,delta_50m_minus_25m,delta_50m_minus_10m,relative_50m_vs_10m_percent,slope_per_log10_token,monotone_decreasing,monotone_increasing
activated_parameters_per_token,efficiency,descriptive_only,dense_121m,1337,120945408.0,120945408.0,120945408.0,0.0,0.0,0.0,0.0,0.0,True,True
activated_parameters_per_token,efficiency,descriptive_only,dense_121m,2027,120945408.0,120945408.0,120945408.0,0.0,0.0,0.0,0.0,0.0,True,True
activated_parameters_per_token,efficiency,descriptive_only,dense_121m,31415,120945408.0,120945408.0,120945408.0,0.0,0.0,0.0,0.0,0.0,True,True
activated_parameters_per_token,efficiency,descriptive_only,dense_121m,4441,120945408.0,120945408.0,120945408.0,0.0,0.0,0.0,0.0,0.0,True,True
activated_parameters_per_token,efficiency,descriptive_only,dense_121m,5501,120945408.0,120945408.0,120945408.0,0.0,0.0,0.0,0.0,0.0,True,True
activated_parameters_per_token,efficiency,descriptive_only,dense_121m,6173,120945408.0,120945408.0,120945408.0,0.0,0.0,0.0,0.0,0.0,True,True
activated_parameters_per_token,efficiency,descriptive_only,dense_121m,8191,120945408.0,120945408.0,120945408.0,0.0,0.0,0.0,0.0,0.0,True,True
activated_parameters_per_token,efficiency,descriptive_only,dense_121m,10007,120945408.0,120945408.0,120945408.0,0.0,0.0,0.0,0.0,0.0,True,True
activated_parameters_per_token,efficiency,descriptive_only,dense_121m,11213,120945408.0,120945408.0,120945408.0,0.0,0.0,0.0,0.0,0.0,True,True
activated_parameters_per_token,efficiency,descriptive_only,dense_121m,12721,120945408.0,120945408.0,120945408.0,0.0,0.0,0.0,0.0,0.0,True,True
activated_parameters_per_token,efficiency,descriptive_only,mla_121m,1337,137460480.0,137460480.0,137460480.0,0.0,0.0,0.0,0.0,0.0,True,True
activated_parameters_per_token,efficiency,descriptive_only,mla_121m,2027,137460480.0,137460480.0,137460480.0,0.0,0.0,0.0,0.0,0.0,True,True
activated_parameters_per_token,efficiency,descriptive_only,mla_121m,31415,137460480.0,137460480.0,137460480.0,0.0,0.0,0.0,0.0,0.0,True,True
activated_parameters_per_token,efficiency,descriptive_only,mla_121m,4441,137460480.0,137460480.0,137460480.0,0.0,0.0,0.0,0.0,0.0,True,True
activated_parameters_per_token,efficiency,descriptive_only,mla_121m,5501,137460480.0,137460480.0,137460480.0,0.0,0.0,0.0,0.0,0.0,True,True
activated_parameters_per_token,efficiency,descriptive_only,mla_121m,6173,137460480.0,137460480.0,137460480.0,0.0,0.0,0.0,0.0,0.0,True,True
activated_parameters_per_token,efficiency,descriptive_only,mla_121m,8191,137460480.0,137460480.0,137460480.0,0.0,0.0,0.0,0.0,0.0,True,True
activated_parameters_per_token,efficiency,descriptive_only,mla_121m,10007,137460480.0,137460480.0,137460480.0,0.0,0.0,0.0,0.0,0.0,True,True
activated_parameters_per_token,efficiency,descriptive_only,mla_121m,11213,137460480.0,137460480.0,137460480.0,0.0,0.0,0.0,0.0,0.0,True,True
activated_parameters_per_token,efficiency,descriptive_only,mla_121m,12721,137460480.0,137460480.0,137460480.0,0.0,0.0,0.0,0.0,0.0,True,True
activated_parameters_per_token,efficiency,descriptive_only,mtp_121m,1337,136305408.0,136305408.0,136305408.0,0.0,0.0,0.0,0.0,0.0,True,True
activated_parameters_per_token,efficiency,descriptive_only,mtp_121m,2027,136305408.0,136305408.0,136305408.0,0.0,0.0,0.0,0.0,0.0,True,True
activated_parameters_per_token,efficiency,descriptive_only,mtp_121m,31415,136305408.0,136305408.0,136305408.0,0.0,0.0,0.0,0.0,0.0,True,True
activated_parameters_per_token,efficiency,descriptive_only,mtp_121m,4441,136305408.0,136305408.0,136305408.0,0.0,0.0,0.0,0.0,0.0,True,True
activated_parameters_per_token,efficiency,descriptive_only,mtp_121m,5501,136305408.0,136305408.0,136305408.0,0.0,0.0,0.0,0.0,0.0,True,True
activated_parameters_per_token,efficiency,descriptive_only,mtp_121m,6173,136305408.0,136305408.0,136305408.0,0.0,0.0,0.0,0.0,0.0,True,True
activated_parameters_per_token,efficiency,descriptive_only,mtp_121m,8191,136305408.0,136305408.0,136305408.0,0.0,0.0,0.0,0.0,0.0,True,True
activated_parameters_per_token,efficiency,descriptive_only,mtp_121m,10007,136305408.0,136305408.0,136305408.0,0.0,0.0,0.0,0.0,0.0,True,True
activated_parameters_per_token,efficiency,descriptive_only,mtp_121m,11213,136305408.0,136305408.0,136305408.0,0.0,0.0,0.0,0.0,0.0,True,True
activated_parameters_per_token,efficiency,descriptive_only,mtp_121m,12721,136305408.0,136305408.0,136305408.0,0.0,0.0,0.0,0.0,0.0,True,True
activated_parameters_per_token,efficiency,descriptive_only,moe_220m,1337,78588672.0,78588672.0,78588672.0,0.0,0.0,0.0,0.0,0.0,True,True
activated_parameters_per_token,efficiency,descriptive_only,moe_220m,2027,78588672.0,78588672.0,78588672.0,0.0,0.0,0.0,0.0,0.0,True,True
activated_parameters_per_token,efficiency,descriptive_only,moe_220m,31415,78588672.0,78588672.0,78588672.0,0.0,0.0,0.0,0.0,0.0,True,True
activated_parameters_per_token,efficiency,descriptive_only,moe_220m,4441,78588672.0,78588672.0,78588672.0,0.0,0.0,0.0,0.0,0.0,True,True
activated_parameters_per_token,efficiency,descriptive_only,moe_220m,5501,78588672.0,78588672.0,78588672.0,0.0,0.0,0.0,0.0,0.0,True,True
activated_parameters_per_token,efficiency,descriptive_only,moe_220m,6173,78588672.0,78588672.0,78588672.0,0.0,0.0,0.0,0.0,0.0,True,True
activated_parameters_per_token,efficiency,descriptive_only,moe_220m,8191,78588672.0,78588672.0,78588672.0,0.0,0.0,0.0,0.0,0.0,True,True
activated_parameters_per_token,efficiency,descriptive_only,moe_220m,10007,78588672.0,78588672.0,78588672.0,0.0,0.0,0.0,0.0,0.0,True,True
activated_parameters_per_token,efficiency,descriptive_only,moe_220m,11213,78588672.0,78588672.0,78588672.0,0.0,0.0,0.0,0.0,0.0,True,True
activated_parameters_per_token,efficiency,descriptive_only,moe_220m,12721,78588672.0,78588672.0,78588672.0,0.0,0.0,0.0,0.0,0.0,True,True
activated_parameters_per_token,efficiency,descriptive_only,mla_moe_220m,1337,95103744.0,95103744.0,95103744.0,0.0,0.0,0.0,0.0,0.0,True,True
activated_parameters_per_token,efficiency,descriptive_only,mla_moe_220m,2027,95103744.0,95103744.0,95103744.0,0.0,0.0,0.0,0.0,0.0,True,True
activated_parameters_per_token,efficiency,descriptive_only,mla_moe_220m,31415,95103744.0,95103744.0,95103744.0,0.0,0.0,0.0,0.0,0.0,True,True
activated_parameters_per_token,efficiency,descriptive_only,mla_moe_220m,4441,95103744.0,95103744.0,95103744.0,0.0,0.0,0.0,0.0,0.0,True,True
activated_parameters_per_token,efficiency,descriptive_only,mla_moe_220m,5501,95103744.0,95103744.0,95103744.0,0.0,0.0,0.0,0.0,0.0,True,True
activated_parameters_per_token,efficiency,descriptive_only,mla_moe_220m,6173,95103744.0,95103744.0,95103744.0,0.0,0.0,0.0,0.0,0.0,True,True
activated_parameters_per_token,efficiency,descriptive_only,mla_moe_220m,8191,95103744.0,95103744.0,95103744.0,0.0,0.0,0.0,0.0,0.0,True,True
activated_parameters_per_token,efficiency,descriptive_only,mla_moe_220m,10007,95103744.0,95103744.0,95103744.0,0.0,0.0,0.0,0.0,0.0,True,True
activated_parameters_per_token,efficiency,descriptive_only,mla_moe_220m,11213,95103744.0,95103744.0,95103744.0,0.0,0.0,0.0,0.0,0.0,True,True
activated_parameters_per_token,efficiency,descriptive_only,mla_moe_220m,12721,95103744.0,95103744.0,95103744.0,0.0,0.0,0.0,0.0,0.0,True,True
activated_parameters_per_token,efficiency,descriptive_only,v3_routing_220m,1337,78588672.0,78588672.0,78588672.0,0.0,0.0,0.0,0.0,0.0,True,True
activated_parameters_per_token,efficiency,descriptive_only,v3_routing_220m,2027,78588672.0,78588672.0,78588672.0,0.0,0.0,0.0,0.0,0.0,True,True
activated_parameters_per_token,efficiency,descriptive_only,v3_routing_220m,31415,78588672.0,78588672.0,78588672.0,0.0,0.0,0.0,0.0,0.0,True,True
activated_parameters_per_token,efficiency,descriptive_only,v3_routing_220m,4441,78588672.0,78588672.0,78588672.0,0.0,0.0,0.0,0.0,0.0,True,True
activated_parameters_per_token,efficiency,descriptive_only,v3_routing_220m,5501,78588672.0,78588672.0,78588672.0,0.0,0.0,0.0,0.0,0.0,True,True
activated_parameters_per_token,efficiency,descriptive_only,v3_routing_220m,6173,78588672.0,78588672.0,78588672.0,0.0,0.0,0.0,0.0,0.0,True,True
activated_parameters_per_token,efficiency,descriptive_only,v3_routing_220m,8191,78588672.0,78588672.0,78588672.0,0.0,0.0,0.0,0.0,0.0,True,True
activated_parameters_per_token,efficiency,descriptive_only,v3_routing_220m,10007,78588672.0,78588672.0,78588672.0,0.0,0.0,0.0,0.0,0.0,True,True
activated_parameters_per_token,efficiency,descriptive_only,v3_routing_220m,11213,78588672.0,78588672.0,78588672.0,0.0,0.0,0.0,0.0,0.0,True,True
activated_parameters_per_token,efficiency,descriptive_only,v3_routing_220m,12721,78588672.0,78588672.0,78588672.0,0.0,0.0,0.0,0.0,0.0,True,True
active_end_to_end_tokens_per_second,efficiency,descriptive_only,dense_121m,1337,4025.7583120742897,4111.281969540267,4147.882162413785,85.52365746597707,36.60019287351861,122.12385033949568,3.0335614031576283,176.82151962598306,False,True
active_end_to_end_tokens_per_second,efficiency,descriptive_only,dense_121m,2027,3992.953425884504,4088.821047129296,4135.09562193564,95.86762124479174,46.27457480634439,142.14219605113612,3.5598260457958966,205.32294283699324,False,True
active_end_to_end_tokens_per_second,efficiency,descriptive_only,dense_121m,31415,3996.7658520559694,4100.579711027818,4150.060657788597,103.81385897184873,49.48094676077926,153.294805732628,3.8354712636911636,221.48853467237822,False,True
active_end_to_end_tokens_per_second,efficiency,descriptive_only,dense_121m,4441,4012.0036893607944,4082.6440831282816,4145.33684253728,70.64039376748724,62.69275940899843,133.33315317648567,3.3233556970564186,190.06424549675648,False,True
active_end_to_end_tokens_per_second,efficiency,descriptive_only,dense_121m,5501,4013.578853175198,4102.56727650805,4150.624680104747,88.98842333285165,48.05740359669744,137.0458269295491,3.4145542405658786,197.5090259943574,False,True
active_end_to_end_tokens_per_second,efficiency,descriptive_only,dense_121m,6173,3997.7938449346157,4092.661692279679,4147.05004517413,94.86784734506318,54.388352894451145,149.25620023951433,3.7334641562027677,214.83723304155154,False,True
active_end_to_end_tokens_per_second,efficiency,descriptive_only,dense_121m,8191,3999.611793708221,4110.856312985748,4145.024677727982,111.24451927752762,34.16836474223328,145.4128840197609,3.635674948466487,211.77804989846547,False,True
active_end_to_end_tokens_per_second,efficiency,descriptive_only,dense_121m,10007,3994.724301013846,4098.818532023311,4137.735382494645,104.09423100946469,38.91685047133433,143.01108148079902,3.5799987860114237,207.5819918301589,False,True
active_end_to_end_tokens_per_second,efficiency,descriptive_only,dense_121m,11213,3983.306972892393,4119.045870972471,4140.61825341108,135.7388980800779,21.572382438609566,157.31128051868745,3.9492633028094053,231.1292117378542,False,True
active_end_to_end_tokens_per_second,efficiency,descriptive_only,dense_121m,12721,3947.6904291717615,4114.245469305791,4147.863932274071,166.55504013402924,33.618462968280255,200.1735031023095,5.070648438467009,293.29392814734734,False,True
active_end_to_end_tokens_per_second,efficiency,descriptive_only,mla_121m,1337,3498.834750676743,3589.6661925319895,3616.5685240516655,90.83144185524634,26.902331519675954,117.7337733749223,3.3649423812356463,171.56657878826394,False,True
active_end_to_end_tokens_per_second,efficiency,descriptive_only,mla_121m,2027,3515.8339655244226,3566.1181507636356,3611.4836809235194,50.284185239213,45.36553015988375,95.64971539909675,2.720541309317194,136.29568973258762,False,True
active_end_to_end_tokens_per_second,efficiency,descriptive_only,mla_121m,31415,3494.6480748255144,3574.3494743864,3616.1891868151783,79.70139956088542,41.83971242877851,121.54111198966393,3.47792136396259,175.2663738906,False,True
active_end_to_end_tokens_per_second,efficiency,descriptive_only,mla_121m,4441,3506.4895823723027,3550.0835886012323,3620.303161849727,43.59400622892963,70.21957324849473,113.81357947742435,3.2457983063626896,160.04443869840435,False,True
active_end_to_end_tokens_per_second,efficiency,descriptive_only,mla_121m,5501,3507.614846702478,3590.8151986633466,3619.3485473281817,83.20035196086837,28.533348664835103,111.73370062570348,3.1854609331108503,162.42856164395246,False,True
active_end_to_end_tokens_per_second,efficiency,descriptive_only,mla_121m,6173,3499.1956106073762,3568.479926886198,3616.356806024653,69.28431627882173,47.876879138455024,117.16119541727676,3.348232235491985,167.95900432798592,False,True
active_end_to_end_tokens_per_second,efficiency,descriptive_only,mla_121m,8191,3493.9801273374856,3600.3448859193054,3606.8945318455185,106.36475858181984,6.549645926213088,112.91440450803293,3.231684222373554,167.07318153138894,False,True
active_end_to_end_tokens_per_second,efficiency,descriptive_only,mla_121m,10007,3516.9584155734847,3575.8615359008436,3606.2761926764656,58.90312032735892,30.414656775622007,89.31777710298093,2.539631310608389,128.84291550901713,False,True
active_end_to_end_tokens_per_second,efficiency,descriptive_only,mla_121m,11213,3472.246575479847,3598.74135773674,3603.284451888953,126.49478225689336,4.543094152212689,131.03787640910605,3.773864371685564,194.29126575530842,False,True
active_end_to_end_tokens_per_second,efficiency,descriptive_only,mla_121m,12721,3475.875204701563,3584.416786353079,3610.058532146736,108.54158165151603,25.641745793657265,134.1833274451733,3.8604184426320396,196.19708354234928,False,True
active_end_to_end_tokens_per_second,efficiency,descriptive_only,mtp_121m,1337,3495.1339678940826,3553.624550526933,3594.6660043991114,58.49058263285042,41.04145387217841,99.53203650502883,2.84773165833754,142.63790690629426,False,True
active_end_to_end_tokens_per_second,efficiency,descriptive_only,mtp_121m,2027,3482.0103706600385,3552.4202006779287,3589.768604526072,70.40983001789027,37.348403848143334,107.7582338660336,3.0947131798923193,155.3577096552293,False,True
active_end_to_end_tokens_per_second,efficiency,descriptive_only,mtp_121m,31415,3471.329464073952,3526.663282155366,3597.143032458545,55.33381808141394,70.47975030317912,125.81356838459305,3.624362645109988,177.85743109363275,False,True
active_end_to_end_tokens_per_second,efficiency,descriptive_only,mtp_121m,4441,3490.7122976409796,3538.429491898867,3598.9593338995014,47.71719425788751,60.52984200063429,108.2470362585218,3.10100137246129,153.0387109882792,False,True
active_end_to_end_tokens_per_second,efficiency,descriptive_only,mtp_121m,5501,3490.2927228515678,3524.2057127188073,3593.9546797422245,33.9129898672395,69.74896702341721,103.66195689065671,2.970007535813928,145.00810903988489,False,True
active_end_to_end_tokens_per_second,efficiency,descriptive_only,mtp_121m,6173,3474.979895242932,3548.1860728137317,3598.6547568281862,73.20617757079981,50.46868401445454,123.67486158525435,3.559009413394272,177.30600430986755,False,True
active_end_to_end_tokens_per_second,efficiency,descriptive_only,mtp_121m,8191,3477.0084909742427,3566.0334682327807,3599.9411912654687,89.024977258538,33.907723032687954,122.93270029122596,3.5355881531592335,178.37827811225796,False,True
active_end_to_end_tokens_per_second,efficiency,descriptive_only,mtp_121m,10007,3493.0062351001434,3547.8051076504016,3576.1379224804514,54.79887255025824,28.332814830049756,83.131687380308,2.3799467216789734,119.91610118742095,False,True
active_end_to_end_tokens_per_second,efficiency,descriptive_only,mtp_121m,11213,3480.093319988245,3566.861460704797,3578.933419445712,86.7681407165519,12.071958740914852,98.84009945746675,2.8401565811402034,145.41532520910152,False,True
active_end_to_end_tokens_per_second,efficiency,descriptive_only,mtp_121m,12721,3456.0638567781393,3557.919854453499,3574.9759703548,101.8559976753595,17.056115901301382,118.91211357666089,3.4406804533847595,174.61285042459332,False,True
active_end_to_end_tokens_per_second,efficiency,descriptive_only,moe_220m,1337,2111.2519759192965,2130.6805112108354,2153.6745945330013,19.428535291538992,22.994083322165807,42.4226186137048,2.0093583853359256,60.07237042518829,False,True
active_end_to_end_tokens_per_second,efficiency,descriptive_only,moe_220m,2027,2119.0160841818015,2141.5815635659555,2151.389730970152,22.56547938415406,9.80816740419641,32.37364678835047,1.527767865001867,46.85946692820064,False,True
active_end_to_end_tokens_per_second,efficiency,descriptive_only,moe_220m,31415,2096.4848332390443,2135.2913771782155,2164.7312223032445,38.806543939171206,29.439845125029024,68.24638906420023,3.2552770228611845,97.63223804807797,False,True
active_end_to_end_tokens_per_second,efficiency,descriptive_only,moe_220m,4441,2081.38352280844,2130.6570973710213,2161.672078464285,49.273574562581416,31.014981093263486,80.2885556558449,3.857460904058202,115.33517786317117,False,True
active_end_to_end_tokens_per_second,efficiency,descriptive_only,moe_220m,5501,2090.3889727017236,2134.1992533390126,2192.5059293530353,43.810280637289,58.30667601402274,102.11695665131174,4.885069620288451,144.21376821817478,False,True
active_end_to_end_tokens_per_second,efficiency,descriptive_only,moe_220m,6173,2080.5874336213756,2141.300965769112,2163.324722035125,60.71353214773626,22.02375626601315,82.73728841374941,3.9766311704450055,120.158518053467,False,True
active_end_to_end_tokens_per_second,efficiency,descriptive_only,moe_220m,8191,2096.938484639305,2141.644813233903,2164.0034692090308,44.706328594597835,22.35865597512793,67.06498456972577,3.198233284428543,96.80562398530968,False,True
active_end_to_end_tokens_per_second,efficiency,descriptive_only,moe_220m,10007,2094.6711580476863,2135.477262670393,2157.3518283196195,40.8061046227067,21.874565649226497,62.680670271933195,2.9923871358573524,90.34858928942629,False,True
active_end_to_end_tokens_per_second,efficiency,descriptive_only,moe_220m,11213,2087.053288187177,2152.657700734458,2151.6010551398294,65.6044125472813,-1.0566455946286624,64.54776695265264,3.092770429868568,96.13855808906189,False,False
active_end_to_end_tokens_per_second,efficiency,descriptive_only,moe_220m,12721,2067.147245323982,2146.989095487353,2159.6617610888375,79.84185016337096,12.672665601484368,92.51451576485533,4.475468110659704,135.9285665843586,False,True
active_end_to_end_tokens_per_second,efficiency,descriptive_only,mla_moe_220m,1337,1979.9747294924416,1995.677200005332,2021.446943547168,15.702470512890386,25.76974354183608,41.472214054726464,2.09458299830714,58.29415155395629,False,True
active_end_to_end_tokens_per_second,efficiency,descriptive_only,mla_moe_220m,2027,1959.5628715699197,2009.4070608044774,2029.2746401624222,49.84418923455769,19.867579357944805,69.7117685925025,3.5575163014112605,101.06941733191648,False,True
active_end_to_end_tokens_per_second,efficiency,descriptive_only,mla_moe_220m,31415,1946.1348495390291,1988.7048666003634,2031.4443439420077,42.57001706133428,42.73947734164426,85.30949440297854,4.383534595415387,121.26208384368964,False,True
active_end_to_end_tokens_per_second,efficiency,descriptive_only,mla_moe_220m,4441,1949.1777628445855,2002.5702320608323,2025.8991849067743,53.39246921624681,23.328952845942013,76.72142206218882,3.9360915933200125,111.03982355381198,False,True
active_end_to_end_tokens_per_second,efficiency,descriptive_only,mla_moe_220m,5501,1961.8402389566272,1986.9925614078986,2041.092765706416,25.152322451271402,54.10020429851738,79.25252674978879,4.039703395620937,110.76099139424885,False,True
active_end_to_end_tokens_per_second,efficiency,descriptive_only,mla_moe_220m,6173,1954.4524557727948,1994.5367142523908,2003.257256567443,40.084258479595974,8.720542315052171,48.804800794648145,2.4971086224428323,71.43987932974709,False,True
active_end_to_end_tokens_per_second,efficiency,descriptive_only,mla_moe_220m,8191,1959.055367517471,2008.3164054960473,2017.748214649123,49.26103797857627,9.43180915307562,58.69284713165189,2.9959769440323623,86.05257876714047,False,True
active_end_to_end_tokens_per_second,efficiency,descriptive_only,mla_moe_220m,10007,1957.07767542298,2011.361689706864,2022.8671133839196,54.284014283883835,11.50542367705566,65.7894379609395,3.361616086429504,96.33463175027534,False,True
active_end_to_end_tokens_per_second,efficiency,descriptive_only,mla_moe_220m,11213,1951.1793100413715,2008.5700023900806,2010.4698069724554,57.39069234870908,1.899804582374827,59.29049693108391,3.038700575900774,87.93112810089637,False,True
active_end_to_end_tokens_per_second,efficiency,descriptive_only,mla_moe_220m,12721,1944.4276072985178,2008.7169607114638,2032.7983128032545,64.28935341294596,24.081352091790677,88.37070550473663,4.544818494297872,128.26654687613583,False,True
active_end_to_end_tokens_per_second,efficiency,descriptive_only,v3_routing_220m,1337,2122.9176117898705,2143.424938473328,2166.3365040369476,20.50732668345745,22.91156556361966,43.41889224707711,2.0452462218008476,61.56493722259678,False,True
active_end_to_end_tokens_per_second,efficiency,descriptive_only,v3_routing_220m,2027,2110.1010519701163,2144.928200195081,2158.4621181635507,34.82714822496473,13.533917968469723,48.36106619343445,2.2918838957158796,70.1474633343546,False,True
active_end_to_end_tokens_per_second,efficiency,descriptive_only,v3_routing_220m,31415,2080.7936096703693,2127.66764864771,2178.0211024795753,46.87403897734066,50.35345383186541,97.22749280920607,4.672615888348891,137.98686526625502,False,True
active_end_to_end_tokens_per_second,efficiency,descriptive_only,v3_routing_220m,4441,1732.706703893942,2134.3036440232067,2177.8171411547573,401.5969401292648,43.513497131550594,445.1104372608154,25.688735217594008,656.2801923078586,False,True
active_end_to_end_tokens_per_second,efficiency,descriptive_only,v3_routing_220m,5501,2105.4692661129466,2131.0130136392195,2157.042038622411,25.54374752627291,26.029024983191448,51.57277250946436,2.449466887953033,73.2823027527893,False,True
active_end_to_end_tokens_per_second,efficiency,descriptive_only,v3_routing_220m,6173,2095.961952604179,2137.2712957997783,2158.9289526278526,41.30934319559947,21.657656828074323,62.96700002367379,3.0042052979749423,90.80293910606191,False,True
active_end_to_end_tokens_per_second,efficiency,descriptive_only,v3_routing_220m,8191,2105.7590402746696,2154.0247751344427,2155.4046928004777,48.26573485977315,1.3799176660349985,49.645652525808146,2.357613173031065,73.65498789593482,False,True
active_end_to_end_tokens_per_second,efficiency,descriptive_only,v3_routing_220m,10007,2103.0783838086268,2144.5404875072472,2162.8370402045243,41.46210369862047,18.296552697277093,59.75865639589756,2.841484980111678,86.47291773969307,False,True
active_end_to_end_tokens_per_second,efficiency,descriptive_only,v3_routing_220m,11213,2077.849029168172,2133.114261868846,2160.358365830213,55.265232700674005,27.244103961367273,82.50933666204128,3.970901422759879,119.13355359506726,False,True
active_end_to_end_tokens_per_second,efficiency,descriptive_only,v3_routing_220m,12721,2076.8602407917438,2151.769495168799,2167.419692701112,74.90925437705528,15.650197532313086,90.55945190936836,4.360401828234968,132.62962641656142,False,True
evaluation_peak_memory_bytes,efficiency,descriptive_only,dense_121m,1337,2155770368.0,2155770368.0,2155770368.0,0.0,0.0,0.0,0.0,0.0,True,True
evaluation_peak_memory_bytes,efficiency,descriptive_only,dense_121m,2027,2155770368.0,2155770368.0,2155770368.0,0.0,0.0,0.0,0.0,0.0,True,True
evaluation_peak_memory_bytes,efficiency,descriptive_only,dense_121m,31415,2155770368.0,2155770368.0,2155770368.0,0.0,0.0,0.0,0.0,0.0,True,True
evaluation_peak_memory_bytes,efficiency,descriptive_only,dense_121m,4441,2155770368.0,2155770368.0,2155770368.0,0.0,0.0,0.0,0.0,0.0,True,True
evaluation_peak_memory_bytes,efficiency,descriptive_only,dense_121m,5501,2155770368.0,2155770368.0,2155770368.0,0.0,0.0,0.0,0.0,0.0,True,True
evaluation_peak_memory_bytes,efficiency,descriptive_only,dense_121m,6173,2155770368.0,2155770368.0,2155770368.0,0.0,0.0,0.0,0.0,0.0,True,True
evaluation_peak_memory_bytes,efficiency,descriptive_only,dense_121m,8191,2155770368.0,2155770368.0,2155770368.0,0.0,0.0,0.0,0.0,0.0,True,True
evaluation_peak_memory_bytes,efficiency,descriptive_only,dense_121m,10007,2155770368.0,2155770368.0,2155770368.0,0.0,0.0,0.0,0.0,0.0,True,True
evaluation_peak_memory_bytes,efficiency,descriptive_only,dense_121m,11213,2155770368.0,2155770368.0,2155770368.0,0.0,0.0,0.0,0.0,0.0,True,True
evaluation_peak_memory_bytes,efficiency,descriptive_only,dense_121m,12721,2155770368.0,2155770368.0,2155770368.0,0.0,0.0,0.0,0.0,0.0,True,True
evaluation_peak_memory_bytes,efficiency,descriptive_only,mla_121m,1337,2471604736.0,2471604736.0,2471604736.0,0.0,0.0,0.0,0.0,0.0,True,True
evaluation_peak_memory_bytes,efficiency,descriptive_only,mla_121m,2027,2471604736.0,2471604736.0,2471604736.0,0.0,0.0,0.0,0.0,0.0,True,True
evaluation_peak_memory_bytes,efficiency,descriptive_only,mla_121m,31415,2471604736.0,2471604736.0,2471604736.0,0.0,0.0,0.0,0.0,0.0,True,True
evaluation_peak_memory_bytes,efficiency,descriptive_only,mla_121m,4441,2471604736.0,2471604736.0,2471604736.0,0.0,0.0,0.0,0.0,0.0,True,True
evaluation_peak_memory_bytes,efficiency,descriptive_only,mla_121m,5501,2471604736.0,2471604736.0,2471604736.0,0.0,0.0,0.0,0.0,0.0,True,True
evaluation_peak_memory_bytes,efficiency,descriptive_only,mla_121m,6173,2471604736.0,2471604736.0,2471604736.0,0.0,0.0,0.0,0.0,0.0,True,True
evaluation_peak_memory_bytes,efficiency,descriptive_only,mla_121m,8191,2471604736.0,2471604736.0,2471604736.0,0.0,0.0,0.0,0.0,0.0,True,True
evaluation_peak_memory_bytes,efficiency,descriptive_only,mla_121m,10007,2471604736.0,2471604736.0,2471604736.0,0.0,0.0,0.0,0.0,0.0,True,True
evaluation_peak_memory_bytes,efficiency,descriptive_only,mla_121m,11213,2471604736.0,2471604736.0,2471604736.0,0.0,0.0,0.0,0.0,0.0,True,True
evaluation_peak_memory_bytes,efficiency,descriptive_only,mla_121m,12721,2471604736.0,2471604736.0,2471604736.0,0.0,0.0,0.0,0.0,0.0,True,True
evaluation_peak_memory_bytes,efficiency,descriptive_only,mtp_121m,1337,2407363072.0,2407363072.0,2407363072.0,0.0,0.0,0.0,0.0,0.0,True,True
evaluation_peak_memory_bytes,efficiency,descriptive_only,mtp_121m,2027,2407363072.0,2407363072.0,2407363072.0,0.0,0.0,0.0,0.0,0.0,True,True
evaluation_peak_memory_bytes,efficiency,descriptive_only,mtp_121m,31415,2407363072.0,2407363072.0,2407363072.0,0.0,0.0,0.0,0.0,0.0,True,True
evaluation_peak_memory_bytes,efficiency,descriptive_only,mtp_121m,4441,2407363072.0,2407363072.0,2407363072.0,0.0,0.0,0.0,0.0,0.0,True,True
evaluation_peak_memory_bytes,efficiency,descriptive_only,mtp_121m,5501,2407363072.0,2407363072.0,2407363072.0,0.0,0.0,0.0,0.0,0.0,True,True
evaluation_peak_memory_bytes,efficiency,descriptive_only,mtp_121m,6173,2407363072.0,2407363072.0,2407363072.0,0.0,0.0,0.0,0.0,0.0,True,True
evaluation_peak_memory_bytes,efficiency,descriptive_only,mtp_121m,8191,2407363072.0,2407363072.0,2407363072.0,0.0,0.0,0.0,0.0,0.0,True,True
evaluation_peak_memory_bytes,efficiency,descriptive_only,mtp_121m,10007,2407363072.0,2407363072.0,2407363072.0,0.0,0.0,0.0,0.0,0.0,True,True
evaluation_peak_memory_bytes,efficiency,descriptive_only,mtp_121m,11213,2407363072.0,2407363072.0,2407363072.0,0.0,0.0,0.0,0.0,0.0,True,True
evaluation_peak_memory_bytes,efficiency,descriptive_only,mtp_121m,12721,2407363072.0,2407363072.0,2407363072.0,0.0,0.0,0.0,0.0,0.0,True,True
evaluation_peak_memory_bytes,efficiency,descriptive_only,moe_220m,1337,3797250560.0,3797250560.0,3797250560.0,0.0,0.0,0.0,0.0,0.0,True,True
evaluation_peak_memory_bytes,efficiency,descriptive_only,moe_220m,2027,3792028160.0,3792028160.0,3792028160.0,0.0,0.0,0.0,0.0,0.0,True,True
evaluation_peak_memory_bytes,efficiency,descriptive_only,moe_220m,31415,3800865280.0,3800865280.0,3800865280.0,0.0,0.0,0.0,0.0,0.0,True,True
evaluation_peak_memory_bytes,efficiency,descriptive_only,moe_220m,4441,3800396288.0,3800396288.0,3800396288.0,0.0,0.0,0.0,0.0,0.0,True,True
evaluation_peak_memory_bytes,efficiency,descriptive_only,moe_220m,5501,3799085568.0,3799085568.0,3799085568.0,0.0,0.0,0.0,0.0,0.0,True,True
evaluation_peak_memory_bytes,efficiency,descriptive_only,moe_220m,6173,3793842688.0,3793842688.0,3793842688.0,0.0,0.0,0.0,0.0,0.0,True,True
evaluation_peak_memory_bytes,efficiency,descriptive_only,moe_220m,8191,3795153408.0,3795153408.0,3795153408.0,0.0,0.0,0.0,0.0,0.0,True,True
evaluation_peak_memory_bytes,efficiency,descriptive_only,moe_220m,10007,3797250560.0,3797250560.0,3797250560.0,0.0,0.0,0.0,0.0,0.0,True,True
evaluation_peak_memory_bytes,efficiency,descriptive_only,moe_220m,11213,3800396288.0,3800396288.0,3800396288.0,0.0,0.0,0.0,0.0,0.0,True,True
evaluation_peak_memory_bytes,efficiency,descriptive_only,moe_220m,12721,3795841536.0,3795841536.0,3795841536.0,0.0,0.0,0.0,0.0,0.0,True,True
evaluation_peak_memory_bytes,efficiency,descriptive_only,mla_moe_220m,1337,4090982912.0,4090982912.0,4090982912.0,0.0,0.0,0.0,0.0,0.0,True,True
evaluation_peak_memory_bytes,efficiency,descriptive_only,mla_moe_220m,2027,4092031488.0,4092031488.0,4092031488.0,0.0,0.0,0.0,0.0,0.0,True,True
evaluation_peak_memory_bytes,efficiency,descriptive_only,mla_moe_220m,31415,4090327552.0,4093473280.0,4090327552.0,3145728.0,-3145728.0,0.0,0.0,413340.1118946122,False,False
evaluation_peak_memory_bytes,efficiency,descriptive_only,mla_moe_220m,4441,4095046144.0,4095046144.0,4095046144.0,0.0,0.0,0.0,0.0,0.0,True,True
evaluation_peak_memory_bytes,efficiency,descriptive_only,mla_moe_220m,5501,4098716160.0,4098716160.0,4098716160.0,0.0,0.0,0.0,0.0,0.0,True,True
evaluation_peak_memory_bytes,efficiency,descriptive_only,mla_moe_220m,6173,4098716160.0,4098716160.0,4098716160.0,0.0,0.0,0.0,0.0,0.0,True,True
evaluation_peak_memory_bytes,efficiency,descriptive_only,mla_moe_220m,8191,4099895808.0,4099895808.0,4099895808.0,0.0,0.0,0.0,0.0,0.0,True,True
evaluation_peak_memory_bytes,efficiency,descriptive_only,mla_moe_220m,10007,4094601728.0,4094601728.0,4094601728.0,0.0,0.0,0.0,0.0,0.0,True,True
evaluation_peak_memory_bytes,efficiency,descriptive_only,mla_moe_220m,11213,4094521856.0,4094521856.0,4094521856.0,0.0,0.0,0.0,0.0,0.0,True,True
evaluation_peak_memory_bytes,efficiency,descriptive_only,mla_moe_220m,12721,4094521856.0,4095701504.0,4094521856.0,1179648.0,-1179648.0,0.0,0.0,155002.54196047958,False,False
evaluation_peak_memory_bytes,efficiency,descriptive_only,v3_routing_220m,1337,3795104256.0,3795104256.0,3795104256.0,0.0,0.0,0.0,0.0,0.0,True,True
evaluation_peak_memory_bytes,efficiency,descriptive_only,v3_routing_220m,2027,3791018496.0,3791018496.0,3795897856.0,0.0,4879360.0,4879360.0,0.12870841978609013,6615772.98687848,False,True
evaluation_peak_memory_bytes,efficiency,descriptive_only,v3_routing_220m,31415,3794842112.0,3794842112.0,3794842112.0,0.0,0.0,0.0,0.0,0.0,True,True
evaluation_peak_memory_bytes,efficiency,descriptive_only,v3_routing_220m,4441,3796208128.0,3796208128.0,3796208128.0,0.0,0.0,0.0,0.0,0.0,True,True
evaluation_peak_memory_bytes,efficiency,descriptive_only,v3_routing_220m,5501,3800664576.0,3800664576.0,3800664576.0,0.0,0.0,0.0,0.0,0.0,True,True
evaluation_peak_memory_bytes,efficiency,descriptive_only,v3_routing_220m,6173,3797780992.0,3797780992.0,3797780992.0,0.0,0.0,0.0,0.0,0.0,True,True
evaluation_peak_memory_bytes,efficiency,descriptive_only,v3_routing_220m,8191,3790440960.0,3790440960.0,3790440960.0,0.0,0.0,0.0,0.0,0.0,True,True
evaluation_peak_memory_bytes,efficiency,descriptive_only,v3_routing_220m,10007,3798043136.0,3798043136.0,3798043136.0,0.0,0.0,0.0,0.0,0.0,True,True
evaluation_peak_memory_bytes,efficiency,descriptive_only,v3_routing_220m,11213,3800402432.0,3800402432.0,3800402432.0,0.0,0.0,0.0,0.0,0.0,True,True
evaluation_peak_memory_bytes,efficiency,descriptive_only,v3_routing_220m,12721,3798469120.0,3798469120.0,3798469120.0,0.0,0.0,0.0,0.0,0.0,True,True
final_aux_loss,optimization,descriptive_only,moe_220m,1337,0.1234510987997055,0.12141834199428558,0.12109703570604324,-0.002032756805419922,-0.0003213062882423401,-0.002354063093662262,-1.9068790124595292,-0.003458899904853495,True,False
final_aux_loss,optimization,descriptive_only,moe_220m,2027,0.12197759002447128,0.12173542380332947,0.12117097526788712,-0.00024216622114181519,-0.0005644485354423523,-0.0008066147565841675,-0.6612811061624874,-0.0011254839306680585,True,False
final_aux_loss,optimization,descriptive_only,moe_220m,31415,0.1215561255812645,0.12238854169845581,0.12103035300970078,0.0008324161171913147,-0.0013581886887550354,-0.0005257725715637207,-0.43253482212397715,-0.0006035015172875806,False,False
final_aux_loss,optimization,descriptive_only,moe_220m,4441,0.12129168957471848,0.12240878492593765,0.12117788195610046,0.0011170953512191772,-0.0012309029698371887,-0.00011380761861801147,-0.09382969189154823,-7.524928711908037e-06,False,False
final_aux_loss,optimization,descriptive_only,moe_220m,5501,0.12239246070384979,0.1213209331035614,0.12101343274116516,-0.0010715276002883911,-0.00030750036239624023,-0.0013790279626846313,-1.1267262335883854,-0.00201057708646245,True,False
final_aux_loss,optimization,descriptive_only,moe_220m,6173,0.12231804430484772,0.12142321467399597,0.12144859880208969,-0.0008948296308517456,2.5384128093719482e-05,-0.0008694455027580261,-0.7108072301999422,-0.0012964323906229339,False,False
final_aux_loss,optimization,descriptive_only,moe_220m,8191,0.12159622460603714,0.12148548662662506,0.1207607239484787,-0.00011073797941207886,-0.0007247626781463623,-0.0008355006575584412,-0.6871106897154102,-0.0011473801146149212,True,False
final_aux_loss,optimization,descriptive_only,moe_220m,10007,0.12200834602117538,0.12213491648435593,0.12200099229812622,0.000126570463180542,-0.0001339241862297058,-7.353723049163818e-06,-0.006027229520747318,6.660329803724704e-06,False,False
final_aux_loss,optimization,descriptive_only,moe_220m,11213,0.12264537066221237,0.12177835404872894,0.12093770503997803,-0.000867016613483429,-0.0008406490087509155,-0.0017076656222343445,-1.3923604397083733,-0.0024292945148439017,True,False
final_aux_loss,optimization,descriptive_only,moe_220m,12721,0.12148329615592957,0.12256792187690735,0.12118162214756012,0.0010846257209777832,-0.001386299729347229,-0.0003016740083694458,-0.24832550475271342,-0.0002665135647948223,False,False
final_aux_loss,optimization,descriptive_only,mla_moe_220m,1337,0.122934989631176,0.12108096480369568,0.12102862447500229,-0.0018540248274803162,-5.234032869338989e-05,-0.001906365156173706,-1.5507099824818766,-0.0028283952516690767,True,False
final_aux_loss,optimization,descriptive_only,mla_moe_220m,2027,0.12266962975263596,0.12131613492965698,0.12172812223434448,-0.0013534948229789734,0.0004119873046875,-0.0009415075182914734,-0.7675147631814239,-0.001454406403901852,False,False
final_aux_loss,optimization,descriptive_only,mla_moe_220m,31415,0.12163673341274261,0.12184867262840271,0.12146700173616409,0.00021193921566009521,-0.00038167089223861694,-0.00016973167657852173,-0.139539818125978,-0.00020228568231778148,False,False
final_aux_loss,optimization,descriptive_only,mla_moe_220m,4441,0.12239685654640198,0.12199566513299942,0.12188736349344254,-0.0004011914134025574,-0.00010830163955688477,-0.0005094930529594421,-0.41626318464011186,-0.0007435213002665036,True,False
final_aux_loss,optimization,descriptive_only,mla_moe_220m,5501,0.12200506776571274,0.12141747772693634,0.12115807086229324,-0.0005875900387763977,-0.0002594068646430969,-0.0008469969034194946,-0.6942309191991838,-0.0012256245829870723,True,False
final_aux_loss,optimization,descriptive_only,mla_moe_220m,6173,0.12186545133590698,0.12155453860759735,0.12107256054878235,-0.00031091272830963135,-0.00048197805881500244,-0.0007928907871246338,-0.6506280315157811,-0.0011159091301058016,True,False
final_aux_loss,optimization,descriptive_only,mla_moe_220m,8191,0.1220288872718811,0.1216704398393631,0.12102869153022766,-0.00035844743251800537,-0.000641748309135437,-0.0010001957416534424,-0.8196385003699986,-0.0014032334234523505,True,False
final_aux_loss,optimization,descriptive_only,mla_moe_220m,10007,0.12254074215888977,0.12190728634595871,0.12157309055328369,-0.0006334558129310608,-0.0003341957926750183,-0.0009676516056060791,-0.7896570467570654,-0.00139524319205711,True,False
final_aux_loss,optimization,descriptive_only,mla_moe_220m,11213,0.12164320796728134,0.1223251149058342,0.12113451957702637,0.0006819069385528564,-0.0011905953288078308,-0.0005086883902549744,-0.4181806767146403,-0.0006001141025023223,False,False
final_aux_loss,optimization,descriptive_only,mla_moe_220m,12721,0.12172337621450424,0.12321703135967255,0.12133501470088959,0.0014936551451683044,-0.001882016658782959,-0.00038836151361465454,-0.3190525318080837,-0.0003303051112948779,False,False
final_aux_loss,optimization,descriptive_only,v3_routing_220m,1337,0.0,0.0,0.0,0.0,0.0,0.0,,0.0,True,True
final_aux_loss,optimization,descriptive_only,v3_routing_220m,2027,0.0,0.0,0.0,0.0,0.0,0.0,,0.0,True,True
final_aux_loss,optimization,descriptive_only,v3_routing_220m,31415,0.0,0.0,0.0,0.0,0.0,0.0,,0.0,True,True
final_aux_loss,optimization,descriptive_only,v3_routing_220m,4441,0.0,0.0,0.0,0.0,0.0,0.0,,0.0,True,True
final_aux_loss,optimization,descriptive_only,v3_routing_220m,5501,0.0,0.0,0.0,0.0,0.0,0.0,,0.0,True,True
final_aux_loss,optimization,descriptive_only,v3_routing_220m,6173,0.0,0.0,0.0,0.0,0.0,0.0,,0.0,True,True
final_aux_loss,optimization,descriptive_only,v3_routing_220m,8191,0.0,0.0,0.0,0.0,0.0,0.0,,0.0,True,True
final_aux_loss,optimization,descriptive_only,v3_routing_220m,10007,0.0,0.0,0.0,0.0,0.0,0.0,,0.0,True,True
final_aux_loss,optimization,descriptive_only,v3_routing_220m,11213,0.0,0.0,0.0,0.0,0.0,0.0,,0.0,True,True
final_aux_loss,optimization,descriptive_only,v3_routing_220m,12721,0.0,0.0,0.0,0.0,0.0,0.0,,0.0,True,True
lm_loss,optimization,lower_is_better,dense_121m,1337,5.131129741668701,4.54842472076416,4.418280124664307,-0.582705020904541,-0.13014459609985352,-0.7128496170043945,-13.892644561596445,-1.0430965571941186,True,False
lm_loss,optimization,lower_is_better,dense_121m,2027,4.760186672210693,4.502302169799805,4.479681968688965,-0.25788450241088867,-0.022620201110839844,-0.2805047035217285,-5.892724862226011,-0.4142129560986264,True,False
lm_loss,optimization,lower_is_better,dense_121m,31415,5.212094783782959,4.571917533874512,4.708812236785889,-0.6401772499084473,0.13689470291137695,-0.5032825469970703,-9.656051316698923,-0.766502757293308,False,False
lm_loss,optimization,lower_is_better,dense_121m,4441,4.876645565032959,4.727557182312012,4.798694133758545,-0.14908838272094727,0.0711369514465332,-0.07795143127441406,-1.5984641539944933,-0.125281737937886,False,False
lm_loss,optimization,lower_is_better,dense_121m,5501,5.071008682250977,4.355335712432861,4.551538467407227,-0.7156729698181152,0.19620275497436523,-0.51947021484375,-10.243922804982493,-0.7983710468509114,False,False
lm_loss,optimization,lower_is_better,dense_121m,6173,5.1982421875,4.319053649902344,4.479151725769043,-0.8791885375976562,0.16009807586669922,-0.719090461730957,-13.833338959468344,-1.0905154536357484,False,False
lm_loss,optimization,lower_is_better,dense_121m,8191,5.116351127624512,4.912210464477539,4.314378261566162,-0.20414066314697266,-0.597832202911377,-0.8019728660583496,-15.674703437148583,-1.114193680180091,True,False
lm_loss,optimization,lower_is_better,dense_121m,10007,4.893977642059326,4.784292221069336,4.18446159362793,-0.10968542098999023,-0.5998306274414062,-0.7095160484313965,-14.497737838721322,-0.976423184710853,True,False
lm_loss,optimization,lower_is_better,dense_121m,11213,5.063938140869141,4.661306381225586,4.817912578582764,-0.4026317596435547,0.15660619735717773,-0.24602556228637695,-4.858384037134995,-0.3864831534935925,False,False
lm_loss,optimization,lower_is_better,dense_121m,12721,4.878689765930176,4.808291912078857,4.652286052703857,-0.07039785385131836,-0.156005859375,-0.22640371322631836,-4.64066632822987,-0.3162238640344311,True,False
lm_loss,optimization,lower_is_better,mla_121m,1337,5.2342610359191895,4.564611434936523,4.459622383117676,-0.669649600982666,-0.10498905181884766,-0.7746386528015137,-14.799389015673714,-1.138298677246892,True,False
lm_loss,optimization,lower_is_better,mla_121m,2027,4.772636413574219,4.570327281951904,4.575899600982666,-0.20230913162231445,0.005572319030761719,-0.19673681259155273,-4.1221831194179925,-0.2933322164785662,False,False
lm_loss,optimization,lower_is_better,mla_121m,31415,5.218181610107422,4.653117656707764,4.808748245239258,-0.5650639533996582,0.15563058853149414,-0.40943336486816406,-7.846284308601046,-0.6293858770564751,False,False
lm_loss,optimization,lower_is_better,mla_121m,4441,4.8786725997924805,4.808928966522217,4.830804347991943,-0.06974363327026367,0.021875381469726562,-0.04786825180053711,-0.9811736865181984,-0.07406720283678415,False,False
lm_loss,optimization,lower_is_better,mla_121m,5501,5.082636833190918,4.399806022644043,4.623826026916504,-0.682830810546875,0.22402000427246094,-0.45881080627441406,-9.027023203355041,-0.7118094644346933,False,False
lm_loss,optimization,lower_is_better,mla_121m,6173,5.314332008361816,4.450374126434326,4.55820369720459,-0.8639578819274902,0.10782957077026367,-0.7561283111572266,-14.22809696435035,-1.13873265890276,False,False
lm_loss,optimization,lower_is_better,mla_121m,8191,5.150837421417236,4.953968048095703,4.360620021820068,-0.1968693733215332,-0.5933480262756348,-0.790217399597168,-15.34153254986142,-1.0972993798431996,True,False
lm_loss,optimization,lower_is_better,mla_121m,10007,4.875804424285889,4.814696311950684,4.279387474060059,-0.06110811233520508,-0.535308837890625,-0.5964169502258301,-12.232175418175872,-0.8166926966248643,True,False
lm_loss,optimization,lower_is_better,mla_121m,11213,4.994078159332275,4.727997303009033,4.777510643005371,-0.2660808563232422,0.04951333999633789,-0.2165675163269043,-4.3364863227503045,-0.3285994843657256,False,False
lm_loss,optimization,lower_is_better,mla_121m,12721,4.919567108154297,4.829187393188477,4.69223690032959,-0.09037971496582031,-0.13695049285888672,-0.22733020782470703,-4.620939258007111,-0.32010563160085515,True,False
lm_loss,optimization,lower_is_better,mtp_121m,1337,5.162921905517578,4.5057220458984375,4.433495044708252,-0.6571998596191406,-0.07222700119018555,-0.7294268608093262,-14.128179239546368,-1.0753615476489784,True,False
lm_loss,optimization,lower_is_better,mtp_121m,2027,4.751641273498535,4.53072452545166,4.457401275634766,-0.220916748046875,-0.07332324981689453,-0.29423999786376953,-6.192386607651606,-0.42797875348994413,True,False
lm_loss,optimization,lower_is_better,mtp_121m,31415,5.234853267669678,4.5879411697387695,4.716341972351074,-0.6469120979309082,0.1284008026123047,-0.5185112953186035,-9.904982409362193,-0.7880358858539745,False,False
lm_loss,optimization,lower_is_better,mtp_121m,4441,4.929546356201172,4.737911224365234,4.749107360839844,-0.1916351318359375,0.011196136474609375,-0.18043899536132812,-3.660357004947181,-0.269831976682044,False,False
lm_loss,optimization,lower_is_better,mtp_121m,5501,5.016901016235352,4.3946356773376465,4.599475383758545,-0.6222653388977051,0.20483970642089844,-0.41742563247680664,-8.320388046843307,-0.6477384516161632,False,False
lm_loss,optimization,lower_is_better,mtp_121m,6173,5.117180824279785,4.308104038238525,4.431812286376953,-0.8090767860412598,0.12370824813842773,-0.685368537902832,-13.393478976762442,-1.0355804486848064,False,False
lm_loss,optimization,lower_is_better,mtp_121m,8191,5.097719192504883,4.851064205169678,4.285935401916504,-0.24665498733520508,-0.5651288032531738,-0.8117837905883789,-15.924450914870619,-1.1330822753400376,True,False
lm_loss,optimization,lower_is_better,mtp_121m,10007,4.8669843673706055,4.764503002166748,4.180447101593018,-0.10248136520385742,-0.5840559005737305,-0.6865372657775879,-14.10600926479841,-0.9443203721882708,True,False
lm_loss,optimization,lower_is_better,mtp_121m,11213,5.007049083709717,4.650914669036865,4.765608787536621,-0.35613441467285156,0.11469411849975586,-0.2414402961730957,-4.82200777616929,-0.3741565085016869,False,False
lm_loss,optimization,lower_is_better,mtp_121m,12721,4.7996721267700195,4.794936180114746,4.627516269683838,-0.0047359466552734375,-0.1674199104309082,-0.17215585708618164,-3.58682536096555,-0.23404308112682867,True,False
lm_loss,optimization,lower_is_better,moe_220m,1337,5.122633457183838,4.562414646148682,4.395315647125244,-0.5602188110351562,-0.1670989990234375,-0.7273178100585938,-14.198123214117997,-1.0597589048314215,True,False
lm_loss,optimization,lower_is_better,moe_220m,2027,4.666083812713623,4.5243988037109375,4.432579517364502,-0.14168500900268555,-0.09181928634643555,-0.2335042953491211,-5.00428849376633,-0.33521826174169606,True,False
lm_loss,optimization,lower_is_better,moe_220m,31415,5.118762016296387,4.599740028381348,4.667572498321533,-0.5190219879150391,0.06783246994018555,-0.4511895179748535,-8.814426545684688,-0.6799519616468914,False,False
lm_loss,optimization,lower_is_better,moe_220m,4441,4.852490425109863,4.728077411651611,4.78029727935791,-0.12441301345825195,0.05221986770629883,-0.07219314575195312,-1.4877545224691222,-0.11423198060234689,False,False
lm_loss,optimization,lower_is_better,moe_220m,5501,4.972051620483398,4.349503993988037,4.5335283279418945,-0.6225476264953613,0.18402433395385742,-0.4385232925415039,-8.819765481414477,-0.6763812067933634,False,False
lm_loss,optimization,lower_is_better,moe_220m,6173,5.1424713134765625,4.336154937744141,4.414590358734131,-0.8063163757324219,0.07843542098999023,-0.7278809547424316,-14.15430267612613,-1.0928590065791963,False,False
lm_loss,optimization,lower_is_better,moe_220m,8191,5.070943355560303,4.922764778137207,4.31832218170166,-0.1481785774230957,-0.6044425964355469,-0.7526211738586426,-14.841837525820349,-1.039925984387263,True,False
lm_loss,optimization,lower_is_better,moe_220m,10007,4.811826705932617,4.777963638305664,4.148901462554932,-0.033863067626953125,-0.6290621757507324,-0.6629252433776855,-13.776997466686591,-0.9032893050196652,True,False
lm_loss,optimization,lower_is_better,moe_220m,11213,5.016705513000488,4.667202472686768,4.792971611022949,-0.3495030403137207,0.12576913833618164,-0.22373390197753906,-4.459777465465059,-0.3492776128539672,False,False
lm_loss,optimization,lower_is_better,moe_220m,12721,4.791445732116699,4.761346817016602,4.629323959350586,-0.030098915100097656,-0.13202285766601562,-0.16212177276611328,-3.3835669196756895,-0.2237708023460274,True,False
lm_loss,optimization,lower_is_better,mla_moe_220m,1337,5.1143317222595215,4.529661655426025,4.435661315917969,-0.5846700668334961,-0.09400033950805664,-0.6786704063415527,-13.26997236780165,-0.9970122265463295,True,False
lm_loss,optimization,lower_is_better,mla_moe_220m,2027,4.741405010223389,4.579207897186279,4.478518486022949,-0.16219711303710938,-0.10068941116333008,-0.26288652420043945,-5.544485730149716,-0.3777519498672094,True,False
lm_loss,optimization,lower_is_better,mla_moe_220m,31415,5.181750774383545,4.660987377166748,4.704317092895508,-0.5207633972167969,0.043329715728759766,-0.4774336814880371,-9.213752306426505,-0.7157644259599044,False,False
lm_loss,optimization,lower_is_better,mla_moe_220m,4441,4.879983901977539,4.739340782165527,4.768514633178711,-0.14064311981201172,0.029173851013183594,-0.11146926879882812,-2.2842138629526403,-0.1696178503430524,False,False
lm_loss,optimization,lower_is_better,mla_moe_220m,5501,5.0707926750183105,4.395129203796387,4.619642734527588,-0.6756634712219238,0.22451353073120117,-0.45114994049072266,-8.897029900539042,-0.7004805650564417,False,False
lm_loss,optimization,lower_is_better,mla_moe_220m,6173,5.167410373687744,4.3401947021484375,4.511987686157227,-0.8272156715393066,0.17179298400878906,-0.6554226875305176,-12.683774659506525,-0.9973611986139554,False,False
lm_loss,optimization,lower_is_better,mla_moe_220m,8191,5.0720648765563965,4.939309597015381,4.311244487762451,-0.13275527954101562,-0.6280651092529297,-0.7608203887939453,-15.000210117787237,-1.0490164663462624,True,False
lm_loss,optimization,lower_is_better,mla_moe_220m,10007,4.85801887512207,4.786635875701904,4.25002384185791,-0.07138299942016602,-0.5366120338439941,-0.6079950332641602,-12.515287587244764,-0.8337411527955411,True,False
lm_loss,optimization,lower_is_better,mla_moe_220m,11213,5.067155361175537,4.697810649871826,4.802031993865967,-0.36934471130371094,0.10422134399414062,-0.2651233673095703,-5.232193378970404,-0.408003447675647,False,False
lm_loss,optimization,lower_is_better,mla_moe_220m,12721,4.876607418060303,4.877588748931885,4.646460056304932,0.0009813308715820312,-0.23112869262695312,-0.2301473617553711,-4.719415405534396,-0.3119207301124246,False,False
lm_loss,optimization,lower_is_better,v3_routing_220m,1337,5.046967029571533,4.493775367736816,4.415286540985107,-0.5531916618347168,-0.07848882675170898,-0.6316804885864258,-12.516041513353276,-0.9291638766413479,True,False
lm_loss,optimization,lower_is_better,v3_routing_220m,2027,4.6898980140686035,4.524990081787109,4.4435014724731445,-0.16490793228149414,-0.08148860931396484,-0.24639654159545898,-5.253771848691094,-0.3557498878478217,True,False
lm_loss,optimization,lower_is_better,v3_routing_220m,31415,5.142045021057129,4.587863922119141,4.7390666007995605,-0.5541810989379883,0.15120267868041992,-0.40297842025756836,-7.836929054633635,-0.6192038402254796,False,False
lm_loss,optimization,lower_is_better,v3_routing_220m,4441,4.853201389312744,4.7649922370910645,4.726370811462402,-0.08820915222167969,-0.03862142562866211,-0.1268305778503418,-2.6133384476818944,-0.18355609228571054,True,False
lm_loss,optimization,lower_is_better,v3_routing_220m,5501,5.004938125610352,4.3347015380859375,4.5273756980896,-0.6702365875244141,0.1926741600036621,-0.47756242752075195,-9.541824804527694,-0.7355793597856858,False,False
lm_loss,optimization,lower_is_better,v3_routing_220m,6173,5.193730354309082,4.326218128204346,4.457089424133301,-0.8675122261047363,0.13087129592895508,-0.7366409301757812,-14.18327252135091,-1.1127773542141441,False,False
lm_loss,optimization,lower_is_better,v3_routing_220m,8191,5.064820289611816,4.852590560913086,4.2914533615112305,-0.21222972869873047,-0.5611371994018555,-0.7733669281005859,-15.269385365692001,-1.0764706567867472,True,False
lm_loss,optimization,lower_is_better,v3_routing_220m,10007,4.828364372253418,4.759875774383545,4.213029861450195,-0.06848859786987305,-0.5468459129333496,-0.6153345108032227,-12.744160617605656,-0.8433122064023204,True,False
lm_loss,optimization,lower_is_better,v3_routing_220m,11213,4.988927364349365,4.628793716430664,4.75701379776001,-0.36013364791870117,0.1282200813293457,-0.23191356658935547,-4.648565706660687,-0.36176499952485613,False,False
lm_loss,optimization,lower_is_better,v3_routing_220m,12721,4.8082098960876465,4.753916263580322,4.62764310836792,-0.05429363250732422,-0.12627315521240234,-0.18056678771972656,-3.755384885893823,-0.25195894654073336,True,False
mean_aux_loss,routing,lower_is_better,moe_220m,1337,0.010060316601700701,0.010031048820029198,0.010026827011881578,-2.9267781671503054e-05,-4.221808147620437e-06,-3.348958981912349e-05,-0.3328880307152765,-4.925320380429107e-05,True,False
mean_aux_loss,routing,lower_is_better,moe_220m,2027,0.01007213354209217,0.010053319731794534,0.010036369085416845,-1.881381029763575e-05,-1.695064637768917e-05,-3.576445667532492e-05,-0.35508322567272055,-5.0964001830601536e-05,True,False
mean_aux_loss,routing,lower_is_better,moe_220m,31415,0.010070383306019207,0.010044824703561321,0.010029338491480501,-2.555860245788584e-05,-1.548621208082024e-05,-4.104481453870608e-05,-0.4075794663562908,-5.9009722754877625e-05,True,False
mean_aux_loss,routing,lower_is_better,moe_220m,4441,0.010044950556015628,0.010025387893445143,0.010020440817450788,-1.9562662570485334e-05,-4.947075994354844e-06,-2.4509738564840178e-05,-0.24400058943209044,-3.580247554165074e-05,True,False
mean_aux_loss,routing,lower_is_better,moe_220m,5501,0.010061656880167422,0.010025538677924824,0.01003519969084195,-3.611820224259758e-05,9.661012917125053e-06,-2.645718932547253e-05,-0.2629506217571623,-4.061831659582062e-05,False,False
mean_aux_loss,routing,lower_is_better,moe_220m,6173,0.01006240756404367,0.010042637543785307,0.010027898978189365,-1.9770020258363247e-05,-1.473856559594186e-05,-3.450858585430511e-05,-0.3429456184781837,-4.938684890115345e-05,True,False
mean_aux_loss,routing,lower_is_better,moe_220m,8191,0.010049039041100476,0.010028791580779194,0.010017988935070226,-2.0247460321282107e-05,-1.0802645708967926e-05,-3.105010603025003e-05,-0.3089858234529231,-4.476033763126997e-05,True,False
mean_aux_loss,routing,lower_is_better,moe_220m,10007,0.01006345453548593,0.010033420322556236,0.010050015933201715,-3.003421292969294e-05,1.6595610645478084e-05,-1.3438602284214854e-05,-0.1335386594814675,-2.2167398276493023e-05,False,False
mean_aux_loss,routing,lower_is_better,moe_220m,11213,0.01004971709656246,0.01004359802741432,0.01002662331366306,-6.119069148140949e-06,-1.697471375126068e-05,-2.309378289940163e-05,-0.22979535321746455,-3.2116173494918724e-05,True,False
mean_aux_loss,routing,lower_is_better,moe_220m,12721,0.010049444299053394,0.010033102633095778,0.010033149643363184,-1.6341665957616755e-05,4.7010267406263906e-08,-1.629465569021049e-05,-0.16214484309092955,-2.4240669097608917e-05,False,False
mean_aux_loss,routing,lower_is_better,mla_moe_220m,1337,0.01005462277276455,0.01003112704788337,0.010025962368625517,-2.34957248811795e-05,-5.1646792578533e-06,-2.86604041390328e-05,-0.28504703544589105,-4.1947028043705375e-05,True,False
mean_aux_loss,routing,lower_is_better,mla_moe_220m,2027,0.01004898789688156,0.010033022133565203,0.010039091822599204,-1.5965763316356033e-05,6.0696890340009024e-06,-9.89607428235513e-06,-0.0984783182535837,-1.5515638306818937e-05,False,False
mean_aux_loss,routing,lower_is_better,mla_moe_220m,31415,0.010057477203504936,0.01003970404376709,0.010039796964570196,-1.777315973784492e-05,9.292080310578654e-08,-1.7680238934739134e-05,-0.17579198617102249,-2.630743286551538e-05,False,False
mean_aux_loss,routing,lower_is_better,mla_moe_220m,4441,0.010065751049678611,0.01002943691569995,0.010030828537864349,-3.6314133978660595e-05,1.3916221643980181e-06,-3.492251181426258e-05,-0.34694392541506,-5.2121929871093514e-05,False,False
mean_aux_loss,routing,lower_is_better,mla_moe_220m,5501,0.010073821459145621,0.010032922685572794,0.010027153581143358,-4.0898773572826605e-05,-5.769104429436539e-06,-4.6667878002263144e-05,-0.46325893496846954,-6.864951702018824e-05,True,False
mean_aux_loss,routing,lower_is_better,mla_moe_220m,6173,0.010044731712694268,0.010048972783651019,0.010025625265251246,4.241070956751206e-06,-2.3347518399772713e-05,-1.9106447443021507e-05,-0.19021361634652006,-2.534857467809678e-05,False,False
mean_aux_loss,routing,lower_is_better,mla_moe_220m,8191,0.010043975670232014,0.010029234853448032,0.010033956314285568,-1.4740816783981661e-05,4.721460837535732e-06,-1.001935594644593e-05,-0.09975488069073034,-1.5521837447977012e-05,False,False
mean_aux_loss,routing,lower_is_better,mla_moe_220m,10007,0.010043043841084974,0.010025612943822714,0.010034750841863891,-1.7430897262259853e-05,9.13789804117722e-06,-8.292999221082634e-06,-0.08257455958876628,-1.3534593138551387e-05,False,False
mean_aux_loss,routing,lower_is_better,mla_moe_220m,11213,0.010034488288334906,0.01003885598878916,0.010026679644436298,4.36770045425354e-06,-1.2176344352861357e-05,-7.808643898607817e-06,-0.07781805782448685,-1.0013594258887337e-05,False,False
mean_aux_loss,routing,lower_is_better,mla_moe_220m,12721,0.010068651733237026,0.010039832372007297,0.010032245583765895,-2.881936122972953e-05,-7.586788241401368e-06,-3.64061494711309e-05,-0.3615791908955667,-5.314875540923055e-05,True,False
mean_aux_loss,routing,lower_is_better,v3_routing_220m,1337,0.0,0.0,0.0,0.0,0.0,0.0,,0.0,True,True
mean_aux_loss,routing,lower_is_better,v3_routing_220m,2027,0.0,0.0,0.0,0.0,0.0,0.0,,0.0,True,True
mean_aux_loss,routing,lower_is_better,v3_routing_220m,31415,0.0,0.0,0.0,0.0,0.0,0.0,,0.0,True,True
mean_aux_loss,routing,lower_is_better,v3_routing_220m,4441,0.0,0.0,0.0,0.0,0.0,0.0,,0.0,True,True
mean_aux_loss,routing,lower_is_better,v3_routing_220m,5501,0.0,0.0,0.0,0.0,0.0,0.0,,0.0,True,True
mean_aux_loss,routing,lower_is_better,v3_routing_220m,6173,0.0,0.0,0.0,0.0,0.0,0.0,,0.0,True,True
mean_aux_loss,routing,lower_is_better,v3_routing_220m,8191,0.0,0.0,0.0,0.0,0.0,0.0,,0.0,True,True
mean_aux_loss,routing,lower_is_better,v3_routing_220m,10007,0.0,0.0,0.0,0.0,0.0,0.0,,0.0,True,True
mean_aux_loss,routing,lower_is_better,v3_routing_220m,11213,0.0,0.0,0.0,0.0,0.0,0.0,,0.0,True,True
mean_aux_loss,routing,lower_is_better,v3_routing_220m,12721,0.0,0.0,0.0,0.0,0.0,0.0,,0.0,True,True
mean_expert_load_variance,routing,lower_is_better,moe_220m,1337,7.64413035578198e-05,3.753028081523048e-05,5.324213736587101e-05,-3.891102274258932e-05,1.5711856550640528e-05,-2.3199166191948793e-05,-30.34899342657215,-3.6567833037693647e-05,False,False
mean_expert_load_variance,routing,lower_is_better,moe_220m,2027,6.641606820954218e-05,5.881111952993605e-05,4.8980436060163715e-05,-7.604948679606128e-06,-9.830683469772334e-06,-1.7435632149378462e-05,-26.25212937081608,-2.463970280204858e-05,True,False
mean_expert_load_variance,routing,lower_is_better,moe_220m,31415,6.816830403274958e-05,4.6168630652957485e-05,4.780331982506646e-05,-2.1999673379792096e-05,1.6346891721089732e-06,-2.0364984207683123e-05,-29.87456486800571,-3.0502948175300387e-05,False,False
mean_expert_load_variance,routing,lower_is_better,moe_220m,4441,5.3866483767827354e-05,4.4896990723080104e-05,3.434417711363898e-05,-8.96949304474725e-06,-1.0552813609441121e-05,-1.952230665418837e-05,-36.242028973586706,-2.7648257508018462e-05,True,False
mean_expert_load_variance,routing,lower_is_better,moe_220m,5501,6.0453856653637355e-05,5.933966471089256e-05,5.4569401012526624e-05,-1.1141919427447961e-06,-4.770263698365935e-06,-5.884455641110731e-06,-9.733796926844498,-8.12495280733012e-06,True,False
mean_expert_load_variance,routing,lower_is_better,moe_220m,6173,6.89856814013587e-05,5.088132288720874e-05,4.786610702673594e-05,-1.8104358514149955e-05,-3.0152158604727976e-06,-2.1119574374622753e-05,-30.61443178584998,-3.101423980459543e-05,True,False
mean_expert_load_variance,routing,lower_is_better,moe_220m,8191,5.195298592249553e-05,4.520605636967552e-05,3.5044987334145436e-05,-6.746929552820004e-06,-1.0161069035530086e-05,-1.690799858835009e-05,-32.54480620916336,-2.3811559428876432e-05,True,False
mean_expert_load_variance,routing,lower_is_better,moe_220m,10007,5.700495441754659e-05,4.257966544893053e-05,5.608355734083387e-05,-1.4425288968616056e-05,1.3503891891903339e-05,-9.213970767127174e-07,-1.6163456073725126,-3.1447375126600003e-06,False,False
mean_expert_load_variance,routing,lower_is_better,moe_220m,11213,5.949073036511739e-05,5.44028126531177e-05,4.612329569127825e-05,-5.087917711999689e-06,-8.279516961839452e-06,-1.3367434673839141e-05,-22.46977737842194,-1.8793028909797707e-05,True,False
mean_expert_load_variance,routing,lower_is_better,moe_220m,12721,6.207887397872079e-05,4.9632460541195344e-05,5.327969160344865e-05,-1.2446413437525442e-05,3.6472310622533092e-06,-8.799182375272133e-06,-14.174197776667617,-1.356596355687585e-05,False,False
mean_expert_load_variance,routing,lower_is_better,mla_moe_220m,1337,5.9575982557402714e-05,4.257452819082471e-05,3.698573807875315e-05,-1.7001454366578e-05,-5.588790112071562e-06,-2.2590244478649563e-05,-37.91837500436252,-3.2863357206542774e-05,True,False
mean_expert_load_variance,routing,lower_is_better,mla_moe_220m,2027,5.774565074178907e-05,4.4512242078781124e-05,6.562320192654928e-05,-1.3233408663007948e-05,2.111095984776816e-05,7.877551184760213e-06,13.64180866189361,8.942093542901127e-06,False,False
mean_expert_load_variance,routing,lower_is_better,mla_moe_220m,31415,5.209624767303467e-05,4.953777922524346e-05,5.23909224404229e-05,-2.55846844779121e-06,2.853143215179436e-06,2.946747673882261e-07,0.5656353011020244,6.336458118901143e-08,False,False
mean_expert_load_variance,routing,lower_is_better,mla_moe_220m,4441,6.356757713688746e-05,4.8327176438437563e-05,4.284190502431658e-05,-1.5240400698449894e-05,-5.485271414120981e-06,-2.0725672112570876e-05,-32.60415615328531,-3.0103843661309903e-05,True,False
mean_expert_load_variance,routing,lower_is_better,mla_moe_220m,5501,6.512286927964953e-05,5.163702401849959e-05,4.2120633853806393e-05,-1.3485845261149936e-05,-9.516390164693199e-06,-2.3002235425843135e-05,-35.321286792612476,-3.2960021477930155e-05,True,False
mean_expert_load_variance,routing,lower_is_better,mla_moe_220m,6173,6.28297487894694e-05,6.080831487973531e-05,5.1156456934081185e-05,-2.021433909734091e-06,-9.651857945654122e-06,-1.1673291855388213e-05,-18.579243241132804,-1.6093065533060444e-05,True,False
mean_expert_load_variance,routing,lower_is_better,mla_moe_220m,8191,6.184030738141804e-05,4.615397618876563e-05,6.205362876256306e-05,-1.568633119265241e-05,1.5899652573797433e-05,2.1332138114502357e-07,0.34495524064798394,-1.7719054484065462e-06,False,False
mean_expert_load_variance,routing,lower_is_better,mla_moe_220m,10007,5.529277986950347e-05,4.3556838234265644e-05,5.2817473808924366e-05,-1.1735941635237823e-05,9.260635574658722e-06,-2.4753060605791014e-06,-4.476725652826777,-4.898261607703534e-06,False,False
mean_expert_load_variance,routing,lower_is_better,mla_moe_220m,11213,6.403240429030525e-05,4.969698157575395e-05,4.97720930311415e-05,-1.43354227145513e-05,7.511145538755069e-08,-1.426031125916375e-05,-22.270460428928192,-2.1218749627679828e-05,False,False
mean_expert_load_variance,routing,lower_is_better,mla_moe_220m,12721,6.643445061312783e-05,5.531224012374878e-05,5.356680916415319e-05,-1.1122210489379053e-05,-1.74543095959559e-06,-1.2867641448974643e-05,-19.368928816628042,-1.8908264442513046e-05,True,False
mean_expert_load_variance,routing,lower_is_better,v3_routing_220m,1337,7.721485329998863e-05,4.769625961780549e-05,7.016490598519642e-05,-2.9518593682183144e-05,2.2468646367390935e-05,-7.049947314792209e-06,-9.13029943526843,-1.3437468053466228e-05,False,False
mean_expert_load_variance,routing,lower_is_better,v3_routing_220m,2027,6.448809040917292e-05,6.0384166240692154e-05,5.099605156315699e-05,-4.103924168480761e-06,-9.388114677535167e-06,-1.3492038846015928e-05,-20.92175277700081,-1.8832681766716644e-05,True,False
mean_expert_load_variance,routing,lower_is_better,v3_routing_220m,31415,9.544124172793495e-05,4.274444844987657e-05,6.073252856731415e-05,-5.269679327805838e-05,1.7988080117437584e-05,-3.4708713160620795e-05,-36.366577521656254,-5.398468382173754e-05,False,False
mean_expert_load_variance,routing,lower_is_better,v3_routing_220m,4441,5.308208763599396e-05,3.6039568649397954e-05,3.079439434740279e-05,-1.7042518986596005e-05,-5.245174301995161e-06,-2.2287693288591167e-05,-41.98722070131677,-3.245853320509402e-05,True,False
mean_expert_load_variance,routing,lower_is_better,v3_routing_220m,5501,9.500660896301272e-05,5.6257953246434526e-05,5.506418711609311e-05,-3.87486557165782e-05,-1.1937661303414187e-06,-3.994242184691962e-05,-42.041729815311804,-5.9248159832350615e-05,True,False
mean_expert_load_variance,routing,lower_is_better,v3_routing_220m,6173,9.255138768090141e-05,7.003426651159922e-05,7.195513314670987e-05,-2.2517121169302187e-05,1.920866635110648e-06,-2.059625453419154e-05,-22.25385815413518,-3.0884511676301363e-05,False,False
mean_expert_load_variance,routing,lower_is_better,v3_routing_220m,8191,7.00557119316525e-05,4.014244741863674e-05,4.7182315919134355e-05,-2.9913264513015756e-05,7.039868500497612e-06,-2.2873396012518143e-05,-32.650294147083684,-3.494385036532078e-05,False,False
mean_expert_load_variance,routing,lower_is_better,v3_routing_220m,10007,5.928804079691571e-05,4.633639388614231e-05,4.5655806859334306e-05,-1.2951646910773402e-05,-6.805870268080026e-07,-1.3632233937581405e-05,-22.993227224824373,-2.018533467403962e-05,True,False
mean_expert_load_variance,routing,lower_is_better,v3_routing_220m,11213,8.242069847053952e-05,5.051416357358297e-05,4.3279606766170935e-05,-3.190653489695655e-05,-7.234556807412032e-06,-3.914109170436858e-05,-47.48939578370497,-5.726262504464876e-05,True,False
mean_expert_load_variance,routing,lower_is_better,v3_routing_220m,12721,7.003170847892762e-05,6.900532510545518e-05,6.34017116493649e-05,-1.02638337347244e-06,-5.6036134560902816e-06,-6.6299968295627216e-06,-9.467135635506697,-9.124271189079103e-06,True,False
mean_routing_entropy,routing,descriptive_only,moe_220m,1337,1.5610662321746347,1.7554854391018548,1.9740430647134783,0.19441920692722015,0.2185576256116235,0.41297683253884365,26.454792501888186,0.5854886424383816,False,True
mean_routing_entropy,routing,descriptive_only,moe_220m,2027,1.5900588418046633,1.7642724804083507,1.9705484535296758,0.17421363860368744,0.20627597312132506,0.3804896117250125,23.929278698464366,0.5387852699105057,False,True
mean_routing_entropy,routing,descriptive_only,moe_220m,31415,1.5671921089788279,1.779687420129776,2.001789181828499,0.21249531115094822,0.22210176169872287,0.4345970728496711,27.730938048995903,0.6171780071306057,False,True
mean_routing_entropy,routing,descriptive_only,moe_220m,4441,1.597621174355348,1.7401551378766695,1.9609749909241996,0.14253396352132164,0.22081985304753005,0.3633538165688517,22.743427691202683,0.5113887531585125,False,True
mean_routing_entropy,routing,descriptive_only,moe_220m,5501,1.5594409694274265,1.7490711825092635,1.9672909074028333,0.18963021308183703,0.21821972489356978,0.4078499379754068,26.15359901216109,0.5779079842303066,False,True
mean_routing_entropy,routing,descriptive_only,moe_220m,6173,1.5763801678021752,1.7460399132966995,1.9648330616950986,0.16965974549452434,0.21879314839839914,0.3884528938929235,24.64208201975246,0.5489840681967367,False,True
mean_routing_entropy,routing,descriptive_only,moe_220m,8191,1.5653205561637877,1.731687610447407,1.9402997284134231,0.1663670542836193,0.2086121179660161,0.3749791722496354,23.955423748386483,0.5302828159638641,False,True
mean_routing_entropy,routing,descriptive_only,moe_220m,10007,1.5731688110530377,1.7581867231925328,1.976751565337181,0.18501791213949503,0.21856484214464822,0.40358275428414325,25.65412887978599,0.571516198314198,False,True
mean_routing_entropy,routing,descriptive_only,moe_220m,11213,1.5774062712490557,1.7553666406869886,1.970375964343548,0.1779603694379328,0.21500932365655934,0.39296969309449215,24.912395763668574,0.5561989356671074,False,True
mean_routing_entropy,routing,descriptive_only,moe_220m,12721,1.5606463999052842,1.7377005657553672,1.9611453427871066,0.17705416585008305,0.22344477703173937,0.4004989428818224,25.66237572496427,0.5662885393933715,False,True
mean_routing_entropy,routing,descriptive_only,mla_moe_220m,1337,1.5194452964762848,1.655397700170676,1.8820773353179294,0.1359524036943911,0.22667963514725353,0.36263203884164463,23.866080581026335,0.5095453180314916,False,True
mean_routing_entropy,routing,descriptive_only,mla_moe_220m,2027,1.479007814824581,1.6338111861546833,1.89283235202233,0.15480337133010225,0.2590211658676467,0.4138245371977489,27.979874957376808,0.5814326057538776,False,True
mean_routing_entropy,routing,descriptive_only,mla_moe_220m,31415,1.52445287168026,1.666961958209674,1.9218506775299709,0.14250908652941408,0.2548887193202969,0.39739780584971096,26.068225081415406,0.5575446742523615,False,True
mean_routing_entropy,routing,descriptive_only,mla_moe_220m,4441,1.4938038266201812,1.6614710403482118,1.924335485498111,0.16766721372803062,0.26286444514989915,0.43053165887792977,28.821164546889193,0.6057755481366933,False,True
mean_routing_entropy,routing,descriptive_only,mla_moe_220m,5501,1.4707584052781264,1.6297397218147915,1.8760541600982348,0.15898131653666514,0.24631443828344324,0.4052957548201084,27.556922562238583,0.5704176647282025,False,True
mean_routing_entropy,routing,descriptive_only,mla_moe_220m,6173,1.48022282709678,1.641201097269853,1.885517152051131,0.16097827017307287,0.24431605478127794,0.4052943249543508,27.380629290069166,0.5706781202994119,False,True
mean_routing_entropy,routing,descriptive_only,mla_moe_220m,8191,1.4571192842721938,1.6267766216397288,1.891278289159139,0.16965733736753497,0.2645016675194103,0.43415900488694525,29.79570784445422,0.6109552509985536,False,True
mean_routing_entropy,routing,descriptive_only,mla_moe_220m,10007,1.4720803836981455,1.658148411313693,1.9079430229465164,0.18606802761554753,0.24979461163282335,0.4358626392483709,29.6086167627206,0.6154214761334422,False,True
mean_routing_entropy,routing,descriptive_only,mla_moe_220m,11213,1.4695135457317035,1.6620103288690249,1.9135188562671346,0.19249678313732144,0.2515085273981097,0.44400531053543113,30.214441494947295,0.6273065927550956,False,True
mean_routing_entropy,routing,descriptive_only,mla_moe_220m,12721,1.4692539550364014,1.622498750934998,1.8691456615924835,0.15324479589859652,0.24664691065748556,0.3998917065560821,27.217330617713024,0.5623367199619349,False,True
mean_routing_entropy,routing,descriptive_only,v3_routing_220m,1337,1.3204958419998487,1.569444482922554,1.841883474290371,0.2489486409227053,0.2724389913678169,0.5213876322905222,39.48423127943344,0.7396445050630173,False,True
mean_routing_entropy,routing,descriptive_only,v3_routing_220m,2027,1.2950403264164925,1.5788269904255865,1.8646753089626626,0.283786664009094,0.28584831853707615,0.5696349825461702,43.98588761497549,0.8096392134092272,False,True
mean_routing_entropy,routing,descriptive_only,v3_routing_220m,31415,1.3117650113503139,1.5908611749609312,1.8703739008307458,0.2790961636106173,0.2795127258698147,0.558608889480432,42.58452425906735,0.7940729565704868,False,True
mean_routing_entropy,routing,descriptive_only,v3_routing_220m,4441,1.2877039674917858,1.5745588864882791,1.8532052128513652,0.2868549189964933,0.27864632636308606,0.5655012453595794,43.915469675928186,0.8044375676528055,False,True
mean_routing_entropy,routing,descriptive_only,v3_routing_220m,5501,1.3027987086772919,1.5977536295851074,1.894575539728006,0.2949549209078155,0.2968219101428986,0.5917768310507141,45.42350457589373,0.8411281381148313,False,True
mean_routing_entropy,routing,descriptive_only,v3_routing_220m,6173,1.276143760085106,1.5356457982460656,1.8334622492392858,0.2595020381609596,0.2978164509932202,0.5573184891541798,43.672077283597915,0.7897487279198501,False,True
mean_routing_entropy,routing,descriptive_only,v3_routing_220m,8191,1.3350331777830917,1.5879420504967372,1.8672028895219164,0.2529088727136455,0.2792608390251792,0.5321697117388247,39.86190909671073,0.7547839560903401,False,True
mean_routing_entropy,routing,descriptive_only,v3_routing_220m,10007,1.2936440010865529,1.5717678112785023,1.845227865576744,0.2781238101919494,0.2734600542982417,0.5515838644901911,42.63799499915794,0.7844201783316078,False,True
mean_routing_entropy,routing,descriptive_only,v3_routing_220m,11213,1.3209674082696437,1.5923121718565623,1.8691493200262383,0.2713447635869186,0.2768371481696761,0.5481819117565947,41.49851906449887,0.778916827760146,False,True
mean_routing_entropy,routing,descriptive_only,v3_routing_220m,12721,1.3176372785369554,1.5804701939225196,1.8587806344032287,0.2628329153855642,0.2783104404807091,0.5411433558662733,41.069220238450924,0.7682550342644726,False,True
mtp_auxiliary_head_count,mtp,descriptive_only,dense_121m,1337,0.0,0.0,0.0,0.0,0.0,0.0,,0.0,True,True
mtp_auxiliary_head_count,mtp,descriptive_only,dense_121m,2027,0.0,0.0,0.0,0.0,0.0,0.0,,0.0,True,True
mtp_auxiliary_head_count,mtp,descriptive_only,dense_121m,31415,0.0,0.0,0.0,0.0,0.0,0.0,,0.0,True,True
mtp_auxiliary_head_count,mtp,descriptive_only,dense_121m,4441,0.0,0.0,0.0,0.0,0.0,0.0,,0.0,True,True
mtp_auxiliary_head_count,mtp,descriptive_only,dense_121m,5501,0.0,0.0,0.0,0.0,0.0,0.0,,0.0,True,True
mtp_auxiliary_head_count,mtp,descriptive_only,dense_121m,6173,0.0,0.0,0.0,0.0,0.0,0.0,,0.0,True,True
mtp_auxiliary_head_count,mtp,descriptive_only,dense_121m,8191,0.0,0.0,0.0,0.0,0.0,0.0,,0.0,True,True
mtp_auxiliary_head_count,mtp,descriptive_only,dense_121m,10007,0.0,0.0,0.0,0.0,0.0,0.0,,0.0,True,True
mtp_auxiliary_head_count,mtp,descriptive_only,dense_121m,11213,0.0,0.0,0.0,0.0,0.0,0.0,,0.0,True,True
mtp_auxiliary_head_count,mtp,descriptive_only,dense_121m,12721,0.0,0.0,0.0,0.0,0.0,0.0,,0.0,True,True
mtp_auxiliary_head_count,mtp,descriptive_only,mla_121m,1337,0.0,0.0,0.0,0.0,0.0,0.0,,0.0,True,True
mtp_auxiliary_head_count,mtp,descriptive_only,mla_121m,2027,0.0,0.0,0.0,0.0,0.0,0.0,,0.0,True,True
mtp_auxiliary_head_count,mtp,descriptive_only,mla_121m,31415,0.0,0.0,0.0,0.0,0.0,0.0,,0.0,True,True
mtp_auxiliary_head_count,mtp,descriptive_only,mla_121m,4441,0.0,0.0,0.0,0.0,0.0,0.0,,0.0,True,True
mtp_auxiliary_head_count,mtp,descriptive_only,mla_121m,5501,0.0,0.0,0.0,0.0,0.0,0.0,,0.0,True,True
mtp_auxiliary_head_count,mtp,descriptive_only,mla_121m,6173,0.0,0.0,0.0,0.0,0.0,0.0,,0.0,True,True
mtp_auxiliary_head_count,mtp,descriptive_only,mla_121m,8191,0.0,0.0,0.0,0.0,0.0,0.0,,0.0,True,True
mtp_auxiliary_head_count,mtp,descriptive_only,mla_121m,10007,0.0,0.0,0.0,0.0,0.0,0.0,,0.0,True,True
mtp_auxiliary_head_count,mtp,descriptive_only,mla_121m,11213,0.0,0.0,0.0,0.0,0.0,0.0,,0.0,True,True
mtp_auxiliary_head_count,mtp,descriptive_only,mla_121m,12721,0.0,0.0,0.0,0.0,0.0,0.0,,0.0,True,True
mtp_auxiliary_head_count,mtp,descriptive_only,mtp_121m,1337,2.0,2.0,2.0,0.0,0.0,0.0,0.0,0.0,True,True
mtp_auxiliary_head_count,mtp,descriptive_only,mtp_121m,2027,2.0,2.0,2.0,0.0,0.0,0.0,0.0,0.0,True,True
mtp_auxiliary_head_count,mtp,descriptive_only,mtp_121m,31415,2.0,2.0,2.0,0.0,0.0,0.0,0.0,0.0,True,True
mtp_auxiliary_head_count,mtp,descriptive_only,mtp_121m,4441,2.0,2.0,2.0,0.0,0.0,0.0,0.0,0.0,True,True
mtp_auxiliary_head_count,mtp,descriptive_only,mtp_121m,5501,2.0,2.0,2.0,0.0,0.0,0.0,0.0,0.0,True,True
mtp_auxiliary_head_count,mtp,descriptive_only,mtp_121m,6173,2.0,2.0,2.0,0.0,0.0,0.0,0.0,0.0,True,True
mtp_auxiliary_head_count,mtp,descriptive_only,mtp_121m,8191,2.0,2.0,2.0,0.0,0.0,0.0,0.0,0.0,True,True
mtp_auxiliary_head_count,mtp,descriptive_only,mtp_121m,10007,2.0,2.0,2.0,0.0,0.0,0.0,0.0,0.0,True,True
mtp_auxiliary_head_count,mtp,descriptive_only,mtp_121m,11213,2.0,2.0,2.0,0.0,0.0,0.0,0.0,0.0,True,True
mtp_auxiliary_head_count,mtp,descriptive_only,mtp_121m,12721,2.0,2.0,2.0,0.0,0.0,0.0,0.0,0.0,True,True
mtp_auxiliary_head_count,mtp,descriptive_only,moe_220m,1337,0.0,0.0,0.0,0.0,0.0,0.0,,0.0,True,True
mtp_auxiliary_head_count,mtp,descriptive_only,moe_220m,2027,0.0,0.0,0.0,0.0,0.0,0.0,,0.0,True,True
mtp_auxiliary_head_count,mtp,descriptive_only,moe_220m,31415,0.0,0.0,0.0,0.0,0.0,0.0,,0.0,True,True
mtp_auxiliary_head_count,mtp,descriptive_only,moe_220m,4441,0.0,0.0,0.0,0.0,0.0,0.0,,0.0,True,True
mtp_auxiliary_head_count,mtp,descriptive_only,moe_220m,5501,0.0,0.0,0.0,0.0,0.0,0.0,,0.0,True,True
mtp_auxiliary_head_count,mtp,descriptive_only,moe_220m,6173,0.0,0.0,0.0,0.0,0.0,0.0,,0.0,True,True
mtp_auxiliary_head_count,mtp,descriptive_only,moe_220m,8191,0.0,0.0,0.0,0.0,0.0,0.0,,0.0,True,True
mtp_auxiliary_head_count,mtp,descriptive_only,moe_220m,10007,0.0,0.0,0.0,0.0,0.0,0.0,,0.0,True,True
mtp_auxiliary_head_count,mtp,descriptive_only,moe_220m,11213,0.0,0.0,0.0,0.0,0.0,0.0,,0.0,True,True
mtp_auxiliary_head_count,mtp,descriptive_only,moe_220m,12721,0.0,0.0,0.0,0.0,0.0,0.0,,0.0,True,True
mtp_auxiliary_head_count,mtp,descriptive_only,mla_moe_220m,1337,0.0,0.0,0.0,0.0,0.0,0.0,,0.0,True,True
mtp_auxiliary_head_count,mtp,descriptive_only,mla_moe_220m,2027,0.0,0.0,0.0,0.0,0.0,0.0,,0.0,True,True
mtp_auxiliary_head_count,mtp,descriptive_only,mla_moe_220m,31415,0.0,0.0,0.0,0.0,0.0,0.0,,0.0,True,True
mtp_auxiliary_head_count,mtp,descriptive_only,mla_moe_220m,4441,0.0,0.0,0.0,0.0,0.0,0.0,,0.0,True,True
mtp_auxiliary_head_count,mtp,descriptive_only,mla_moe_220m,5501,0.0,0.0,0.0,0.0,0.0,0.0,,0.0,True,True
mtp_auxiliary_head_count,mtp,descriptive_only,mla_moe_220m,6173,0.0,0.0,0.0,0.0,0.0,0.0,,0.0,True,True
mtp_auxiliary_head_count,mtp,descriptive_only,mla_moe_220m,8191,0.0,0.0,0.0,0.0,0.0,0.0,,0.0,True,True
mtp_auxiliary_head_count,mtp,descriptive_only,mla_moe_220m,10007,0.0,0.0,0.0,0.0,0.0,0.0,,0.0,True,True
mtp_auxiliary_head_count,mtp,descriptive_only,mla_moe_220m,11213,0.0,0.0,0.0,0.0,0.0,0.0,,0.0,True,True
mtp_auxiliary_head_count,mtp,descriptive_only,mla_moe_220m,12721,0.0,0.0,0.0,0.0,0.0,0.0,,0.0,True,True
mtp_auxiliary_head_count,mtp,descriptive_only,v3_routing_220m,1337,0.0,0.0,0.0,0.0,0.0,0.0,,0.0,True,True
mtp_auxiliary_head_count,mtp,descriptive_only,v3_routing_220m,2027,0.0,0.0,0.0,0.0,0.0,0.0,,0.0,True,True
mtp_auxiliary_head_count,mtp,descriptive_only,v3_routing_220m,31415,0.0,0.0,0.0,0.0,0.0,0.0,,0.0,True,True
mtp_auxiliary_head_count,mtp,descriptive_only,v3_routing_220m,4441,0.0,0.0,0.0,0.0,0.0,0.0,,0.0,True,True
mtp_auxiliary_head_count,mtp,descriptive_only,v3_routing_220m,5501,0.0,0.0,0.0,0.0,0.0,0.0,,0.0,True,True
mtp_auxiliary_head_count,mtp,descriptive_only,v3_routing_220m,6173,0.0,0.0,0.0,0.0,0.0,0.0,,0.0,True,True
mtp_auxiliary_head_count,mtp,descriptive_only,v3_routing_220m,8191,0.0,0.0,0.0,0.0,0.0,0.0,,0.0,True,True
mtp_auxiliary_head_count,mtp,descriptive_only,v3_routing_220m,10007,0.0,0.0,0.0,0.0,0.0,0.0,,0.0,True,True
mtp_auxiliary_head_count,mtp,descriptive_only,v3_routing_220m,11213,0.0,0.0,0.0,0.0,0.0,0.0,,0.0,True,True
mtp_auxiliary_head_count,mtp,descriptive_only,v3_routing_220m,12721,0.0,0.0,0.0,0.0,0.0,0.0,,0.0,True,True
mtp_loss,mtp,descriptive_only,mtp_121m,1337,6.845534324645996,6.511979579925537,6.568593978881836,-0.333554744720459,0.05661439895629883,-0.27694034576416016,-4.045562152352243,-0.4193230181281118,False,False
mtp_loss,mtp,descriptive_only,mtp_121m,2027,6.491232872009277,6.633265495300293,6.64189338684082,0.14203262329101562,0.008627891540527344,0.15066051483154297,2.320984592637299,0.22293862307692966,False,True
mtp_loss,mtp,descriptive_only,mtp_121m,31415,6.779456615447998,6.623923301696777,6.741343975067139,-0.1555333137512207,0.11742067337036133,-0.038112640380859375,-0.5621783948585801,-0.07211240260548712,False,False
mtp_loss,mtp,descriptive_only,mtp_121m,4441,6.823845863342285,6.803649425506592,6.878473281860352,-0.02019643783569336,0.07482385635375977,0.054627418518066406,0.8005371107739262,0.07141386652104033,False,False
mtp_loss,mtp,descriptive_only,mtp_121m,5501,6.734619140625,6.480172634124756,6.69193172454834,-0.25444650650024414,0.21175909042358398,-0.042687416076660156,-0.6338504848649629,-0.09131212394365856,False,False
mtp_loss,mtp,descriptive_only,mtp_121m,6173,6.866183280944824,6.4526262283325195,6.502943992614746,-0.4135570526123047,0.05031776428222656,-0.3632392883300781,-5.2902649618769635,-0.5468451653749924,False,False
mtp_loss,mtp,descriptive_only,mtp_121m,8191,6.857028007507324,6.770107746124268,6.370852470397949,-0.08692026138305664,-0.39925527572631836,-0.486175537109375,-7.090178668908633,-0.6706114277938566,True,False
mtp_loss,mtp,descriptive_only,mtp_121m,10007,6.765804767608643,6.792634010314941,6.365375518798828,0.026829242706298828,-0.4272584915161133,-0.40042924880981445,-5.9184274829636445,-0.5394043174517245,False,False
mtp_loss,mtp,descriptive_only,mtp_121m,11213,6.822765350341797,6.496506690979004,6.7850494384765625,-0.32625865936279297,0.2885427474975586,-0.037715911865234375,-0.5527950900926841,-0.09400733724078968,False,False
mtp_loss,mtp,descriptive_only,mtp_121m,12721,6.550488471984863,6.556683540344238,6.6103010177612305,0.006195068359375,0.05361747741699219,0.05981254577636719,0.9131005425347064,0.0819119920613767,False,True
mtp_loss_weight,mtp,descriptive_only,dense_121m,1337,0.0,0.0,0.0,0.0,0.0,0.0,,0.0,True,True
mtp_loss_weight,mtp,descriptive_only,dense_121m,2027,0.0,0.0,0.0,0.0,0.0,0.0,,0.0,True,True
mtp_loss_weight,mtp,descriptive_only,dense_121m,31415,0.0,0.0,0.0,0.0,0.0,0.0,,0.0,True,True
mtp_loss_weight,mtp,descriptive_only,dense_121m,4441,0.0,0.0,0.0,0.0,0.0,0.0,,0.0,True,True
mtp_loss_weight,mtp,descriptive_only,dense_121m,5501,0.0,0.0,0.0,0.0,0.0,0.0,,0.0,True,True
mtp_loss_weight,mtp,descriptive_only,dense_121m,6173,0.0,0.0,0.0,0.0,0.0,0.0,,0.0,True,True
mtp_loss_weight,mtp,descriptive_only,dense_121m,8191,0.0,0.0,0.0,0.0,0.0,0.0,,0.0,True,True
mtp_loss_weight,mtp,descriptive_only,dense_121m,10007,0.0,0.0,0.0,0.0,0.0,0.0,,0.0,True,True
mtp_loss_weight,mtp,descriptive_only,dense_121m,11213,0.0,0.0,0.0,0.0,0.0,0.0,,0.0,True,True
mtp_loss_weight,mtp,descriptive_only,dense_121m,12721,0.0,0.0,0.0,0.0,0.0,0.0,,0.0,True,True
mtp_loss_weight,mtp,descriptive_only,mla_121m,1337,0.0,0.0,0.0,0.0,0.0,0.0,,0.0,True,True
mtp_loss_weight,mtp,descriptive_only,mla_121m,2027,0.0,0.0,0.0,0.0,0.0,0.0,,0.0,True,True
mtp_loss_weight,mtp,descriptive_only,mla_121m,31415,0.0,0.0,0.0,0.0,0.0,0.0,,0.0,True,True
mtp_loss_weight,mtp,descriptive_only,mla_121m,4441,0.0,0.0,0.0,0.0,0.0,0.0,,0.0,True,True
mtp_loss_weight,mtp,descriptive_only,mla_121m,5501,0.0,0.0,0.0,0.0,0.0,0.0,,0.0,True,True
mtp_loss_weight,mtp,descriptive_only,mla_121m,6173,0.0,0.0,0.0,0.0,0.0,0.0,,0.0,True,True
mtp_loss_weight,mtp,descriptive_only,mla_121m,8191,0.0,0.0,0.0,0.0,0.0,0.0,,0.0,True,True
mtp_loss_weight,mtp,descriptive_only,mla_121m,10007,0.0,0.0,0.0,0.0,0.0,0.0,,0.0,True,True
mtp_loss_weight,mtp,descriptive_only,mla_121m,11213,0.0,0.0,0.0,0.0,0.0,0.0,,0.0,True,True
mtp_loss_weight,mtp,descriptive_only,mla_121m,12721,0.0,0.0,0.0,0.0,0.0,0.0,,0.0,True,True
mtp_loss_weight,mtp,descriptive_only,mtp_121m,1337,0.3,0.3,0.3,0.0,0.0,0.0,0.0,0.0,True,True
mtp_loss_weight,mtp,descriptive_only,mtp_121m,2027,0.3,0.3,0.3,0.0,0.0,0.0,0.0,0.0,True,True
mtp_loss_weight,mtp,descriptive_only,mtp_121m,31415,0.3,0.3,0.3,0.0,0.0,0.0,0.0,0.0,True,True
mtp_loss_weight,mtp,descriptive_only,mtp_121m,4441,0.3,0.3,0.3,0.0,0.0,0.0,0.0,0.0,True,True
mtp_loss_weight,mtp,descriptive_only,mtp_121m,5501,0.3,0.3,0.3,0.0,0.0,0.0,0.0,0.0,True,True
mtp_loss_weight,mtp,descriptive_only,mtp_121m,6173,0.3,0.3,0.3,0.0,0.0,0.0,0.0,0.0,True,True
mtp_loss_weight,mtp,descriptive_only,mtp_121m,8191,0.3,0.3,0.3,0.0,0.0,0.0,0.0,0.0,True,True
mtp_loss_weight,mtp,descriptive_only,mtp_121m,10007,0.3,0.3,0.3,0.0,0.0,0.0,0.0,0.0,True,True
mtp_loss_weight,mtp,descriptive_only,mtp_121m,11213,0.3,0.3,0.3,0.0,0.0,0.0,0.0,0.0,True,True
mtp_loss_weight,mtp,descriptive_only,mtp_121m,12721,0.3,0.3,0.3,0.0,0.0,0.0,0.0,0.0,True,True
mtp_loss_weight,mtp,descriptive_only,moe_220m,1337,0.0,0.0,0.0,0.0,0.0,0.0,,0.0,True,True
mtp_loss_weight,mtp,descriptive_only,moe_220m,2027,0.0,0.0,0.0,0.0,0.0,0.0,,0.0,True,True
mtp_loss_weight,mtp,descriptive_only,moe_220m,31415,0.0,0.0,0.0,0.0,0.0,0.0,,0.0,True,True
mtp_loss_weight,mtp,descriptive_only,moe_220m,4441,0.0,0.0,0.0,0.0,0.0,0.0,,0.0,True,True
mtp_loss_weight,mtp,descriptive_only,moe_220m,5501,0.0,0.0,0.0,0.0,0.0,0.0,,0.0,True,True
mtp_loss_weight,mtp,descriptive_only,moe_220m,6173,0.0,0.0,0.0,0.0,0.0,0.0,,0.0,True,True
mtp_loss_weight,mtp,descriptive_only,moe_220m,8191,0.0,0.0,0.0,0.0,0.0,0.0,,0.0,True,True
mtp_loss_weight,mtp,descriptive_only,moe_220m,10007,0.0,0.0,0.0,0.0,0.0,0.0,,0.0,True,True
mtp_loss_weight,mtp,descriptive_only,moe_220m,11213,0.0,0.0,0.0,0.0,0.0,0.0,,0.0,True,True
mtp_loss_weight,mtp,descriptive_only,moe_220m,12721,0.0,0.0,0.0,0.0,0.0,0.0,,0.0,True,True
mtp_loss_weight,mtp,descriptive_only,mla_moe_220m,1337,0.0,0.0,0.0,0.0,0.0,0.0,,0.0,True,True
mtp_loss_weight,mtp,descriptive_only,mla_moe_220m,2027,0.0,0.0,0.0,0.0,0.0,0.0,,0.0,True,True
mtp_loss_weight,mtp,descriptive_only,mla_moe_220m,31415,0.0,0.0,0.0,0.0,0.0,0.0,,0.0,True,True
mtp_loss_weight,mtp,descriptive_only,mla_moe_220m,4441,0.0,0.0,0.0,0.0,0.0,0.0,,0.0,True,True
mtp_loss_weight,mtp,descriptive_only,mla_moe_220m,5501,0.0,0.0,0.0,0.0,0.0,0.0,,0.0,True,True
mtp_loss_weight,mtp,descriptive_only,mla_moe_220m,6173,0.0,0.0,0.0,0.0,0.0,0.0,,0.0,True,True
mtp_loss_weight,mtp,descriptive_only,mla_moe_220m,8191,0.0,0.0,0.0,0.0,0.0,0.0,,0.0,True,True
mtp_loss_weight,mtp,descriptive_only,mla_moe_220m,10007,0.0,0.0,0.0,0.0,0.0,0.0,,0.0,True,True
mtp_loss_weight,mtp,descriptive_only,mla_moe_220m,11213,0.0,0.0,0.0,0.0,0.0,0.0,,0.0,True,True
mtp_loss_weight,mtp,descriptive_only,mla_moe_220m,12721,0.0,0.0,0.0,0.0,0.0,0.0,,0.0,True,True
mtp_loss_weight,mtp,descriptive_only,v3_routing_220m,1337,0.0,0.0,0.0,0.0,0.0,0.0,,0.0,True,True
mtp_loss_weight,mtp,descriptive_only,v3_routing_220m,2027,0.0,0.0,0.0,0.0,0.0,0.0,,0.0,True,True
mtp_loss_weight,mtp,descriptive_only,v3_routing_220m,31415,0.0,0.0,0.0,0.0,0.0,0.0,,0.0,True,True
mtp_loss_weight,mtp,descriptive_only,v3_routing_220m,4441,0.0,0.0,0.0,0.0,0.0,0.0,,0.0,True,True
mtp_loss_weight,mtp,descriptive_only,v3_routing_220m,5501,0.0,0.0,0.0,0.0,0.0,0.0,,0.0,True,True
mtp_loss_weight,mtp,descriptive_only,v3_routing_220m,6173,0.0,0.0,0.0,0.0,0.0,0.0,,0.0,True,True
mtp_loss_weight,mtp,descriptive_only,v3_routing_220m,8191,0.0,0.0,0.0,0.0,0.0,0.0,,0.0,True,True
mtp_loss_weight,mtp,descriptive_only,v3_routing_220m,10007,0.0,0.0,0.0,0.0,0.0,0.0,,0.0,True,True
mtp_loss_weight,mtp,descriptive_only,v3_routing_220m,11213,0.0,0.0,0.0,0.0,0.0,0.0,,0.0,True,True
mtp_loss_weight,mtp,descriptive_only,v3_routing_220m,12721,0.0,0.0,0.0,0.0,0.0,0.0,,0.0,True,True
peak_memory_bytes,efficiency,lower_is_better,dense_121m,1337,3090290688.0,3090290688.0,3090290688.0,0.0,0.0,0.0,0.0,0.0,True,True
peak_memory_bytes,efficiency,lower_is_better,dense_121m,2027,3090290688.0,3090290688.0,3090290688.0,0.0,0.0,0.0,0.0,0.0,True,True
peak_memory_bytes,efficiency,lower_is_better,dense_121m,31415,3090290688.0,3090290688.0,3090290688.0,0.0,0.0,0.0,0.0,0.0,True,True
peak_memory_bytes,efficiency,lower_is_better,dense_121m,4441,3090290688.0,3090290688.0,3090290688.0,0.0,0.0,0.0,0.0,0.0,True,True
peak_memory_bytes,efficiency,lower_is_better,dense_121m,5501,3090290688.0,3090290688.0,3090290688.0,0.0,0.0,0.0,0.0,0.0,True,True
peak_memory_bytes,efficiency,lower_is_better,dense_121m,6173,3090290688.0,3090290688.0,3090290688.0,0.0,0.0,0.0,0.0,0.0,True,True
peak_memory_bytes,efficiency,lower_is_better,dense_121m,8191,3090290688.0,3090290688.0,3090290688.0,0.0,0.0,0.0,0.0,0.0,True,True
peak_memory_bytes,efficiency,lower_is_better,dense_121m,10007,3090290688.0,3090290688.0,3090290688.0,0.0,0.0,0.0,0.0,0.0,True,True
peak_memory_bytes,efficiency,lower_is_better,dense_121m,11213,3090290688.0,3090290688.0,3090290688.0,0.0,0.0,0.0,0.0,0.0,True,True
peak_memory_bytes,efficiency,lower_is_better,dense_121m,12721,3090290688.0,3090290688.0,3090290688.0,0.0,0.0,0.0,0.0,0.0,True,True
peak_memory_bytes,efficiency,lower_is_better,mla_121m,1337,3553236992.0,3553236992.0,3553236992.0,0.0,0.0,0.0,0.0,0.0,True,True
peak_memory_bytes,efficiency,lower_is_better,mla_121m,2027,3553236992.0,3553236992.0,3553236992.0,0.0,0.0,0.0,0.0,0.0,True,True
peak_memory_bytes,efficiency,lower_is_better,mla_121m,31415,3553236992.0,3553236992.0,3553236992.0,0.0,0.0,0.0,0.0,0.0,True,True
peak_memory_bytes,efficiency,lower_is_better,mla_121m,4441,3553236992.0,3553236992.0,3553236992.0,0.0,0.0,0.0,0.0,0.0,True,True
peak_memory_bytes,efficiency,lower_is_better,mla_121m,5501,3553236992.0,3553236992.0,3553236992.0,0.0,0.0,0.0,0.0,0.0,True,True
peak_memory_bytes,efficiency,lower_is_better,mla_121m,6173,3553236992.0,3553236992.0,3553236992.0,0.0,0.0,0.0,0.0,0.0,True,True
peak_memory_bytes,efficiency,lower_is_better,mla_121m,8191,3553236992.0,3553236992.0,3553236992.0,0.0,0.0,0.0,0.0,0.0,True,True
peak_memory_bytes,efficiency,lower_is_better,mla_121m,10007,3553236992.0,3553236992.0,3553236992.0,0.0,0.0,0.0,0.0,0.0,True,True
peak_memory_bytes,efficiency,lower_is_better,mla_121m,11213,3553236992.0,3553236992.0,3553236992.0,0.0,0.0,0.0,0.0,0.0,True,True
peak_memory_bytes,efficiency,lower_is_better,mla_121m,12721,3553236992.0,3553236992.0,3553236992.0,0.0,0.0,0.0,0.0,0.0,True,True
peak_memory_bytes,efficiency,lower_is_better,mtp_121m,1337,3488620032.0,3488620032.0,3488620032.0,0.0,0.0,0.0,0.0,0.0,True,True
peak_memory_bytes,efficiency,lower_is_better,mtp_121m,2027,3488620032.0,3488620032.0,3488620032.0,0.0,0.0,0.0,0.0,0.0,True,True
peak_memory_bytes,efficiency,lower_is_better,mtp_121m,31415,3488620032.0,3488620032.0,3488620032.0,0.0,0.0,0.0,0.0,0.0,True,True
peak_memory_bytes,efficiency,lower_is_better,mtp_121m,4441,3488620032.0,3488620032.0,3488620032.0,0.0,0.0,0.0,0.0,0.0,True,True
peak_memory_bytes,efficiency,lower_is_better,mtp_121m,5501,3488620032.0,3488620032.0,3488620032.0,0.0,0.0,0.0,0.0,0.0,True,True
peak_memory_bytes,efficiency,lower_is_better,mtp_121m,6173,3488620032.0,3488620032.0,3488620032.0,0.0,0.0,0.0,0.0,0.0,True,True
peak_memory_bytes,efficiency,lower_is_better,mtp_121m,8191,3488620032.0,3488620032.0,3488620032.0,0.0,0.0,0.0,0.0,0.0,True,True
peak_memory_bytes,efficiency,lower_is_better,mtp_121m,10007,3488620032.0,3488620032.0,3488620032.0,0.0,0.0,0.0,0.0,0.0,True,True
peak_memory_bytes,efficiency,lower_is_better,mtp_121m,11213,3488620032.0,3488620032.0,3488620032.0,0.0,0.0,0.0,0.0,0.0,True,True
peak_memory_bytes,efficiency,lower_is_better,mtp_121m,12721,3488620032.0,3488620032.0,3488620032.0,0.0,0.0,0.0,0.0,0.0,True,True
peak_memory_bytes,efficiency,lower_is_better,moe_220m,1337,4654879744.0,4654879744.0,4654879744.0,0.0,0.0,0.0,0.0,0.0,True,True
peak_memory_bytes,efficiency,lower_is_better,moe_220m,2027,4654347264.0,4654347264.0,4654347264.0,0.0,0.0,0.0,0.0,0.0,True,True
peak_memory_bytes,efficiency,lower_is_better,moe_220m,31415,4655413248.0,4655413248.0,4655413248.0,0.0,0.0,0.0,0.0,0.0,True,True
peak_memory_bytes,efficiency,lower_is_better,moe_220m,4441,4660452352.0,4660452352.0,4660452352.0,0.0,0.0,0.0,0.0,0.0,True,True
peak_memory_bytes,efficiency,lower_is_better,moe_220m,5501,4659177472.0,4659177472.0,4659177472.0,0.0,0.0,0.0,0.0,0.0,True,True
peak_memory_bytes,efficiency,lower_is_better,moe_220m,6173,4653139968.0,4653139968.0,4653139968.0,0.0,0.0,0.0,0.0,0.0,True,True
peak_memory_bytes,efficiency,lower_is_better,moe_220m,8191,4651116544.0,4651116544.0,4651116544.0,0.0,0.0,0.0,0.0,0.0,True,True
peak_memory_bytes,efficiency,lower_is_better,moe_220m,10007,4661227520.0,4661227520.0,4661227520.0,0.0,0.0,0.0,0.0,0.0,True,True
peak_memory_bytes,efficiency,lower_is_better,moe_220m,11213,4655453184.0,4655453184.0,4655456256.0,0.0,3072.0,3072.0,6.598713118967539e-05,4165.229582504814,False,True
peak_memory_bytes,efficiency,lower_is_better,moe_220m,12721,4656500736.0,4656500736.0,4656500736.0,0.0,0.0,0.0,0.0,0.0,True,True
peak_memory_bytes,efficiency,lower_is_better,mla_moe_220m,1337,4995514368.0,4995514368.0,4995514368.0,0.0,0.0,0.0,0.0,0.0,True,True
peak_memory_bytes,efficiency,lower_is_better,mla_moe_220m,2027,4985453568.0,4985453568.0,4985453568.0,0.0,0.0,0.0,0.0,0.0,True,True
peak_memory_bytes,efficiency,lower_is_better,mla_moe_220m,31415,4985416704.0,4985416704.0,4985416704.0,0.0,0.0,0.0,0.0,0.0,True,True
peak_memory_bytes,efficiency,lower_is_better,mla_moe_220m,4441,4984298496.0,4984298496.0,4984298496.0,0.0,0.0,0.0,0.0,0.0,True,True
peak_memory_bytes,efficiency,lower_is_better,mla_moe_220m,5501,4984268800.0,4984268800.0,4984268800.0,0.0,0.0,0.0,0.0,0.0,True,True
peak_memory_bytes,efficiency,lower_is_better,mla_moe_220m,6173,4987759616.0,4987759616.0,4987759616.0,0.0,0.0,0.0,0.0,0.0,True,True
peak_memory_bytes,efficiency,lower_is_better,mla_moe_220m,8191,4992602112.0,4992602112.0,4992602112.0,0.0,0.0,0.0,0.0,0.0,True,True
peak_memory_bytes,efficiency,lower_is_better,mla_moe_220m,10007,4983399424.0,4983399424.0,4983399424.0,0.0,0.0,0.0,0.0,0.0,True,True
peak_memory_bytes,efficiency,lower_is_better,mla_moe_220m,11213,4985872384.0,4985872384.0,4985872384.0,0.0,0.0,0.0,0.0,0.0,True,True
peak_memory_bytes,efficiency,lower_is_better,mla_moe_220m,12721,4983198720.0,4983198720.0,4983198720.0,0.0,0.0,0.0,0.0,0.0,True,True
peak_memory_bytes,efficiency,lower_is_better,v3_routing_220m,1337,4655881216.0,4655881216.0,4655881216.0,0.0,0.0,0.0,0.0,0.0,True,True
peak_memory_bytes,efficiency,lower_is_better,v3_routing_220m,2027,4652377088.0,4652377088.0,4652640256.0,0.0,263168.0,263168.0,0.005656635200074306,356821.3342345791,False,True
peak_memory_bytes,efficiency,lower_is_better,v3_routing_220m,31415,4654015488.0,4654015488.0,4654713856.0,0.0,698368.0,698368.0,0.0150057085499755,946895.525089428,False,True
peak_memory_bytes,efficiency,lower_is_better,v3_routing_220m,4441,4660792320.0,4660792320.0,4660792320.0,0.0,0.0,0.0,0.0,0.0,True,True
peak_memory_bytes,efficiency,lower_is_better,v3_routing_220m,5501,4658183168.0,4659429376.0,4659564544.0,1246208.0,135168.0,1381376.0,0.029654823569187735,2036713.2473756229,False,True
peak_memory_bytes,efficiency,lower_is_better,v3_routing_220m,6173,4652175360.0,4652175360.0,4652175360.0,0.0,0.0,0.0,0.0,0.0,True,True
peak_memory_bytes,efficiency,lower_is_better,v3_routing_220m,8191,4650484736.0,4650484736.0,4651111424.0,0.0,626688.0,626688.0,0.013475756519502745,849706.8348309821,False,True
peak_memory_bytes,efficiency,lower_is_better,v3_routing_220m,10007,4654790656.0,4654840832.0,4654840832.0,50176.0,0.0,50176.0,0.001077943213951489,74625.0732469393,False,True
peak_memory_bytes,efficiency,lower_is_better,v3_routing_220m,11213,4660621312.0,4660621312.0,4660621312.0,0.0,0.0,0.0,0.0,0.0,True,True
peak_memory_bytes,efficiency,lower_is_better,v3_routing_220m,12721,4653510656.0,4654388224.0,4654395392.0,877568.0,7168.0,884736.0,0.01901222679826179,1314896.170508028,False,True
requested_tokens_per_activated_parameter,efficiency,descriptive_only,dense_121m,1337,0.08268193200026247,0.20670483000065618,0.41340966000131235,0.1240228980003937,0.20670483000065618,0.3307277280010499,399.99999999999994,0.46471974721137543,False,True
requested_tokens_per_activated_parameter,efficiency,descriptive_only,dense_121m,2027,0.08268193200026247,0.20670483000065618,0.41340966000131235,0.1240228980003937,0.20670483000065618,0.3307277280010499,399.99999999999994,0.46471974721137543,False,True
requested_tokens_per_activated_parameter,efficiency,descriptive_only,dense_121m,31415,0.08268193200026247,0.20670483000065618,0.41340966000131235,0.1240228980003937,0.20670483000065618,0.3307277280010499,399.99999999999994,0.46471974721137543,False,True
requested_tokens_per_activated_parameter,efficiency,descriptive_only,dense_121m,4441,0.08268193200026247,0.20670483000065618,0.41340966000131235,0.1240228980003937,0.20670483000065618,0.3307277280010499,399.99999999999994,0.46471974721137543,False,True
requested_tokens_per_activated_parameter,efficiency,descriptive_only,dense_121m,5501,0.08268193200026247,0.20670483000065618,0.41340966000131235,0.1240228980003937,0.20670483000065618,0.3307277280010499,399.99999999999994,0.46471974721137543,False,True
requested_tokens_per_activated_parameter,efficiency,descriptive_only,dense_121m,6173,0.08268193200026247,0.20670483000065618,0.41340966000131235,0.1240228980003937,0.20670483000065618,0.3307277280010499,399.99999999999994,0.46471974721137543,False,True
requested_tokens_per_activated_parameter,efficiency,descriptive_only,dense_121m,8191,0.08268193200026247,0.20670483000065618,0.41340966000131235,0.1240228980003937,0.20670483000065618,0.3307277280010499,399.99999999999994,0.46471974721137543,False,True
requested_tokens_per_activated_parameter,efficiency,descriptive_only,dense_121m,10007,0.08268193200026247,0.20670483000065618,0.41340966000131235,0.1240228980003937,0.20670483000065618,0.3307277280010499,399.99999999999994,0.46471974721137543,False,True
requested_tokens_per_activated_parameter,efficiency,descriptive_only,dense_121m,11213,0.08268193200026247,0.20670483000065618,0.41340966000131235,0.1240228980003937,0.20670483000065618,0.3307277280010499,399.99999999999994,0.46471974721137543,False,True
requested_tokens_per_activated_parameter,efficiency,descriptive_only,dense_121m,12721,0.08268193200026247,0.20670483000065618,0.41340966000131235,0.1240228980003937,0.20670483000065618,0.3307277280010499,399.99999999999994,0.46471974721137543,False,True
requested_tokens_per_activated_parameter,efficiency,descriptive_only,mla_121m,1337,0.07274818187743852,0.1818704546935963,0.3637409093871926,0.10912227281615779,0.1818704546935963,0.2909927275097541,400.0,0.40888638998013577,False,True
requested_tokens_per_activated_parameter,efficiency,descriptive_only,mla_121m,2027,0.07274818187743852,0.1818704546935963,0.3637409093871926,0.10912227281615779,0.1818704546935963,0.2909927275097541,400.0,0.40888638998013577,False,True
requested_tokens_per_activated_parameter,efficiency,descriptive_only,mla_121m,31415,0.07274818187743852,0.1818704546935963,0.3637409093871926,0.10912227281615779,0.1818704546935963,0.2909927275097541,400.0,0.40888638998013577,False,True
requested_tokens_per_activated_parameter,efficiency,descriptive_only,mla_121m,4441,0.07274818187743852,0.1818704546935963,0.3637409093871926,0.10912227281615779,0.1818704546935963,0.2909927275097541,400.0,0.40888638998013577,False,True
requested_tokens_per_activated_parameter,efficiency,descriptive_only,mla_121m,5501,0.07274818187743852,0.1818704546935963,0.3637409093871926,0.10912227281615779,0.1818704546935963,0.2909927275097541,400.0,0.40888638998013577,False,True
requested_tokens_per_activated_parameter,efficiency,descriptive_only,mla_121m,6173,0.07274818187743852,0.1818704546935963,0.3637409093871926,0.10912227281615779,0.1818704546935963,0.2909927275097541,400.0,0.40888638998013577,False,True
requested_tokens_per_activated_parameter,efficiency,descriptive_only,mla_121m,8191,0.07274818187743852,0.1818704546935963,0.3637409093871926,0.10912227281615779,0.1818704546935963,0.2909927275097541,400.0,0.40888638998013577,False,True
requested_tokens_per_activated_parameter,efficiency,descriptive_only,mla_121m,10007,0.07274818187743852,0.1818704546935963,0.3637409093871926,0.10912227281615779,0.1818704546935963,0.2909927275097541,400.0,0.40888638998013577,False,True
requested_tokens_per_activated_parameter,efficiency,descriptive_only,mla_121m,11213,0.07274818187743852,0.1818704546935963,0.3637409093871926,0.10912227281615779,0.1818704546935963,0.2909927275097541,400.0,0.40888638998013577,False,True
requested_tokens_per_activated_parameter,efficiency,descriptive_only,mla_121m,12721,0.07274818187743852,0.1818704546935963,0.3637409093871926,0.10912227281615779,0.1818704546935963,0.2909927275097541,400.0,0.40888638998013577,False,True
requested_tokens_per_activated_parameter,efficiency,descriptive_only,mtp_121m,1337,0.07336466063033978,0.18341165157584943,0.36682330315169887,0.11004699094550965,0.18341165157584943,0.2934586425213591,400.0,0.41235135316227994,False,True
requested_tokens_per_activated_parameter,efficiency,descriptive_only,mtp_121m,2027,0.07336466063033978,0.18341165157584943,0.36682330315169887,0.11004699094550965,0.18341165157584943,0.2934586425213591,400.0,0.41235135316227994,False,True
requested_tokens_per_activated_parameter,efficiency,descriptive_only,mtp_121m,31415,0.07336466063033978,0.18341165157584943,0.36682330315169887,0.11004699094550965,0.18341165157584943,0.2934586425213591,400.0,0.41235135316227994,False,True
requested_tokens_per_activated_parameter,efficiency,descriptive_only,mtp_121m,4441,0.07336466063033978,0.18341165157584943,0.36682330315169887,0.11004699094550965,0.18341165157584943,0.2934586425213591,400.0,0.41235135316227994,False,True
requested_tokens_per_activated_parameter,efficiency,descriptive_only,mtp_121m,5501,0.07336466063033978,0.18341165157584943,0.36682330315169887,0.11004699094550965,0.18341165157584943,0.2934586425213591,400.0,0.41235135316227994,False,True
requested_tokens_per_activated_parameter,efficiency,descriptive_only,mtp_121m,6173,0.07336466063033978,0.18341165157584943,0.36682330315169887,0.11004699094550965,0.18341165157584943,0.2934586425213591,400.0,0.41235135316227994,False,True
requested_tokens_per_activated_parameter,efficiency,descriptive_only,mtp_121m,8191,0.07336466063033978,0.18341165157584943,0.36682330315169887,0.11004699094550965,0.18341165157584943,0.2934586425213591,400.0,0.41235135316227994,False,True
requested_tokens_per_activated_parameter,efficiency,descriptive_only,mtp_121m,10007,0.07336466063033978,0.18341165157584943,0.36682330315169887,0.11004699094550965,0.18341165157584943,0.2934586425213591,400.0,0.41235135316227994,False,True
requested_tokens_per_activated_parameter,efficiency,descriptive_only,mtp_121m,11213,0.07336466063033978,0.18341165157584943,0.36682330315169887,0.11004699094550965,0.18341165157584943,0.2934586425213591,400.0,0.41235135316227994,False,True
requested_tokens_per_activated_parameter,efficiency,descriptive_only,mtp_121m,12721,0.07336466063033978,0.18341165157584943,0.36682330315169887,0.11004699094550965,0.18341165157584943,0.2934586425213591,400.0,0.41235135316227994,False,True
requested_tokens_per_activated_parameter,efficiency,descriptive_only,moe_220m,1337,0.12724480189714873,0.3181120047428718,0.6362240094857436,0.1908672028457231,0.3181120047428718,0.5089792075885949,400.0,0.7151885634628952,False,True
requested_tokens_per_activated_parameter,efficiency,descriptive_only,moe_220m,2027,0.12724480189714873,0.3181120047428718,0.6362240094857436,0.1908672028457231,0.3181120047428718,0.5089792075885949,400.0,0.7151885634628952,False,True
requested_tokens_per_activated_parameter,efficiency,descriptive_only,moe_220m,31415,0.12724480189714873,0.3181120047428718,0.6362240094857436,0.1908672028457231,0.3181120047428718,0.5089792075885949,400.0,0.7151885634628952,False,True
requested_tokens_per_activated_parameter,efficiency,descriptive_only,moe_220m,4441,0.12724480189714873,0.3181120047428718,0.6362240094857436,0.1908672028457231,0.3181120047428718,0.5089792075885949,400.0,0.7151885634628952,False,True
requested_tokens_per_activated_parameter,efficiency,descriptive_only,moe_220m,5501,0.12724480189714873,0.3181120047428718,0.6362240094857436,0.1908672028457231,0.3181120047428718,0.5089792075885949,400.0,0.7151885634628952,False,True
requested_tokens_per_activated_parameter,efficiency,descriptive_only,moe_220m,6173,0.12724480189714873,0.3181120047428718,0.6362240094857436,0.1908672028457231,0.3181120047428718,0.5089792075885949,400.0,0.7151885634628952,False,True
requested_tokens_per_activated_parameter,efficiency,descriptive_only,moe_220m,8191,0.12724480189714873,0.3181120047428718,0.6362240094857436,0.1908672028457231,0.3181120047428718,0.5089792075885949,400.0,0.7151885634628952,False,True
requested_tokens_per_activated_parameter,efficiency,descriptive_only,moe_220m,10007,0.12724480189714873,0.3181120047428718,0.6362240094857436,0.1908672028457231,0.3181120047428718,0.5089792075885949,400.0,0.7151885634628952,False,True
requested_tokens_per_activated_parameter,efficiency,descriptive_only,moe_220m,11213,0.12724480189714873,0.3181120047428718,0.6362240094857436,0.1908672028457231,0.3181120047428718,0.5089792075885949,400.0,0.7151885634628952,False,True
requested_tokens_per_activated_parameter,efficiency,descriptive_only,moe_220m,12721,0.12724480189714873,0.3181120047428718,0.6362240094857436,0.1908672028457231,0.3181120047428718,0.5089792075885949,400.0,0.7151885634628952,False,True
requested_tokens_per_activated_parameter,efficiency,descriptive_only,mla_moe_220m,1337,0.1051483314894522,0.2628708287236305,0.525741657447261,0.1577224972341783,0.2628708287236305,0.4205933259578088,400.0,0.590993761845345,False,True
requested_tokens_per_activated_parameter,efficiency,descriptive_only,mla_moe_220m,2027,0.1051483314894522,0.2628708287236305,0.525741657447261,0.1577224972341783,0.2628708287236305,0.4205933259578088,400.0,0.590993761845345,False,True
requested_tokens_per_activated_parameter,efficiency,descriptive_only,mla_moe_220m,31415,0.1051483314894522,0.2628708287236305,0.525741657447261,0.1577224972341783,0.2628708287236305,0.4205933259578088,400.0,0.590993761845345,False,True
requested_tokens_per_activated_parameter,efficiency,descriptive_only,mla_moe_220m,4441,0.1051483314894522,0.2628708287236305,0.525741657447261,0.1577224972341783,0.2628708287236305,0.4205933259578088,400.0,0.590993761845345,False,True
requested_tokens_per_activated_parameter,efficiency,descriptive_only,mla_moe_220m,5501,0.1051483314894522,0.2628708287236305,0.525741657447261,0.1577224972341783,0.2628708287236305,0.4205933259578088,400.0,0.590993761845345,False,True
requested_tokens_per_activated_parameter,efficiency,descriptive_only,mla_moe_220m,6173,0.1051483314894522,0.2628708287236305,0.525741657447261,0.1577224972341783,0.2628708287236305,0.4205933259578088,400.0,0.590993761845345,False,True
requested_tokens_per_activated_parameter,efficiency,descriptive_only,mla_moe_220m,8191,0.1051483314894522,0.2628708287236305,0.525741657447261,0.1577224972341783,0.2628708287236305,0.4205933259578088,400.0,0.590993761845345,False,True
requested_tokens_per_activated_parameter,efficiency,descriptive_only,mla_moe_220m,10007,0.1051483314894522,0.2628708287236305,0.525741657447261,0.1577224972341783,0.2628708287236305,0.4205933259578088,400.0,0.590993761845345,False,True
requested_tokens_per_activated_parameter,efficiency,descriptive_only,mla_moe_220m,11213,0.1051483314894522,0.2628708287236305,0.525741657447261,0.1577224972341783,0.2628708287236305,0.4205933259578088,400.0,0.590993761845345,False,True
requested_tokens_per_activated_parameter,efficiency,descriptive_only,mla_moe_220m,12721,0.1051483314894522,0.2628708287236305,0.525741657447261,0.1577224972341783,0.2628708287236305,0.4205933259578088,400.0,0.590993761845345,False,True
requested_tokens_per_activated_parameter,efficiency,descriptive_only,v3_routing_220m,1337,0.12724480189714873,0.3181120047428718,0.6362240094857436,0.1908672028457231,0.3181120047428718,0.5089792075885949,400.0,0.7151885634628952,False,True
requested_tokens_per_activated_parameter,efficiency,descriptive_only,v3_routing_220m,2027,0.12724480189714873,0.3181120047428718,0.6362240094857436,0.1908672028457231,0.3181120047428718,0.5089792075885949,400.0,0.7151885634628952,False,True
requested_tokens_per_activated_parameter,efficiency,descriptive_only,v3_routing_220m,31415,0.12724480189714873,0.3181120047428718,0.6362240094857436,0.1908672028457231,0.3181120047428718,0.5089792075885949,400.0,0.7151885634628952,False,True
requested_tokens_per_activated_parameter,efficiency,descriptive_only,v3_routing_220m,4441,0.12724480189714873,0.3181120047428718,0.6362240094857436,0.1908672028457231,0.3181120047428718,0.5089792075885949,400.0,0.7151885634628952,False,True
requested_tokens_per_activated_parameter,efficiency,descriptive_only,v3_routing_220m,5501,0.12724480189714873,0.3181120047428718,0.6362240094857436,0.1908672028457231,0.3181120047428718,0.5089792075885949,400.0,0.7151885634628952,False,True
requested_tokens_per_activated_parameter,efficiency,descriptive_only,v3_routing_220m,6173,0.12724480189714873,0.3181120047428718,0.6362240094857436,0.1908672028457231,0.3181120047428718,0.5089792075885949,400.0,0.7151885634628952,False,True
requested_tokens_per_activated_parameter,efficiency,descriptive_only,v3_routing_220m,8191,0.12724480189714873,0.3181120047428718,0.6362240094857436,0.1908672028457231,0.3181120047428718,0.5089792075885949,400.0,0.7151885634628952,False,True
requested_tokens_per_activated_parameter,efficiency,descriptive_only,v3_routing_220m,10007,0.12724480189714873,0.3181120047428718,0.6362240094857436,0.1908672028457231,0.3181120047428718,0.5089792075885949,400.0,0.7151885634628952,False,True
requested_tokens_per_activated_parameter,efficiency,descriptive_only,v3_routing_220m,11213,0.12724480189714873,0.3181120047428718,0.6362240094857436,0.1908672028457231,0.3181120047428718,0.5089792075885949,400.0,0.7151885634628952,False,True
requested_tokens_per_activated_parameter,efficiency,descriptive_only,v3_routing_220m,12721,0.12724480189714873,0.3181120047428718,0.6362240094857436,0.1908672028457231,0.3181120047428718,0.5089792075885949,400.0,0.7151885634628952,False,True
requested_tokens_per_total_parameter,efficiency,descriptive_only,dense_121m,1337,0.08268193200026247,0.20670483000065618,0.41340966000131235,0.1240228980003937,0.20670483000065618,0.3307277280010499,399.99999999999994,0.46471974721137543,False,True
requested_tokens_per_total_parameter,efficiency,descriptive_only,dense_121m,2027,0.08268193200026247,0.20670483000065618,0.41340966000131235,0.1240228980003937,0.20670483000065618,0.3307277280010499,399.99999999999994,0.46471974721137543,False,True
requested_tokens_per_total_parameter,efficiency,descriptive_only,dense_121m,31415,0.08268193200026247,0.20670483000065618,0.41340966000131235,0.1240228980003937,0.20670483000065618,0.3307277280010499,399.99999999999994,0.46471974721137543,False,True
requested_tokens_per_total_parameter,efficiency,descriptive_only,dense_121m,4441,0.08268193200026247,0.20670483000065618,0.41340966000131235,0.1240228980003937,0.20670483000065618,0.3307277280010499,399.99999999999994,0.46471974721137543,False,True
requested_tokens_per_total_parameter,efficiency,descriptive_only,dense_121m,5501,0.08268193200026247,0.20670483000065618,0.41340966000131235,0.1240228980003937,0.20670483000065618,0.3307277280010499,399.99999999999994,0.46471974721137543,False,True
requested_tokens_per_total_parameter,efficiency,descriptive_only,dense_121m,6173,0.08268193200026247,0.20670483000065618,0.41340966000131235,0.1240228980003937,0.20670483000065618,0.3307277280010499,399.99999999999994,0.46471974721137543,False,True
requested_tokens_per_total_parameter,efficiency,descriptive_only,dense_121m,8191,0.08268193200026247,0.20670483000065618,0.41340966000131235,0.1240228980003937,0.20670483000065618,0.3307277280010499,399.99999999999994,0.46471974721137543,False,True
requested_tokens_per_total_parameter,efficiency,descriptive_only,dense_121m,10007,0.08268193200026247,0.20670483000065618,0.41340966000131235,0.1240228980003937,0.20670483000065618,0.3307277280010499,399.99999999999994,0.46471974721137543,False,True
requested_tokens_per_total_parameter,efficiency,descriptive_only,dense_121m,11213,0.08268193200026247,0.20670483000065618,0.41340966000131235,0.1240228980003937,0.20670483000065618,0.3307277280010499,399.99999999999994,0.46471974721137543,False,True
requested_tokens_per_total_parameter,efficiency,descriptive_only,dense_121m,12721,0.08268193200026247,0.20670483000065618,0.41340966000131235,0.1240228980003937,0.20670483000065618,0.3307277280010499,399.99999999999994,0.46471974721137543,False,True
requested_tokens_per_total_parameter,efficiency,descriptive_only,mla_121m,1337,0.07274818187743852,0.1818704546935963,0.3637409093871926,0.10912227281615779,0.1818704546935963,0.2909927275097541,400.0,0.40888638998013577,False,True
requested_tokens_per_total_parameter,efficiency,descriptive_only,mla_121m,2027,0.07274818187743852,0.1818704546935963,0.3637409093871926,0.10912227281615779,0.1818704546935963,0.2909927275097541,400.0,0.40888638998013577,False,True
requested_tokens_per_total_parameter,efficiency,descriptive_only,mla_121m,31415,0.07274818187743852,0.1818704546935963,0.3637409093871926,0.10912227281615779,0.1818704546935963,0.2909927275097541,400.0,0.40888638998013577,False,True
requested_tokens_per_total_parameter,efficiency,descriptive_only,mla_121m,4441,0.07274818187743852,0.1818704546935963,0.3637409093871926,0.10912227281615779,0.1818704546935963,0.2909927275097541,400.0,0.40888638998013577,False,True
requested_tokens_per_total_parameter,efficiency,descriptive_only,mla_121m,5501,0.07274818187743852,0.1818704546935963,0.3637409093871926,0.10912227281615779,0.1818704546935963,0.2909927275097541,400.0,0.40888638998013577,False,True
requested_tokens_per_total_parameter,efficiency,descriptive_only,mla_121m,6173,0.07274818187743852,0.1818704546935963,0.3637409093871926,0.10912227281615779,0.1818704546935963,0.2909927275097541,400.0,0.40888638998013577,False,True
requested_tokens_per_total_parameter,efficiency,descriptive_only,mla_121m,8191,0.07274818187743852,0.1818704546935963,0.3637409093871926,0.10912227281615779,0.1818704546935963,0.2909927275097541,400.0,0.40888638998013577,False,True
requested_tokens_per_total_parameter,efficiency,descriptive_only,mla_121m,10007,0.07274818187743852,0.1818704546935963,0.3637409093871926,0.10912227281615779,0.1818704546935963,0.2909927275097541,400.0,0.40888638998013577,False,True
requested_tokens_per_total_parameter,efficiency,descriptive_only,mla_121m,11213,0.07274818187743852,0.1818704546935963,0.3637409093871926,0.10912227281615779,0.1818704546935963,0.2909927275097541,400.0,0.40888638998013577,False,True
requested_tokens_per_total_parameter,efficiency,descriptive_only,mla_121m,12721,0.07274818187743852,0.1818704546935963,0.3637409093871926,0.10912227281615779,0.1818704546935963,0.2909927275097541,400.0,0.40888638998013577,False,True
requested_tokens_per_total_parameter,efficiency,descriptive_only,mtp_121m,1337,0.07336466063033978,0.18341165157584943,0.36682330315169887,0.11004699094550965,0.18341165157584943,0.2934586425213591,400.0,0.41235135316227994,False,True
requested_tokens_per_total_parameter,efficiency,descriptive_only,mtp_121m,2027,0.07336466063033978,0.18341165157584943,0.36682330315169887,0.11004699094550965,0.18341165157584943,0.2934586425213591,400.0,0.41235135316227994,False,True
requested_tokens_per_total_parameter,efficiency,descriptive_only,mtp_121m,31415,0.07336466063033978,0.18341165157584943,0.36682330315169887,0.11004699094550965,0.18341165157584943,0.2934586425213591,400.0,0.41235135316227994,False,True
requested_tokens_per_total_parameter,efficiency,descriptive_only,mtp_121m,4441,0.07336466063033978,0.18341165157584943,0.36682330315169887,0.11004699094550965,0.18341165157584943,0.2934586425213591,400.0,0.41235135316227994,False,True
requested_tokens_per_total_parameter,efficiency,descriptive_only,mtp_121m,5501,0.07336466063033978,0.18341165157584943,0.36682330315169887,0.11004699094550965,0.18341165157584943,0.2934586425213591,400.0,0.41235135316227994,False,True
requested_tokens_per_total_parameter,efficiency,descriptive_only,mtp_121m,6173,0.07336466063033978,0.18341165157584943,0.36682330315169887,0.11004699094550965,0.18341165157584943,0.2934586425213591,400.0,0.41235135316227994,False,True
requested_tokens_per_total_parameter,efficiency,descriptive_only,mtp_121m,8191,0.07336466063033978,0.18341165157584943,0.36682330315169887,0.11004699094550965,0.18341165157584943,0.2934586425213591,400.0,0.41235135316227994,False,True
requested_tokens_per_total_parameter,efficiency,descriptive_only,mtp_121m,10007,0.07336466063033978,0.18341165157584943,0.36682330315169887,0.11004699094550965,0.18341165157584943,0.2934586425213591,400.0,0.41235135316227994,False,True
requested_tokens_per_total_parameter,efficiency,descriptive_only,mtp_121m,11213,0.07336466063033978,0.18341165157584943,0.36682330315169887,0.11004699094550965,0.18341165157584943,0.2934586425213591,400.0,0.41235135316227994,False,True
requested_tokens_per_total_parameter,efficiency,descriptive_only,mtp_121m,12721,0.07336466063033978,0.18341165157584943,0.36682330315169887,0.11004699094550965,0.18341165157584943,0.2934586425213591,400.0,0.41235135316227994,False,True
requested_tokens_per_total_parameter,efficiency,descriptive_only,moe_220m,1337,0.045424311033121806,0.11356077758280453,0.22712155516560906,0.06813646654968272,0.11356077758280453,0.18169724413248725,400.0000000000001,0.25531060813257545,False,True
requested_tokens_per_total_parameter,efficiency,descriptive_only,moe_220m,2027,0.045424311033121806,0.11356077758280453,0.22712155516560906,0.06813646654968272,0.11356077758280453,0.18169724413248725,400.0000000000001,0.25531060813257545,False,True
requested_tokens_per_total_parameter,efficiency,descriptive_only,moe_220m,31415,0.045424311033121806,0.11356077758280453,0.22712155516560906,0.06813646654968272,0.11356077758280453,0.18169724413248725,400.0000000000001,0.25531060813257545,False,True
requested_tokens_per_total_parameter,efficiency,descriptive_only,moe_220m,4441,0.045424311033121806,0.11356077758280453,0.22712155516560906,0.06813646654968272,0.11356077758280453,0.18169724413248725,400.0000000000001,0.25531060813257545,False,True
requested_tokens_per_total_parameter,efficiency,descriptive_only,moe_220m,5501,0.045424311033121806,0.11356077758280453,0.22712155516560906,0.06813646654968272,0.11356077758280453,0.18169724413248725,400.0000000000001,0.25531060813257545,False,True
requested_tokens_per_total_parameter,efficiency,descriptive_only,moe_220m,6173,0.045424311033121806,0.11356077758280453,0.22712155516560906,0.06813646654968272,0.11356077758280453,0.18169724413248725,400.0000000000001,0.25531060813257545,False,True
requested_tokens_per_total_parameter,efficiency,descriptive_only,moe_220m,8191,0.045424311033121806,0.11356077758280453,0.22712155516560906,0.06813646654968272,0.11356077758280453,0.18169724413248725,400.0000000000001,0.25531060813257545,False,True
requested_tokens_per_total_parameter,efficiency,descriptive_only,moe_220m,10007,0.045424311033121806,0.11356077758280453,0.22712155516560906,0.06813646654968272,0.11356077758280453,0.18169724413248725,400.0000000000001,0.25531060813257545,False,True
requested_tokens_per_total_parameter,efficiency,descriptive_only,moe_220m,11213,0.045424311033121806,0.11356077758280453,0.22712155516560906,0.06813646654968272,0.11356077758280453,0.18169724413248725,400.0000000000001,0.25531060813257545,False,True
requested_tokens_per_total_parameter,efficiency,descriptive_only,moe_220m,12721,0.045424311033121806,0.11356077758280453,0.22712155516560906,0.06813646654968272,0.11356077758280453,0.18169724413248725,400.0000000000001,0.25531060813257545,False,True
requested_tokens_per_total_parameter,efficiency,descriptive_only,mla_moe_220m,1337,0.0422544428687481,0.10563610717187025,0.2112722143437405,0.06338166430312214,0.10563610717187025,0.1690177714749924,400.0,0.23749413606421033,False,True
requested_tokens_per_total_parameter,efficiency,descriptive_only,mla_moe_220m,2027,0.0422544428687481,0.10563610717187025,0.2112722143437405,0.06338166430312214,0.10563610717187025,0.1690177714749924,400.0,0.23749413606421033,False,True
requested_tokens_per_total_parameter,efficiency,descriptive_only,mla_moe_220m,31415,0.0422544428687481,0.10563610717187025,0.2112722143437405,0.06338166430312214,0.10563610717187025,0.1690177714749924,400.0,0.23749413606421033,False,True
requested_tokens_per_total_parameter,efficiency,descriptive_only,mla_moe_220m,4441,0.0422544428687481,0.10563610717187025,0.2112722143437405,0.06338166430312214,0.10563610717187025,0.1690177714749924,400.0,0.23749413606421033,False,True
requested_tokens_per_total_parameter,efficiency,descriptive_only,mla_moe_220m,5501,0.0422544428687481,0.10563610717187025,0.2112722143437405,0.06338166430312214,0.10563610717187025,0.1690177714749924,400.0,0.23749413606421033,False,True
requested_tokens_per_total_parameter,efficiency,descriptive_only,mla_moe_220m,6173,0.0422544428687481,0.10563610717187025,0.2112722143437405,0.06338166430312214,0.10563610717187025,0.1690177714749924,400.0,0.23749413606421033,False,True
requested_tokens_per_total_parameter,efficiency,descriptive_only,mla_moe_220m,8191,0.0422544428687481,0.10563610717187025,0.2112722143437405,0.06338166430312214,0.10563610717187025,0.1690177714749924,400.0,0.23749413606421033,False,True
requested_tokens_per_total_parameter,efficiency,descriptive_only,mla_moe_220m,10007,0.0422544428687481,0.10563610717187025,0.2112722143437405,0.06338166430312214,0.10563610717187025,0.1690177714749924,400.0,0.23749413606421033,False,True
requested_tokens_per_total_parameter,efficiency,descriptive_only,mla_moe_220m,11213,0.0422544428687481,0.10563610717187025,0.2112722143437405,0.06338166430312214,0.10563610717187025,0.1690177714749924,400.0,0.23749413606421033,False,True
requested_tokens_per_total_parameter,efficiency,descriptive_only,mla_moe_220m,12721,0.0422544428687481,0.10563610717187025,0.2112722143437405,0.06338166430312214,0.10563610717187025,0.1690177714749924,400.0,0.23749413606421033,False,True
requested_tokens_per_total_parameter,efficiency,descriptive_only,v3_routing_220m,1337,0.045424311033121806,0.11356077758280453,0.22712155516560906,0.06813646654968272,0.11356077758280453,0.18169724413248725,400.0000000000001,0.25531060813257545,False,True
requested_tokens_per_total_parameter,efficiency,descriptive_only,v3_routing_220m,2027,0.045424311033121806,0.11356077758280453,0.22712155516560906,0.06813646654968272,0.11356077758280453,0.18169724413248725,400.0000000000001,0.25531060813257545,False,True
requested_tokens_per_total_parameter,efficiency,descriptive_only,v3_routing_220m,31415,0.045424311033121806,0.11356077758280453,0.22712155516560906,0.06813646654968272,0.11356077758280453,0.18169724413248725,400.0000000000001,0.25531060813257545,False,True
requested_tokens_per_total_parameter,efficiency,descriptive_only,v3_routing_220m,4441,0.045424311033121806,0.11356077758280453,0.22712155516560906,0.06813646654968272,0.11356077758280453,0.18169724413248725,400.0000000000001,0.25531060813257545,False,True
requested_tokens_per_total_parameter,efficiency,descriptive_only,v3_routing_220m,5501,0.045424311033121806,0.11356077758280453,0.22712155516560906,0.06813646654968272,0.11356077758280453,0.18169724413248725,400.0000000000001,0.25531060813257545,False,True
requested_tokens_per_total_parameter,efficiency,descriptive_only,v3_routing_220m,6173,0.045424311033121806,0.11356077758280453,0.22712155516560906,0.06813646654968272,0.11356077758280453,0.18169724413248725,400.0000000000001,0.25531060813257545,False,True
requested_tokens_per_total_parameter,efficiency,descriptive_only,v3_routing_220m,8191,0.045424311033121806,0.11356077758280453,0.22712155516560906,0.06813646654968272,0.11356077758280453,0.18169724413248725,400.0000000000001,0.25531060813257545,False,True
requested_tokens_per_total_parameter,efficiency,descriptive_only,v3_routing_220m,10007,0.045424311033121806,0.11356077758280453,0.22712155516560906,0.06813646654968272,0.11356077758280453,0.18169724413248725,400.0000000000001,0.25531060813257545,False,True
requested_tokens_per_total_parameter,efficiency,descriptive_only,v3_routing_220m,11213,0.045424311033121806,0.11356077758280453,0.22712155516560906,0.06813646654968272,0.11356077758280453,0.18169724413248725,400.0000000000001,0.25531060813257545,False,True
requested_tokens_per_total_parameter,efficiency,descriptive_only,v3_routing_220m,12721,0.045424311033121806,0.11356077758280453,0.22712155516560906,0.06813646654968272,0.11356077758280453,0.18169724413248725,400.0000000000001,0.25531060813257545,False,True
requested_tokens_per_trainable_parameter,efficiency,descriptive_only,dense_121m,1337,0.08268193200026247,0.20670483000065618,0.41340966000131235,0.1240228980003937,0.20670483000065618,0.3307277280010499,399.99999999999994,0.46471974721137543,False,True
requested_tokens_per_trainable_parameter,efficiency,descriptive_only,dense_121m,2027,0.08268193200026247,0.20670483000065618,0.41340966000131235,0.1240228980003937,0.20670483000065618,0.3307277280010499,399.99999999999994,0.46471974721137543,False,True
requested_tokens_per_trainable_parameter,efficiency,descriptive_only,dense_121m,31415,0.08268193200026247,0.20670483000065618,0.41340966000131235,0.1240228980003937,0.20670483000065618,0.3307277280010499,399.99999999999994,0.46471974721137543,False,True
requested_tokens_per_trainable_parameter,efficiency,descriptive_only,dense_121m,4441,0.08268193200026247,0.20670483000065618,0.41340966000131235,0.1240228980003937,0.20670483000065618,0.3307277280010499,399.99999999999994,0.46471974721137543,False,True
requested_tokens_per_trainable_parameter,efficiency,descriptive_only,dense_121m,5501,0.08268193200026247,0.20670483000065618,0.41340966000131235,0.1240228980003937,0.20670483000065618,0.3307277280010499,399.99999999999994,0.46471974721137543,False,True
requested_tokens_per_trainable_parameter,efficiency,descriptive_only,dense_121m,6173,0.08268193200026247,0.20670483000065618,0.41340966000131235,0.1240228980003937,0.20670483000065618,0.3307277280010499,399.99999999999994,0.46471974721137543,False,True
requested_tokens_per_trainable_parameter,efficiency,descriptive_only,dense_121m,8191,0.08268193200026247,0.20670483000065618,0.41340966000131235,0.1240228980003937,0.20670483000065618,0.3307277280010499,399.99999999999994,0.46471974721137543,False,True
requested_tokens_per_trainable_parameter,efficiency,descriptive_only,dense_121m,10007,0.08268193200026247,0.20670483000065618,0.41340966000131235,0.1240228980003937,0.20670483000065618,0.3307277280010499,399.99999999999994,0.46471974721137543,False,True
requested_tokens_per_trainable_parameter,efficiency,descriptive_only,dense_121m,11213,0.08268193200026247,0.20670483000065618,0.41340966000131235,0.1240228980003937,0.20670483000065618,0.3307277280010499,399.99999999999994,0.46471974721137543,False,True
requested_tokens_per_trainable_parameter,efficiency,descriptive_only,dense_121m,12721,0.08268193200026247,0.20670483000065618,0.41340966000131235,0.1240228980003937,0.20670483000065618,0.3307277280010499,399.99999999999994,0.46471974721137543,False,True
requested_tokens_per_trainable_parameter,efficiency,descriptive_only,mla_121m,1337,0.07274818187743852,0.1818704546935963,0.3637409093871926,0.10912227281615779,0.1818704546935963,0.2909927275097541,400.0,0.40888638998013577,False,True
requested_tokens_per_trainable_parameter,efficiency,descriptive_only,mla_121m,2027,0.07274818187743852,0.1818704546935963,0.3637409093871926,0.10912227281615779,0.1818704546935963,0.2909927275097541,400.0,0.40888638998013577,False,True
requested_tokens_per_trainable_parameter,efficiency,descriptive_only,mla_121m,31415,0.07274818187743852,0.1818704546935963,0.3637409093871926,0.10912227281615779,0.1818704546935963,0.2909927275097541,400.0,0.40888638998013577,False,True
requested_tokens_per_trainable_parameter,efficiency,descriptive_only,mla_121m,4441,0.07274818187743852,0.1818704546935963,0.3637409093871926,0.10912227281615779,0.1818704546935963,0.2909927275097541,400.0,0.40888638998013577,False,True
requested_tokens_per_trainable_parameter,efficiency,descriptive_only,mla_121m,5501,0.07274818187743852,0.1818704546935963,0.3637409093871926,0.10912227281615779,0.1818704546935963,0.2909927275097541,400.0,0.40888638998013577,False,True
requested_tokens_per_trainable_parameter,efficiency,descriptive_only,mla_121m,6173,0.07274818187743852,0.1818704546935963,0.3637409093871926,0.10912227281615779,0.1818704546935963,0.2909927275097541,400.0,0.40888638998013577,False,True
requested_tokens_per_trainable_parameter,efficiency,descriptive_only,mla_121m,8191,0.07274818187743852,0.1818704546935963,0.3637409093871926,0.10912227281615779,0.1818704546935963,0.2909927275097541,400.0,0.40888638998013577,False,True
requested_tokens_per_trainable_parameter,efficiency,descriptive_only,mla_121m,10007,0.07274818187743852,0.1818704546935963,0.3637409093871926,0.10912227281615779,0.1818704546935963,0.2909927275097541,400.0,0.40888638998013577,False,True
requested_tokens_per_trainable_parameter,efficiency,descriptive_only,mla_121m,11213,0.07274818187743852,0.1818704546935963,0.3637409093871926,0.10912227281615779,0.1818704546935963,0.2909927275097541,400.0,0.40888638998013577,False,True
requested_tokens_per_trainable_parameter,efficiency,descriptive_only,mla_121m,12721,0.07274818187743852,0.1818704546935963,0.3637409093871926,0.10912227281615779,0.1818704546935963,0.2909927275097541,400.0,0.40888638998013577,False,True
requested_tokens_per_trainable_parameter,efficiency,descriptive_only,mtp_121m,1337,0.07336466063033978,0.18341165157584943,0.36682330315169887,0.11004699094550965,0.18341165157584943,0.2934586425213591,400.0,0.41235135316227994,False,True
requested_tokens_per_trainable_parameter,efficiency,descriptive_only,mtp_121m,2027,0.07336466063033978,0.18341165157584943,0.36682330315169887,0.11004699094550965,0.18341165157584943,0.2934586425213591,400.0,0.41235135316227994,False,True
requested_tokens_per_trainable_parameter,efficiency,descriptive_only,mtp_121m,31415,0.07336466063033978,0.18341165157584943,0.36682330315169887,0.11004699094550965,0.18341165157584943,0.2934586425213591,400.0,0.41235135316227994,False,True
requested_tokens_per_trainable_parameter,efficiency,descriptive_only,mtp_121m,4441,0.07336466063033978,0.18341165157584943,0.36682330315169887,0.11004699094550965,0.18341165157584943,0.2934586425213591,400.0,0.41235135316227994,False,True
requested_tokens_per_trainable_parameter,efficiency,descriptive_only,mtp_121m,5501,0.07336466063033978,0.18341165157584943,0.36682330315169887,0.11004699094550965,0.18341165157584943,0.2934586425213591,400.0,0.41235135316227994,False,True
requested_tokens_per_trainable_parameter,efficiency,descriptive_only,mtp_121m,6173,0.07336466063033978,0.18341165157584943,0.36682330315169887,0.11004699094550965,0.18341165157584943,0.2934586425213591,400.0,0.41235135316227994,False,True
requested_tokens_per_trainable_parameter,efficiency,descriptive_only,mtp_121m,8191,0.07336466063033978,0.18341165157584943,0.36682330315169887,0.11004699094550965,0.18341165157584943,0.2934586425213591,400.0,0.41235135316227994,False,True
requested_tokens_per_trainable_parameter,efficiency,descriptive_only,mtp_121m,10007,0.07336466063033978,0.18341165157584943,0.36682330315169887,0.11004699094550965,0.18341165157584943,0.2934586425213591,400.0,0.41235135316227994,False,True
requested_tokens_per_trainable_parameter,efficiency,descriptive_only,mtp_121m,11213,0.07336466063033978,0.18341165157584943,0.36682330315169887,0.11004699094550965,0.18341165157584943,0.2934586425213591,400.0,0.41235135316227994,False,True
requested_tokens_per_trainable_parameter,efficiency,descriptive_only,mtp_121m,12721,0.07336466063033978,0.18341165157584943,0.36682330315169887,0.11004699094550965,0.18341165157584943,0.2934586425213591,400.0,0.41235135316227994,False,True
requested_tokens_per_trainable_parameter,efficiency,descriptive_only,moe_220m,1337,0.045424311033121806,0.11356077758280453,0.22712155516560906,0.06813646654968272,0.11356077758280453,0.18169724413248725,400.0000000000001,0.25531060813257545,False,True
requested_tokens_per_trainable_parameter,efficiency,descriptive_only,moe_220m,2027,0.045424311033121806,0.11356077758280453,0.22712155516560906,0.06813646654968272,0.11356077758280453,0.18169724413248725,400.0000000000001,0.25531060813257545,False,True
requested_tokens_per_trainable_parameter,efficiency,descriptive_only,moe_220m,31415,0.045424311033121806,0.11356077758280453,0.22712155516560906,0.06813646654968272,0.11356077758280453,0.18169724413248725,400.0000000000001,0.25531060813257545,False,True
requested_tokens_per_trainable_parameter,efficiency,descriptive_only,moe_220m,4441,0.045424311033121806,0.11356077758280453,0.22712155516560906,0.06813646654968272,0.11356077758280453,0.18169724413248725,400.0000000000001,0.25531060813257545,False,True
requested_tokens_per_trainable_parameter,efficiency,descriptive_only,moe_220m,5501,0.045424311033121806,0.11356077758280453,0.22712155516560906,0.06813646654968272,0.11356077758280453,0.18169724413248725,400.0000000000001,0.25531060813257545,False,True
requested_tokens_per_trainable_parameter,efficiency,descriptive_only,moe_220m,6173,0.045424311033121806,0.11356077758280453,0.22712155516560906,0.06813646654968272,0.11356077758280453,0.18169724413248725,400.0000000000001,0.25531060813257545,False,True
requested_tokens_per_trainable_parameter,efficiency,descriptive_only,moe_220m,8191,0.045424311033121806,0.11356077758280453,0.22712155516560906,0.06813646654968272,0.11356077758280453,0.18169724413248725,400.0000000000001,0.25531060813257545,False,True
requested_tokens_per_trainable_parameter,efficiency,descriptive_only,moe_220m,10007,0.045424311033121806,0.11356077758280453,0.22712155516560906,0.06813646654968272,0.11356077758280453,0.18169724413248725,400.0000000000001,0.25531060813257545,False,True
requested_tokens_per_trainable_parameter,efficiency,descriptive_only,moe_220m,11213,0.045424311033121806,0.11356077758280453,0.22712155516560906,0.06813646654968272,0.11356077758280453,0.18169724413248725,400.0000000000001,0.25531060813257545,False,True
requested_tokens_per_trainable_parameter,efficiency,descriptive_only,moe_220m,12721,0.045424311033121806,0.11356077758280453,0.22712155516560906,0.06813646654968272,0.11356077758280453,0.18169724413248725,400.0000000000001,0.25531060813257545,False,True
requested_tokens_per_trainable_parameter,efficiency,descriptive_only,mla_moe_220m,1337,0.0422544428687481,0.10563610717187025,0.2112722143437405,0.06338166430312214,0.10563610717187025,0.1690177714749924,400.0,0.23749413606421033,False,True
requested_tokens_per_trainable_parameter,efficiency,descriptive_only,mla_moe_220m,2027,0.0422544428687481,0.10563610717187025,0.2112722143437405,0.06338166430312214,0.10563610717187025,0.1690177714749924,400.0,0.23749413606421033,False,True
requested_tokens_per_trainable_parameter,efficiency,descriptive_only,mla_moe_220m,31415,0.0422544428687481,0.10563610717187025,0.2112722143437405,0.06338166430312214,0.10563610717187025,0.1690177714749924,400.0,0.23749413606421033,False,True
requested_tokens_per_trainable_parameter,efficiency,descriptive_only,mla_moe_220m,4441,0.0422544428687481,0.10563610717187025,0.2112722143437405,0.06338166430312214,0.10563610717187025,0.1690177714749924,400.0,0.23749413606421033,False,True
requested_tokens_per_trainable_parameter,efficiency,descriptive_only,mla_moe_220m,5501,0.0422544428687481,0.10563610717187025,0.2112722143437405,0.06338166430312214,0.10563610717187025,0.1690177714749924,400.0,0.23749413606421033,False,True
requested_tokens_per_trainable_parameter,efficiency,descriptive_only,mla_moe_220m,6173,0.0422544428687481,0.10563610717187025,0.2112722143437405,0.06338166430312214,0.10563610717187025,0.1690177714749924,400.0,0.23749413606421033,False,True
requested_tokens_per_trainable_parameter,efficiency,descriptive_only,mla_moe_220m,8191,0.0422544428687481,0.10563610717187025,0.2112722143437405,0.06338166430312214,0.10563610717187025,0.1690177714749924,400.0,0.23749413606421033,False,True
requested_tokens_per_trainable_parameter,efficiency,descriptive_only,mla_moe_220m,10007,0.0422544428687481,0.10563610717187025,0.2112722143437405,0.06338166430312214,0.10563610717187025,0.1690177714749924,400.0,0.23749413606421033,False,True
requested_tokens_per_trainable_parameter,efficiency,descriptive_only,mla_moe_220m,11213,0.0422544428687481,0.10563610717187025,0.2112722143437405,0.06338166430312214,0.10563610717187025,0.1690177714749924,400.0,0.23749413606421033,False,True
requested_tokens_per_trainable_parameter,efficiency,descriptive_only,mla_moe_220m,12721,0.0422544428687481,0.10563610717187025,0.2112722143437405,0.06338166430312214,0.10563610717187025,0.1690177714749924,400.0,0.23749413606421033,False,True
requested_tokens_per_trainable_parameter,efficiency,descriptive_only,v3_routing_220m,1337,0.045424311033121806,0.11356077758280453,0.22712155516560906,0.06813646654968272,0.11356077758280453,0.18169724413248725,400.0000000000001,0.25531060813257545,False,True
requested_tokens_per_trainable_parameter,efficiency,descriptive_only,v3_routing_220m,2027,0.045424311033121806,0.11356077758280453,0.22712155516560906,0.06813646654968272,0.11356077758280453,0.18169724413248725,400.0000000000001,0.25531060813257545,False,True
requested_tokens_per_trainable_parameter,efficiency,descriptive_only,v3_routing_220m,31415,0.045424311033121806,0.11356077758280453,0.22712155516560906,0.06813646654968272,0.11356077758280453,0.18169724413248725,400.0000000000001,0.25531060813257545,False,True
requested_tokens_per_trainable_parameter,efficiency,descriptive_only,v3_routing_220m,4441,0.045424311033121806,0.11356077758280453,0.22712155516560906,0.06813646654968272,0.11356077758280453,0.18169724413248725,400.0000000000001,0.25531060813257545,False,True
requested_tokens_per_trainable_parameter,efficiency,descriptive_only,v3_routing_220m,5501,0.045424311033121806,0.11356077758280453,0.22712155516560906,0.06813646654968272,0.11356077758280453,0.18169724413248725,400.0000000000001,0.25531060813257545,False,True
requested_tokens_per_trainable_parameter,efficiency,descriptive_only,v3_routing_220m,6173,0.045424311033121806,0.11356077758280453,0.22712155516560906,0.06813646654968272,0.11356077758280453,0.18169724413248725,400.0000000000001,0.25531060813257545,False,True
requested_tokens_per_trainable_parameter,efficiency,descriptive_only,v3_routing_220m,8191,0.045424311033121806,0.11356077758280453,0.22712155516560906,0.06813646654968272,0.11356077758280453,0.18169724413248725,400.0000000000001,0.25531060813257545,False,True
requested_tokens_per_trainable_parameter,efficiency,descriptive_only,v3_routing_220m,10007,0.045424311033121806,0.11356077758280453,0.22712155516560906,0.06813646654968272,0.11356077758280453,0.18169724413248725,400.0000000000001,0.25531060813257545,False,True
requested_tokens_per_trainable_parameter,efficiency,descriptive_only,v3_routing_220m,11213,0.045424311033121806,0.11356077758280453,0.22712155516560906,0.06813646654968272,0.11356077758280453,0.18169724413248725,400.0000000000001,0.25531060813257545,False,True
requested_tokens_per_trainable_parameter,efficiency,descriptive_only,v3_routing_220m,12721,0.045424311033121806,0.11356077758280453,0.22712155516560906,0.06813646654968272,0.11356077758280453,0.18169724413248725,400.0000000000001,0.25531060813257545,False,True
test_loss,quality,lower_is_better,dense_121m,1337,4.98093719959259,4.559668226242065,4.368580937385559,-0.42126897335052504,-0.19108728885650628,-0.6123562622070313,-12.293996845756622,-0.8856284742356234,True,False
test_loss,quality,lower_is_better,dense_121m,2027,5.01153522491455,4.556402339935302,4.3841725754737855,-0.455132884979248,-0.17222976446151694,-0.6273626494407649,-12.51837254025211,-0.9104247955345579,True,False
test_loss,quality,lower_is_better,dense_121m,31415,4.981083612442017,4.551598389148712,4.389096040725708,-0.4294852232933053,-0.16250234842300415,-0.5919875717163094,-11.88471460783375,-0.8590907910504694,True,False
test_loss,quality,lower_is_better,dense_121m,4441,4.982637810707092,4.5473325324058536,4.3731245732307436,-0.43530527830123855,-0.17420795917511,-0.6095132374763486,-12.232742186610025,-0.8836180374558997,True,False
test_loss,quality,lower_is_better,dense_121m,5501,5.0108515787124634,4.553715810775757,4.376217577457428,-0.4571357679367063,-0.17749823331832904,-0.6346340012550353,-12.665192558309705,-0.9205469694604997,True,False
test_loss,quality,lower_is_better,dense_121m,6173,4.986044526100159,4.5584601879119875,4.3715614986419675,-0.4275843381881712,-0.18689868927001996,-0.6144830274581912,-12.324058163572195,-0.8893419111000829,True,False
test_loss,quality,lower_is_better,dense_121m,8191,4.997298421859742,4.560905327796936,4.381881213188171,-0.43639309406280535,-0.17902411460876522,-0.6154172086715706,-12.31499815939636,-0.8917659850396197,True,False
test_loss,quality,lower_is_better,dense_121m,10007,4.990591192245484,4.566771466732025,4.38505642414093,-0.42381972551345903,-0.18171504259109472,-0.6055347681045538,-12.133527768121944,-0.8767145837197048,True,False
test_loss,quality,lower_is_better,dense_121m,11213,5.013829193115234,4.558523049354553,4.382335021495819,-0.4553061437606809,-0.17618802785873466,-0.6314941716194156,-12.595047563378406,-0.9160493641320266,True,False
test_loss,quality,lower_is_better,dense_121m,12721,5.019692482948304,4.586898398399353,4.377224540710449,-0.4327940845489504,-0.20967385768890434,-0.6424679422378547,-12.798950222952758,-0.9279703361659299,True,False
test_loss,quality,lower_is_better,mla_121m,1337,5.057644391059876,4.596735014915466,4.4190924048423765,-0.46090937614440985,-0.17764261007308946,-0.6385519862174993,-12.625482079092652,-0.9263550856972341,True,False
test_loss,quality,lower_is_better,mla_121m,2027,5.060748615264893,4.59549572467804,4.424974074363709,-0.4652528905868527,-0.1705216503143312,-0.6357745409011839,-12.562855601708362,-0.9231599596764407,True,False
test_loss,quality,lower_is_better,mla_121m,31415,5.055389552116394,4.609473357200622,4.439769589900971,-0.44591619491577195,-0.16970376729965153,-0.6156199622154235,-12.177498012150213,-0.8932922018620449,True,False
test_loss,quality,lower_is_better,mla_121m,4441,5.006461253166199,4.582543549537658,4.415917935371399,-0.42391770362854064,-0.16662561416625898,-0.5905433177947996,-11.79562345401808,-0.8564010149669888,True,False
test_loss,quality,lower_is_better,mla_121m,5501,5.062279238700866,4.597088627815246,4.422588503360748,-0.4651906108856201,-0.17450012445449836,-0.6396907353401184,-12.636417415493705,-0.9284616229491344,True,False
test_loss,quality,lower_is_better,mla_121m,6173,5.114432282447815,4.6285189485549925,4.44539293050766,-0.48591333389282276,-0.1831260180473322,-0.669039351940155,-13.081400143594168,-0.9709774120257028,True,False
test_loss,quality,lower_is_better,mla_121m,8191,5.0691881322860715,4.610872278213501,4.437835395336151,-0.4583158540725707,-0.17303688287734964,-0.6313527369499203,-12.454711099175496,-0.9162530650047176,True,False
test_loss,quality,lower_is_better,mla_121m,10007,5.043753395080566,4.6150144100189205,4.4353622269630435,-0.42873898506164565,-0.17965218305587705,-0.6083911681175227,-12.062270306691007,-0.8812338653008127,True,False
test_loss,quality,lower_is_better,mla_121m,11213,5.026043920516968,4.58735577583313,4.416437129974366,-0.4386881446838382,-0.17091864585876415,-0.6096067905426024,-12.12895868366983,-0.8841893826097658,True,False
test_loss,quality,lower_is_better,mla_121m,12721,5.0553870153427125,4.621560287475586,4.422314887046814,-0.4338267278671264,-0.19924540042877226,-0.6330721282958987,-12.5227233122721,-0.9153665297940979,True,False
test_loss,quality,lower_is_better,mtp_121m,1337,4.984927258491516,4.548240580558777,4.359034402370453,-0.4366866779327392,-0.18920617818832408,-0.6258928561210633,-12.555706907355436,-0.9060081668435861,True,False
test_loss,quality,lower_is_better,mtp_121m,2027,5.022641386985779,4.554399228096008,4.373787515163421,-0.4682421588897707,-0.1806117129325866,-0.6488538718223573,-12.918578529289583,-0.9412866008077737,True,False
test_loss,quality,lower_is_better,mtp_121m,31415,5.029318642616272,4.549923920631409,4.36645409822464,-0.4793947219848631,-0.183469822406769,-0.6628645443916321,-13.18000690540473,-0.9617486539676532,True,False
test_loss,quality,lower_is_better,mtp_121m,4441,5.009028248786926,4.552958743572235,4.369357187747955,-0.4560695052146908,-0.18360155582428028,-0.6396710610389711,-12.770362418975877,-0.9272364586719539,True,False
test_loss,quality,lower_is_better,mtp_121m,5501,4.96822991847992,4.560664045810699,4.384311652183532,-0.4075658726692204,-0.17635239362716693,-0.5839182662963873,-11.753044361422045,-0.8452697268273609,True,False
test_loss,quality,lower_is_better,mtp_121m,6173,4.979006390571595,4.534046697616577,4.35964717388153,-0.4449596929550177,-0.17439952373504664,-0.6193592166900643,-12.439413973496855,-0.8982364593462601,True,False
test_loss,quality,lower_is_better,mtp_121m,8191,4.975269618034363,4.527747197151184,4.356437284946441,-0.4475224208831792,-0.1713099122047428,-0.618832333087922,-12.438166784866851,-0.8978588096875525,True,False
test_loss,quality,lower_is_better,mtp_121m,10007,4.9982624340057376,4.55489461183548,4.35151941537857,-0.4433678221702575,-0.2033751964569097,-0.6467430186271672,-12.939356969875039,-0.9351561401283925,True,False
test_loss,quality,lower_is_better,mtp_121m,11213,5.012810754776001,4.554262471199036,4.3593060445785525,-0.458548283576965,-0.1949564266204833,-0.6535047101974483,-13.036692230497945,-0.9463187795298028,True,False
test_loss,quality,lower_is_better,mtp_121m,12721,4.997881088256836,4.572208597660064,4.360231485366821,-0.4256724905967717,-0.21197711229324323,-0.6376496028900149,-12.758398842026367,-0.9205015410948384,True,False
test_loss,quality,lower_is_better,moe_220m,1337,4.9556202220916745,4.557487230300904,4.351948599815369,-0.3981329917907708,-0.20553863048553467,-0.6036716222763054,-12.181555390084089,-0.8708132350225601,True,False
test_loss,quality,lower_is_better,moe_220m,2027,4.942556142807007,4.520900359153748,4.3509077453613285,-0.42165578365325906,-0.16999261379241926,-0.5916483974456783,-11.970494221026,-0.857602148074509,True,False
test_loss,quality,lower_is_better,moe_220m,31415,4.937805209159851,4.5371862363815305,4.362795360088349,-0.4006189727783207,-0.17439087629318184,-0.5750098490715025,-11.64504926206553,-0.8322782762608746,True,False
test_loss,quality,lower_is_better,moe_220m,4441,4.9590047836303714,4.538250508308411,4.353256869316101,-0.4207542753219604,-0.18499363899231014,-0.6057479143142706,-12.215110505919228,-0.8766007902329521,True,False
test_loss,quality,lower_is_better,moe_220m,5501,4.947788066864014,4.537363939285278,4.346222908496856,-0.4104241275787359,-0.1911410307884216,-0.6015651583671575,-12.15826446560875,-0.8695721677446884,True,False
test_loss,quality,lower_is_better,moe_220m,6173,4.94702100276947,4.5389330768585205,4.349330341815948,-0.4080879259109498,-0.1896027350425724,-0.5976906609535222,-12.081829865264762,-0.8640118862412481,True,False
test_loss,quality,lower_is_better,moe_220m,8191,4.951770820617676,4.551823134422302,4.364976580142975,-0.39994768619537346,-0.1868465542793274,-0.5867942404747009,-11.850189795365067,-0.8481681620709428,True,False
test_loss,quality,lower_is_better,moe_220m,10007,4.937734346389771,4.534740009307861,4.354154121875763,-0.40299433708190957,-0.18058588743209825,-0.5835802245140078,-11.818785369461867,-0.8442106990975479,True,False
test_loss,quality,lower_is_better,moe_220m,11213,4.935662884712219,4.531413204669953,4.347143068313598,-0.40424968004226614,-0.18427013635635436,-0.5885198163986205,-11.923825231692966,-0.8510730872839481,True,False
test_loss,quality,lower_is_better,moe_220m,12721,4.920693316459656,4.532688474655151,4.3377180004119875,-0.3880048418045048,-0.1949704742431635,-0.5829753160476683,-11.847422274776267,-0.8414209435060791,True,False
test_loss,quality,lower_is_better,mla_moe_220m,1337,4.975300846099853,4.571116642951965,4.383444731235504,-0.4041842031478877,-0.18767191171646136,-0.5918561148643491,-11.895885960912416,-0.8555880674781167,True,False
test_loss,quality,lower_is_better,mla_moe_220m,2027,4.994600296020508,4.578341851234436,4.3991041231155394,-0.416258444786072,-0.17923772811889638,-0.5954961729049684,-11.922799375546333,-0.8621100318949318,True,False
test_loss,quality,lower_is_better,mla_moe_220m,31415,5.010563569068909,4.588338017463684,4.411459701061249,-0.4222255516052247,-0.17687831640243523,-0.5991038680076599,-11.956816029758281,-0.8677856554858774,True,False
test_loss,quality,lower_is_better,mla_moe_220m,4441,4.976225805282593,4.5684409427642825,4.387184388637543,-0.4077848625183105,-0.18125655412673947,-0.5890414166450499,-11.83711189351061,-0.8522448222627911,True,False
test_loss,quality,lower_is_better,mla_moe_220m,5501,5.0054989385604856,4.578378801345825,4.395386440753937,-0.42712013721466047,-0.1829923605918884,-0.6101124978065489,-12.188844814379465,-0.8833550506645725,True,False
test_loss,quality,lower_is_better,mla_moe_220m,6173,4.9624495029449465,4.564995393753052,4.395835366249084,-0.3974541091918944,-0.16916002750396775,-0.5666141366958621,-11.4180332990715,-0.8204789356022286,True,False
test_loss,quality,lower_is_better,mla_moe_220m,8191,4.988126230239868,4.567454433441162,4.396445088386535,-0.4206717967987066,-0.1710093450546264,-0.591681141853333,-11.861791673721942,-0.8575172520028433,True,False
test_loss,quality,lower_is_better,mla_moe_220m,10007,5.0032300806045535,4.589117784500122,4.401279494762421,-0.4141122961044319,-0.18783828973770067,-0.6019505858421326,-12.031239342273008,-0.8705793722346729,True,False
test_loss,quality,lower_is_better,mla_moe_220m,11213,5.0375270175933835,4.588997535705566,4.3995625376701355,-0.4485294818878174,-0.18943499803543062,-0.637964479923248,-12.664239371723065,-0.9239318196550627,True,False
test_loss,quality,lower_is_better,mla_moe_220m,12721,5.02160578250885,4.60919683933258,4.396140525341034,-0.41240894317626964,-0.21305631399154645,-0.6254652571678161,-12.455483051784418,-0.9022383702948289,True,False
test_loss,quality,lower_is_better,v3_routing_220m,1337,4.92473473072052,4.533169131278992,4.344422643184662,-0.39156559944152747,-0.18874648809433037,-0.5803120875358578,-11.783621235797092,-0.8382778283929405,True,False
test_loss,quality,lower_is_better,v3_routing_220m,2027,4.94677966594696,4.533535008430481,4.357397704124451,-0.4132446575164792,-0.17613730430602992,-0.5893819618225091,-11.91445751828698,-0.8534239591414828,True,False
test_loss,quality,lower_is_better,v3_routing_220m,31415,4.938903489112854,4.541315162181855,4.365656147003174,-0.39758832693099944,-0.175659015178681,-0.5732473421096804,-11.606773515079345,-0.8294903290710098,True,False
test_loss,quality,lower_is_better,v3_routing_220m,4441,4.964154543876648,4.5353090190887455,4.3505235767364505,-0.42884552478790283,-0.184785442352295,-0.6136309671401978,-12.361238187016557,-0.888352345417178,True,False
test_loss,quality,lower_is_better,v3_routing_220m,5501,4.96031165599823,4.533975195884705,4.359897792339325,-0.4263364601135251,-0.17407740354537982,-0.6004138636589049,-12.104357655286794,-0.8701020001938992,True,False
test_loss,quality,lower_is_better,v3_routing_220m,6173,4.961460537910462,4.541857461929322,4.356368937492371,-0.41960307598114,-0.18548852443695107,-0.6050916004180911,-12.195836201751344,-0.8755596500983118,True,False
test_loss,quality,lower_is_better,v3_routing_220m,8191,4.957535381317139,4.54500009059906,4.361165997982025,-0.41253529071807904,-0.18383409261703498,-0.596369383335114,-12.029553749279911,-0.8628047785234704,True,False
test_loss,quality,lower_is_better,v3_routing_220m,10007,4.946623644828796,4.543082468509674,4.355939884185791,-0.40354117631912256,-0.1871425843238832,-0.5906837606430058,-11.94115022800465,-0.853914016748721,True,False
test_loss,quality,lower_is_better,v3_routing_220m,11213,4.951768755912781,4.538183310031891,4.354556338787079,-0.41358544588088986,-0.18362697124481198,-0.5972124171257018,-12.060587773057572,-0.8640858094450622,True,False
test_loss,quality,lower_is_better,v3_routing_220m,12721,4.962845268249512,4.543990888595581,4.34248486995697,-0.418854379653931,-0.20150601863861084,-0.6203603982925419,-12.500095504918987,-0.8961637632125379,True,False
test_perplexity,quality,lower_is_better,dense_121m,1337,145.61078409299938,95.55177299980454,78.93154338588741,-50.05901109319484,-16.620229613917132,-66.67924070711197,-45.79279008931438,-96.98593377469066,True,False
test_perplexity,quality,lower_is_better,dense_121m,2027,150.13505038162992,95.24022079673277,80.17185959830223,-54.89482958489715,-15.068361198430537,-69.96319078332769,-46.600171382690114,-102.07395330641849,True,False
test_perplexity,quality,lower_is_better,dense_121m,31415,145.63210494359083,94.78378867962776,80.56755626328285,-50.84831626396307,-14.216232416344909,-65.06454868030798,-44.67733863045521,-94.90033545818186,True,False
test_perplexity,quality,lower_is_better,dense_121m,4441,145.85862208911408,94.38031580616479,79.29099556724304,-51.47830628294929,-15.089320238921744,-66.56762652187103,-45.638458370462835,-97.02109109198042,True,False
test_perplexity,quality,lower_is_better,dense_121m,5501,150.03244620111175,94.9846985540634,79.5366226186051,-55.047747647048354,-15.448075935458306,-70.49582358250666,-46.98705204606887,-102.81622662759403,True,False
test_perplexity,quality,lower_is_better,dense_121m,6173,146.35636826057726,95.43641248950233,79.16715463847157,-50.919955771074925,-16.26925785103076,-67.18921362210568,-45.90795359343708,-97.79051603476574,True,False
test_perplexity,quality,lower_is_better,dense_121m,8191,148.01275046735907,95.67005339409822,79.9883671269985,-52.34269707326085,-15.681686267099721,-68.02438334036057,-45.95846177141465,-99.10984111078483,True,False
test_perplexity,quality,lower_is_better,dense_121m,10007,147.02331685265315,96.23291652180615,80.24275071344456,-50.79040033084701,-15.990165808361581,-66.78056613920859,-45.42175184779439,-97.21942034601918,True,False
test_perplexity,quality,lower_is_better,dense_121m,11213,150.4798507423417,95.4424119486301,80.02467475024332,-55.037438793711615,-15.417737198386774,-70.45517599209839,-46.820338832429385,-102.75975926432474,True,False
test_perplexity,quality,lower_is_better,dense_121m,12721,151.36474939481917,98.18941294516551,79.61675341246294,-53.175336449653656,-18.572659532702573,-71.74799598235623,-47.40072987219043,-104.26797862933722,True,False
test_perplexity,quality,lower_is_better,mla_121m,1337,157.21973157762156,99.1600305163436,83.02090178619319,-58.05970106127796,-16.139128730150404,-74.19882979142837,-47.19434961940218,-108.23278046536802,True,False
test_perplexity,quality,lower_is_better,mla_121m,2027,157.70853515932828,99.03721857412063,83.51064212744136,-58.67131658520765,-15.526576446679272,-74.19789303188692,-47.04748094763989,-108.31187496015544,True,False
test_perplexity,quality,lower_is_better,mla_121m,31415,156.86562577997955,100.43124431485786,84.75541092124946,-56.43438146512169,-15.6758333936084,-72.11021485873009,-45.96941777408405,-105.18732963656936,True,False
test_perplexity,quality,lower_is_better,mla_121m,4441,149.37519874064552,97.76274260869167,82.75777233718986,-51.61245613195385,-15.004970271501804,-66.61742640345565,-44.59738093411408,-97.10624013351841,True,False
test_perplexity,quality,lower_is_better,mla_121m,5501,157.95011237400533,99.19510098259597,83.3116589997002,-58.755011391409354,-15.883441982895775,-74.63845337430513,-47.25444778258275,-108.9202143432763,True,False
test_perplexity,quality,lower_is_better,mla_121m,6173,166.40628239429384,102.362347885209,85.23336204662665,-64.04393450908483,-17.128985838582352,-81.17292034766719,-48.7799614171602,-118.47504570188411,True,False
test_perplexity,quality,lower_is_better,mla_121m,8191,159.0451512900696,100.57183800968818,84.59163590353941,-58.47331328038143,-15.980202106148766,-74.4535153865302,-46.81281685270646,-108.63244829147384,True,False
test_perplexity,quality,lower_is_better,mla_121m,10007,155.05089146782623,100.98928377948587,84.38268503683595,-54.06160768834036,-16.606598742649922,-70.66820643099028,-45.577426715830434,-102.92037907768025,True,False
test_perplexity,quality,lower_is_better,mla_121m,11213,152.3291927092512,98.23433283877216,82.80075088208967,-54.09485987047904,-15.433581956682488,-69.52844182716153,-45.64354382148508,-101.37937682505304,True,False
test_perplexity,quality,lower_is_better,mla_121m,12721,156.86522784789324,101.65251560446228,83.28886668897319,-55.21271224343096,-18.363648915489094,-73.57636115892005,-46.90418786135605,-107.01470794507009,True,False
test_perplexity,quality,lower_is_better,mtp_121m,1337,146.19294034436012,94.4660566000982,78.18160599049632,-51.726883744261926,-16.284450609601876,-68.0113343538638,-46.52162696342373,-99.01123219625613,True,False
test_perplexity,quality,lower_is_better,mtp_121m,2027,151.81176829942632,95.04963492900829,79.34357832081866,-56.76213337041803,-15.706056608189627,-72.46818997860765,-47.73555488509615,-105.71576271588913,True,False
test_perplexity,quality,lower_is_better,mtp_121m,31415,152.8288461495514,94.6252090149138,78.76384708312818,-58.20363713463759,-15.861361931785623,-74.06499906642321,-48.46270905817516,-108.07023634240268,True,False
test_perplexity,quality,lower_is_better,mtp_121m,4441,149.75913679448053,94.91281596735945,78.99283781187754,-54.846320827121076,-15.919978155481914,-70.76629898260299,-47.253410040495865,-103.15648890228574,True,False
test_perplexity,quality,lower_is_better,mtp_121m,5501,143.7721735378196,95.64697271817954,80.18301041214073,-48.12520081964007,-15.463962306038809,-63.58916312567888,-44.22911719349614,-92.5420959442806,True,False
test_perplexity,quality,lower_is_better,mtp_121m,6173,145.3299087231265,93.13468745172204,78.22952813249975,-52.19522127140445,-14.905159319222292,-67.10038059062674,-46.171074612358154,-97.83763650248801,True,False
test_perplexity,quality,lower_is_better,mtp_121m,8191,144.7878573035438,92.54982953524375,77.9788226194358,-52.23802776830006,-14.571006915807942,-66.809034684108,-46.14270556131284,-97.44823427556861,True,False
test_perplexity,quality,lower_is_better,mtp_121m,10007,148.1555053542389,95.09673263735117,77.596274372935,-53.05877271688773,-17.500458264416167,-70.5592309813039,-47.62511579478414,-102.64085285274416,True,False
test_perplexity,quality,lower_is_better,mtp_121m,11213,150.3266743066807,95.03663712466702,78.20284629933195,-55.29003718201368,-16.833790825335072,-72.12382800734875,-47.97806399961279,-105.05542355335294,True,False
test_perplexity,quality,lower_is_better,mtp_121m,12721,148.09901765345256,96.75757250765939,78.27525190143722,-51.34144514579317,-18.482320606222174,-69.82376575201535,-47.14667717472708,-101.41800616763636,True,False
test_perplexity,quality,lower_is_better,moe_220m,1337,141.97063239487525,95.34360206322302,77.6295846338609,-46.627030331652236,-17.714017429362116,-64.34104776101435,-45.319969824503566,-93.3646974850386,True,False
test_perplexity,quality,lower_is_better,moe_220m,2027,140.12797928740426,91.9183202337181,77.54882557143539,-48.20965905368615,-14.369494662282719,-62.57915371596887,-44.658571424639064,-91.18375307364853,True,False
test_perplexity,quality,lower_is_better,moe_220m,31415,139.46381949450264,93.42754689457296,78.47619733048603,-46.03627259992969,-14.951349564086925,-60.987622164016614,-43.730067328623974,-88.74026769763775,True,False
test_perplexity,quality,lower_is_better,moe_220m,4441,142.451954810098,93.52703214021683,77.73121151497125,-48.924922669881155,-15.795820625245582,-64.72074329512674,-45.43338375482853,-94.18145170057787,True,False
test_perplexity,quality,lower_is_better,moe_220m,5501,140.86303944602693,93.4441507161761,77.18637165625238,-47.418888729850835,-16.25777905992372,-63.676667789774555,-45.204666916315475,-92.56793331662952,True,False
test_perplexity,quality,lower_is_better,moe_220m,6173,140.75502989663917,93.59089254301271,77.42659620689969,-47.16413735362646,-16.164296336113026,-63.328433689739484,-44.99195072193409,-92.06229985535781,True,False
test_perplexity,quality,lower_is_better,moe_220m,8191,141.4251809376282,94.8050932821112,78.6475580056442,-46.620087655517,-16.157535276467,-62.777622931984,-44.38928238647288,-91.24398596936403,True,False
test_perplexity,quality,lower_is_better,moe_220m,10007,139.45393705208005,93.19928120861243,77.80098734205727,-46.25465584346762,-15.398293866555164,-61.65294971002278,-44.21026111797622,-89.67105966008346,True,False
test_perplexity,quality,lower_is_better,moe_220m,11213,139.16536255438774,92.88974058372115,77.25742814049774,-46.27562197066659,-15.632312443223412,-61.907934413890004,-44.485160155922806,-90.01954040888171,True,False
test_perplexity,quality,lower_is_better,moe_220m,12721,137.09763228855454,93.00827564786057,76.53269234139223,-44.089356640693964,-16.475583306468337,-60.5649399471623,-44.17650322340287,-87.91134651390935,True,False
test_perplexity,quality,lower_is_better,mla_moe_220m,1337,144.79237881883256,96.65197528500018,80.11352820288145,-48.140403533832384,-16.538447082118722,-64.6788506159511,-44.67006560951576,-94.02156703251094,True,False
test_perplexity,quality,lower_is_better,mla_moe_220m,2027,147.61393171432454,97.3528348164436,81.37793139079918,-50.26109689788093,-15.974903425644428,-66.23600032352536,-44.87110366500575,-96.41151140259,True,False
test_perplexity,quality,lower_is_better,mla_moe_220m,31415,149.9892416317247,98.3308700937299,82.3896400169401,-51.658371537994796,-15.941230076789793,-67.59960161478459,-45.06963358129706,-98.44397421936155,True,False
test_perplexity,quality,lower_is_better,mla_moe_220m,4441,144.92636781683598,96.39370925191197,80.41368624594253,-48.532658564924006,-15.980023005969443,-64.51268157089345,-44.514109159505935,-93.84780482005641,True,False
test_perplexity,quality,lower_is_better,mla_moe_220m,5501,149.23152194739203,97.35643208099339,81.07595576318053,-51.87508986639864,-16.280476317812855,-68.1555661842115,-45.67102532683282,-99.22626554627449,True,False
test_perplexity,quality,lower_is_better,mla_moe_220m,6173,142.94350795547052,96.06215152951724,81.11236099777365,-46.881356425953285,-14.949790531743588,-61.83114695769687,-43.255652419666646,-89.9950185386524,True,False
test_perplexity,quality,lower_is_better,mla_moe_220m,8191,146.66135625550538,96.29866284883443,81.16183208016935,-50.36269340667096,-15.136830768665078,-65.49952417533603,-44.660383517268414,-95.42629572574891,True,False
test_perplexity,quality,lower_is_better,mla_moe_220m,10007,148.8933206319988,98.40757516705044,81.55515132515151,-50.48574546494835,-16.852423841898926,-67.33816930684728,-45.22578247366697,-97.93542637635835,True,False
test_perplexity,quality,lower_is_better,mla_moe_220m,11213,154.08848534891297,98.39574248620853,81.41524477081644,-55.692742862704435,-16.98049771539209,-72.67324057809653,-47.163316852351166,-105.8532694610793,True,False
test_perplexity,quality,lower_is_better,mla_moe_220m,12721,151.65463273171733,100.40347712053472,81.13711694926133,-51.25115561118261,-19.26636017127339,-70.517515782456,-46.49875477737901,-102.34677653141478,True,False
test_perplexity,quality,lower_is_better,v3_routing_220m,1337,137.65282173442793,93.05299143723204,77.04754071254696,-44.59983029719589,-16.005450724685076,-60.60528102188097,-44.02763434723196,-88.03311857818618,True,False
test_perplexity,quality,lower_is_better,v3_routing_220m,2027,140.72106462367194,93.08704362975632,78.05375095170224,-47.63402099391561,-15.033292678054082,-62.667313671969694,-44.53300139503626,-91.22764914846874,True,False
test_perplexity,quality,lower_is_better,v3_routing_220m,31415,139.6170739543683,93.81409977833087,78.70102244397309,-45.802974176037424,-15.113077334357783,-60.91605151039521,-43.63080372985377,-88.61257248774406,True,False
test_perplexity,quality,lower_is_better,v3_routing_220m,4441,143.18744038574877,93.25232760171852,77.51903946756433,-49.93511278403025,-15.733288134154193,-65.66840091818445,-45.861844266000524,-95.59908753496624,True,False
test_perplexity,quality,lower_is_better,v3_routing_220m,5501,142.6382430345395,93.12802839834163,78.2491363531827,-49.51021463619787,-14.87889204515892,-64.3891066813568,-45.141545010313344,-93.80870166920468,True,False
test_perplexity,quality,lower_is_better,v3_routing_220m,6173,142.8022117042382,93.86498893829165,77.97349314756833,-48.93722276594656,-15.891495790723312,-64.82871855666987,-45.397559171519354,-94.32946821018312,True,False
test_perplexity,quality,lower_is_better,v3_routing_220m,8191,142.24278928995994,94.16043574025336,78.3484353018768,-48.08235354970658,-15.812000438376558,-63.89435398808314,-44.91922178061019,-92.95026476029051,True,False
test_perplexity,quality,lower_is_better,v3_routing_220m,10007,140.69911087848865,93.98004462500428,77.94004553842453,-46.71906625348437,-16.039999086579755,-62.759065340064126,-44.60516128937336,-91.23182982451425,True,False
test_perplexity,quality,lower_is_better,v3_routing_220m,11213,141.42488893666626,93.52074749600996,77.83228650898847,-47.9041414406563,-15.688460987021486,-63.59260242767779,-44.965637170241095,-92.51771258550413,True,False
test_perplexity,quality,lower_is_better,v3_routing_220m,12721,143.0000912325426,94.06545677439844,76.89838461291602,-48.934634458144146,-17.167072161482423,-66.10170661962657,-46.2249401730338,-96.05513317151421,True,False
tokens_per_activated_parameter,efficiency,descriptive_only,dense_121m,1337,0.08268510698645128,0.20671276746612818,0.41341706830241953,0.12402766047967691,0.20670430083629135,0.33073196131596827,399.9897603932009,0.464726112808698,False,True
tokens_per_activated_parameter,efficiency,descriptive_only,dense_121m,2027,0.08268510698645128,0.20671276746612818,0.41341706830241953,0.12402766047967691,0.20670430083629135,0.33073196131596827,399.9897603932009,0.464726112808698,False,True
tokens_per_activated_parameter,efficiency,descriptive_only,dense_121m,31415,0.08268510698645128,0.20671276746612818,0.41341706830241953,0.12402766047967691,0.20670430083629135,0.33073196131596827,399.9897603932009,0.464726112808698,False,True
tokens_per_activated_parameter,efficiency,descriptive_only,dense_121m,4441,0.08268510698645128,0.20671276746612818,0.41341706830241953,0.12402766047967691,0.20670430083629135,0.33073196131596827,399.9897603932009,0.464726112808698,False,True
tokens_per_activated_parameter,efficiency,descriptive_only,dense_121m,5501,0.08268510698645128,0.20671276746612818,0.41341706830241953,0.12402766047967691,0.20670430083629135,0.33073196131596827,399.9897603932009,0.464726112808698,False,True
tokens_per_activated_parameter,efficiency,descriptive_only,dense_121m,6173,0.08268510698645128,0.20671276746612818,0.41341706830241953,0.12402766047967691,0.20670430083629135,0.33073196131596827,399.9897603932009,0.464726112808698,False,True
tokens_per_activated_parameter,efficiency,descriptive_only,dense_121m,8191,0.08268510698645128,0.20671276746612818,0.41341706830241953,0.12402766047967691,0.20670430083629135,0.33073196131596827,399.9897603932009,0.464726112808698,False,True
tokens_per_activated_parameter,efficiency,descriptive_only,dense_121m,10007,0.08268510698645128,0.20671276746612818,0.41341706830241953,0.12402766047967691,0.20670430083629135,0.33073196131596827,399.9897603932009,0.464726112808698,False,True
tokens_per_activated_parameter,efficiency,descriptive_only,dense_121m,11213,0.08268510698645128,0.20671276746612818,0.41341706830241953,0.12402766047967691,0.20670430083629135,0.33073196131596827,399.9897603932009,0.464726112808698,False,True
tokens_per_activated_parameter,efficiency,descriptive_only,dense_121m,12721,0.08268510698645128,0.20671276746612818,0.41341706830241953,0.12402766047967691,0.20670430083629135,0.33073196131596827,399.9897603932009,0.464726112808698,False,True
tokens_per_activated_parameter,efficiency,descriptive_only,mla_121m,1337,0.07275097540762261,0.18187743851905652,0.3637474276242888,0.10912646311143391,0.18186998910523228,0.2909964522166662,399.9897603932009,0.4088919907882034,False,True
tokens_per_activated_parameter,efficiency,descriptive_only,mla_121m,2027,0.07275097540762261,0.18187743851905652,0.3637474276242888,0.10912646311143391,0.18186998910523228,0.2909964522166662,399.9897603932009,0.4088919907882034,False,True
tokens_per_activated_parameter,efficiency,descriptive_only,mla_121m,31415,0.07275097540762261,0.18187743851905652,0.3637474276242888,0.10912646311143391,0.18186998910523228,0.2909964522166662,399.9897603932009,0.4088919907882034,False,True
tokens_per_activated_parameter,efficiency,descriptive_only,mla_121m,4441,0.07275097540762261,0.18187743851905652,0.3637474276242888,0.10912646311143391,0.18186998910523228,0.2909964522166662,399.9897603932009,0.4088919907882034,False,True
tokens_per_activated_parameter,efficiency,descriptive_only,mla_121m,5501,0.07275097540762261,0.18187743851905652,0.3637474276242888,0.10912646311143391,0.18186998910523228,0.2909964522166662,399.9897603932009,0.4088919907882034,False,True
tokens_per_activated_parameter,efficiency,descriptive_only,mla_121m,6173,0.07275097540762261,0.18187743851905652,0.3637474276242888,0.10912646311143391,0.18186998910523228,0.2909964522166662,399.9897603932009,0.4088919907882034,False,True
tokens_per_activated_parameter,efficiency,descriptive_only,mla_121m,8191,0.07275097540762261,0.18187743851905652,0.3637474276242888,0.10912646311143391,0.18186998910523228,0.2909964522166662,399.9897603932009,0.4088919907882034,False,True
tokens_per_activated_parameter,efficiency,descriptive_only,mla_121m,10007,0.07275097540762261,0.18187743851905652,0.3637474276242888,0.10912646311143391,0.18186998910523228,0.2909964522166662,399.9897603932009,0.4088919907882034,False,True
tokens_per_activated_parameter,efficiency,descriptive_only,mla_121m,11213,0.07275097540762261,0.18187743851905652,0.3637474276242888,0.10912646311143391,0.18186998910523228,0.2909964522166662,399.9897603932009,0.4088919907882034,False,True
tokens_per_activated_parameter,efficiency,descriptive_only,mla_121m,12721,0.07275097540762261,0.18187743851905652,0.3637474276242888,0.10912646311143391,0.18186998910523228,0.2909964522166662,399.9897603932009,0.4088919907882034,False,True
tokens_per_activated_parameter,efficiency,descriptive_only,mtp_121m,1337,0.07336747783330798,0.18341869458326995,0.3668298766252914,0.11005121674996197,0.18341118204202142,0.2934623987919834,399.9897603932009,0.41235700143241577,False,True
tokens_per_activated_parameter,efficiency,descriptive_only,mtp_121m,2027,0.07336747783330798,0.18341869458326995,0.3668298766252914,0.11005121674996197,0.18341118204202142,0.2934623987919834,399.9897603932009,0.41235700143241577,False,True
tokens_per_activated_parameter,efficiency,descriptive_only,mtp_121m,31415,0.07336747783330798,0.18341869458326995,0.3668298766252914,0.11005121674996197,0.18341118204202142,0.2934623987919834,399.9897603932009,0.41235700143241577,False,True
tokens_per_activated_parameter,efficiency,descriptive_only,mtp_121m,4441,0.07336747783330798,0.18341869458326995,0.3668298766252914,0.11005121674996197,0.18341118204202142,0.2934623987919834,399.9897603932009,0.41235700143241577,False,True
tokens_per_activated_parameter,efficiency,descriptive_only,mtp_121m,5501,0.07336747783330798,0.18341869458326995,0.3668298766252914,0.11005121674996197,0.18341118204202142,0.2934623987919834,399.9897603932009,0.41235700143241577,False,True
tokens_per_activated_parameter,efficiency,descriptive_only,mtp_121m,6173,0.07336747783330798,0.18341869458326995,0.3668298766252914,0.11005121674996197,0.18341118204202142,0.2934623987919834,399.9897603932009,0.41235700143241577,False,True
tokens_per_activated_parameter,efficiency,descriptive_only,mtp_121m,8191,0.07336747783330798,0.18341869458326995,0.3668298766252914,0.11005121674996197,0.18341118204202142,0.2934623987919834,399.9897603932009,0.41235700143241577,False,True
tokens_per_activated_parameter,efficiency,descriptive_only,mtp_121m,10007,0.07336747783330798,0.18341869458326995,0.3668298766252914,0.11005121674996197,0.18341118204202142,0.2934623987919834,399.9897603932009,0.41235700143241577,False,True
tokens_per_activated_parameter,efficiency,descriptive_only,mtp_121m,11213,0.07336747783330798,0.18341869458326995,0.3668298766252914,0.11005121674996197,0.18341118204202142,0.2934623987919834,399.9897603932009,0.41235700143241577,False,True
tokens_per_activated_parameter,efficiency,descriptive_only,mtp_121m,12721,0.07336747783330798,0.18341869458326995,0.3668298766252914,0.11005121674996197,0.18341118204202142,0.2934623987919834,399.9897603932009,0.41235700143241577,False,True
tokens_per_activated_parameter,efficiency,descriptive_only,moe_220m,1337,0.12724968809754159,0.31812422024385395,0.6362354106199937,0.19087453214631236,0.3181111903761397,0.5089857225224521,399.9897603932009,0.7151983599099628,False,True
tokens_per_activated_parameter,efficiency,descriptive_only,moe_220m,2027,0.12724968809754159,0.31812422024385395,0.6362354106199937,0.19087453214631236,0.3181111903761397,0.5089857225224521,399.9897603932009,0.7151983599099628,False,True
tokens_per_activated_parameter,efficiency,descriptive_only,moe_220m,31415,0.12724968809754159,0.31812422024385395,0.6362354106199937,0.19087453214631236,0.3181111903761397,0.5089857225224521,399.9897603932009,0.7151983599099628,False,True
tokens_per_activated_parameter,efficiency,descriptive_only,moe_220m,4441,0.12724968809754159,0.31812422024385395,0.6362354106199937,0.19087453214631236,0.3181111903761397,0.5089857225224521,399.9897603932009,0.7151983599099628,False,True
tokens_per_activated_parameter,efficiency,descriptive_only,moe_220m,5501,0.12724968809754159,0.31812422024385395,0.6362354106199937,0.19087453214631236,0.3181111903761397,0.5089857225224521,399.9897603932009,0.7151983599099628,False,True
tokens_per_activated_parameter,efficiency,descriptive_only,moe_220m,6173,0.12724968809754159,0.31812422024385395,0.6362354106199937,0.19087453214631236,0.3181111903761397,0.5089857225224521,399.9897603932009,0.7151983599099628,False,True
tokens_per_activated_parameter,efficiency,descriptive_only,moe_220m,8191,0.12724968809754159,0.31812422024385395,0.6362354106199937,0.19087453214631236,0.3181111903761397,0.5089857225224521,399.9897603932009,0.7151983599099628,False,True
tokens_per_activated_parameter,efficiency,descriptive_only,moe_220m,10007,0.12724968809754159,0.31812422024385395,0.6362354106199937,0.19087453214631236,0.3181111903761397,0.5089857225224521,399.9897603932009,0.7151983599099628,False,True
tokens_per_activated_parameter,efficiency,descriptive_only,moe_220m,11213,0.12724968809754159,0.31812422024385395,0.6362354106199937,0.19087453214631236,0.3181111903761397,0.5089857225224521,399.9897603932009,0.7151983599099628,False,True
tokens_per_activated_parameter,efficiency,descriptive_only,moe_220m,12721,0.12724968809754159,0.31812422024385395,0.6362354106199937,0.19087453214631236,0.3181111903761397,0.5089857225224521,399.9897603932009,0.7151983599099628,False,True
tokens_per_activated_parameter,efficiency,descriptive_only,mla_moe_220m,1337,0.10515236918538139,0.26288092296345345,0.5257510787377624,0.15772855377807204,0.26287015577430894,0.420598709552381,399.98976039320087,0.5910018571077706,False,True
tokens_per_activated_parameter,efficiency,descriptive_only,mla_moe_220m,2027,0.10515236918538139,0.26288092296345345,0.5257510787377624,0.15772855377807204,0.26287015577430894,0.420598709552381,399.98976039320087,0.5910018571077706,False,True
tokens_per_activated_parameter,efficiency,descriptive_only,mla_moe_220m,31415,0.10515236918538139,0.26288092296345345,0.5257510787377624,0.15772855377807204,0.26287015577430894,0.420598709552381,399.98976039320087,0.5910018571077706,False,True
tokens_per_activated_parameter,efficiency,descriptive_only,mla_moe_220m,4441,0.10515236918538139,0.26288092296345345,0.5257510787377624,0.15772855377807204,0.26287015577430894,0.420598709552381,399.98976039320087,0.5910018571077706,False,True
tokens_per_activated_parameter,efficiency,descriptive_only,mla_moe_220m,5501,0.10515236918538139,0.26288092296345345,0.5257510787377624,0.15772855377807204,0.26287015577430894,0.420598709552381,399.98976039320087,0.5910018571077706,False,True
tokens_per_activated_parameter,efficiency,descriptive_only,mla_moe_220m,6173,0.10515236918538139,0.26288092296345345,0.5257510787377624,0.15772855377807204,0.26287015577430894,0.420598709552381,399.98976039320087,0.5910018571077706,False,True
tokens_per_activated_parameter,efficiency,descriptive_only,mla_moe_220m,8191,0.10515236918538139,0.26288092296345345,0.5257510787377624,0.15772855377807204,0.26287015577430894,0.420598709552381,399.98976039320087,0.5910018571077706,False,True
tokens_per_activated_parameter,efficiency,descriptive_only,mla_moe_220m,10007,0.10515236918538139,0.26288092296345345,0.5257510787377624,0.15772855377807204,0.26287015577430894,0.420598709552381,399.98976039320087,0.5910018571077706,False,True
tokens_per_activated_parameter,efficiency,descriptive_only,mla_moe_220m,11213,0.10515236918538139,0.26288092296345345,0.5257510787377624,0.15772855377807204,0.26287015577430894,0.420598709552381,399.98976039320087,0.5910018571077706,False,True
tokens_per_activated_parameter,efficiency,descriptive_only,mla_moe_220m,12721,0.10515236918538139,0.26288092296345345,0.5257510787377624,0.15772855377807204,0.26287015577430894,0.420598709552381,399.98976039320087,0.5910018571077706,False,True
tokens_per_activated_parameter,efficiency,descriptive_only,v3_routing_220m,1337,0.12724968809754159,0.31812422024385395,0.6362354106199937,0.19087453214631236,0.3181111903761397,0.5089857225224521,399.9897603932009,0.7151983599099628,False,True
tokens_per_activated_parameter,efficiency,descriptive_only,v3_routing_220m,2027,0.12724968809754159,0.31812422024385395,0.6362354106199937,0.19087453214631236,0.3181111903761397,0.5089857225224521,399.9897603932009,0.7151983599099628,False,True
tokens_per_activated_parameter,efficiency,descriptive_only,v3_routing_220m,31415,0.12724968809754159,0.31812422024385395,0.6362354106199937,0.19087453214631236,0.3181111903761397,0.5089857225224521,399.9897603932009,0.7151983599099628,False,True
tokens_per_activated_parameter,efficiency,descriptive_only,v3_routing_220m,4441,0.12724968809754159,0.31812422024385395,0.6362354106199937,0.19087453214631236,0.3181111903761397,0.5089857225224521,399.9897603932009,0.7151983599099628,False,True
tokens_per_activated_parameter,efficiency,descriptive_only,v3_routing_220m,5501,0.12724968809754159,0.31812422024385395,0.6362354106199937,0.19087453214631236,0.3181111903761397,0.5089857225224521,399.9897603932009,0.7151983599099628,False,True
tokens_per_activated_parameter,efficiency,descriptive_only,v3_routing_220m,6173,0.12724968809754159,0.31812422024385395,0.6362354106199937,0.19087453214631236,0.3181111903761397,0.5089857225224521,399.9897603932009,0.7151983599099628,False,True
tokens_per_activated_parameter,efficiency,descriptive_only,v3_routing_220m,8191,0.12724968809754159,0.31812422024385395,0.6362354106199937,0.19087453214631236,0.3181111903761397,0.5089857225224521,399.9897603932009,0.7151983599099628,False,True
tokens_per_activated_parameter,efficiency,descriptive_only,v3_routing_220m,10007,0.12724968809754159,0.31812422024385395,0.6362354106199937,0.19087453214631236,0.3181111903761397,0.5089857225224521,399.9897603932009,0.7151983599099628,False,True
tokens_per_activated_parameter,efficiency,descriptive_only,v3_routing_220m,11213,0.12724968809754159,0.31812422024385395,0.6362354106199937,0.19087453214631236,0.3181111903761397,0.5089857225224521,399.9897603932009,0.7151983599099628,False,True
tokens_per_activated_parameter,efficiency,descriptive_only,v3_routing_220m,12721,0.12724968809754159,0.31812422024385395,0.6362354106199937,0.19087453214631236,0.3181111903761397,0.5089857225224521,399.9897603932009,0.7151983599099628,False,True
tokens_per_total_parameter,efficiency,descriptive_only,dense_121m,1337,0.08268510698645128,0.20671276746612818,0.41341706830241953,0.12402766047967691,0.20670430083629135,0.33073196131596827,399.9897603932009,0.464726112808698,False,True
tokens_per_total_parameter,efficiency,descriptive_only,dense_121m,2027,0.08268510698645128,0.20671276746612818,0.41341706830241953,0.12402766047967691,0.20670430083629135,0.33073196131596827,399.9897603932009,0.464726112808698,False,True
tokens_per_total_parameter,efficiency,descriptive_only,dense_121m,31415,0.08268510698645128,0.20671276746612818,0.41341706830241953,0.12402766047967691,0.20670430083629135,0.33073196131596827,399.9897603932009,0.464726112808698,False,True
tokens_per_total_parameter,efficiency,descriptive_only,dense_121m,4441,0.08268510698645128,0.20671276746612818,0.41341706830241953,0.12402766047967691,0.20670430083629135,0.33073196131596827,399.9897603932009,0.464726112808698,False,True
tokens_per_total_parameter,efficiency,descriptive_only,dense_121m,5501,0.08268510698645128,0.20671276746612818,0.41341706830241953,0.12402766047967691,0.20670430083629135,0.33073196131596827,399.9897603932009,0.464726112808698,False,True
tokens_per_total_parameter,efficiency,descriptive_only,dense_121m,6173,0.08268510698645128,0.20671276746612818,0.41341706830241953,0.12402766047967691,0.20670430083629135,0.33073196131596827,399.9897603932009,0.464726112808698,False,True
tokens_per_total_parameter,efficiency,descriptive_only,dense_121m,8191,0.08268510698645128,0.20671276746612818,0.41341706830241953,0.12402766047967691,0.20670430083629135,0.33073196131596827,399.9897603932009,0.464726112808698,False,True
tokens_per_total_parameter,efficiency,descriptive_only,dense_121m,10007,0.08268510698645128,0.20671276746612818,0.41341706830241953,0.12402766047967691,0.20670430083629135,0.33073196131596827,399.9897603932009,0.464726112808698,False,True
tokens_per_total_parameter,efficiency,descriptive_only,dense_121m,11213,0.08268510698645128,0.20671276746612818,0.41341706830241953,0.12402766047967691,0.20670430083629135,0.33073196131596827,399.9897603932009,0.464726112808698,False,True
tokens_per_total_parameter,efficiency,descriptive_only,dense_121m,12721,0.08268510698645128,0.20671276746612818,0.41341706830241953,0.12402766047967691,0.20670430083629135,0.33073196131596827,399.9897603932009,0.464726112808698,False,True
tokens_per_total_parameter,efficiency,descriptive_only,mla_121m,1337,0.07275097540762261,0.18187743851905652,0.3637474276242888,0.10912646311143391,0.18186998910523228,0.2909964522166662,399.9897603932009,0.4088919907882034,False,True
tokens_per_total_parameter,efficiency,descriptive_only,mla_121m,2027,0.07275097540762261,0.18187743851905652,0.3637474276242888,0.10912646311143391,0.18186998910523228,0.2909964522166662,399.9897603932009,0.4088919907882034,False,True
tokens_per_total_parameter,efficiency,descriptive_only,mla_121m,31415,0.07275097540762261,0.18187743851905652,0.3637474276242888,0.10912646311143391,0.18186998910523228,0.2909964522166662,399.9897603932009,0.4088919907882034,False,True
tokens_per_total_parameter,efficiency,descriptive_only,mla_121m,4441,0.07275097540762261,0.18187743851905652,0.3637474276242888,0.10912646311143391,0.18186998910523228,0.2909964522166662,399.9897603932009,0.4088919907882034,False,True
tokens_per_total_parameter,efficiency,descriptive_only,mla_121m,5501,0.07275097540762261,0.18187743851905652,0.3637474276242888,0.10912646311143391,0.18186998910523228,0.2909964522166662,399.9897603932009,0.4088919907882034,False,True
tokens_per_total_parameter,efficiency,descriptive_only,mla_121m,6173,0.07275097540762261,0.18187743851905652,0.3637474276242888,0.10912646311143391,0.18186998910523228,0.2909964522166662,399.9897603932009,0.4088919907882034,False,True
tokens_per_total_parameter,efficiency,descriptive_only,mla_121m,8191,0.07275097540762261,0.18187743851905652,0.3637474276242888,0.10912646311143391,0.18186998910523228,0.2909964522166662,399.9897603932009,0.4088919907882034,False,True
tokens_per_total_parameter,efficiency,descriptive_only,mla_121m,10007,0.07275097540762261,0.18187743851905652,0.3637474276242888,0.10912646311143391,0.18186998910523228,0.2909964522166662,399.9897603932009,0.4088919907882034,False,True
tokens_per_total_parameter,efficiency,descriptive_only,mla_121m,11213,0.07275097540762261,0.18187743851905652,0.3637474276242888,0.10912646311143391,0.18186998910523228,0.2909964522166662,399.9897603932009,0.4088919907882034,False,True
tokens_per_total_parameter,efficiency,descriptive_only,mla_121m,12721,0.07275097540762261,0.18187743851905652,0.3637474276242888,0.10912646311143391,0.18186998910523228,0.2909964522166662,399.9897603932009,0.4088919907882034,False,True
tokens_per_total_parameter,efficiency,descriptive_only,mtp_121m,1337,0.07336747783330798,0.18341869458326995,0.3668298766252914,0.11005121674996197,0.18341118204202142,0.2934623987919834,399.9897603932009,0.41235700143241577,False,True
tokens_per_total_parameter,efficiency,descriptive_only,mtp_121m,2027,0.07336747783330798,0.18341869458326995,0.3668298766252914,0.11005121674996197,0.18341118204202142,0.2934623987919834,399.9897603932009,0.41235700143241577,False,True
tokens_per_total_parameter,efficiency,descriptive_only,mtp_121m,31415,0.07336747783330798,0.18341869458326995,0.3668298766252914,0.11005121674996197,0.18341118204202142,0.2934623987919834,399.9897603932009,0.41235700143241577,False,True
tokens_per_total_parameter,efficiency,descriptive_only,mtp_121m,4441,0.07336747783330798,0.18341869458326995,0.3668298766252914,0.11005121674996197,0.18341118204202142,0.2934623987919834,399.9897603932009,0.41235700143241577,False,True
tokens_per_total_parameter,efficiency,descriptive_only,mtp_121m,5501,0.07336747783330798,0.18341869458326995,0.3668298766252914,0.11005121674996197,0.18341118204202142,0.2934623987919834,399.9897603932009,0.41235700143241577,False,True
tokens_per_total_parameter,efficiency,descriptive_only,mtp_121m,6173,0.07336747783330798,0.18341869458326995,0.3668298766252914,0.11005121674996197,0.18341118204202142,0.2934623987919834,399.9897603932009,0.41235700143241577,False,True
tokens_per_total_parameter,efficiency,descriptive_only,mtp_121m,8191,0.07336747783330798,0.18341869458326995,0.3668298766252914,0.11005121674996197,0.18341118204202142,0.2934623987919834,399.9897603932009,0.41235700143241577,False,True
tokens_per_total_parameter,efficiency,descriptive_only,mtp_121m,10007,0.07336747783330798,0.18341869458326995,0.3668298766252914,0.11005121674996197,0.18341118204202142,0.2934623987919834,399.9897603932009,0.41235700143241577,False,True
tokens_per_total_parameter,efficiency,descriptive_only,mtp_121m,11213,0.07336747783330798,0.18341869458326995,0.3668298766252914,0.11005121674996197,0.18341118204202142,0.2934623987919834,399.9897603932009,0.41235700143241577,False,True
tokens_per_total_parameter,efficiency,descriptive_only,mtp_121m,12721,0.07336747783330798,0.18341869458326995,0.3668298766252914,0.11005121674996197,0.18341118204202142,0.2934623987919834,399.9897603932009,0.41235700143241577,False,True
tokens_per_total_parameter,efficiency,descriptive_only,moe_220m,1337,0.04542605532666548,0.1135651383166637,0.2271256251838776,0.06813908298999823,0.1135604868672139,0.18169956985721214,399.9897603932009,0.2553141053037917,False,True
tokens_per_total_parameter,efficiency,descriptive_only,moe_220m,2027,0.04542605532666548,0.1135651383166637,0.2271256251838776,0.06813908298999823,0.1135604868672139,0.18169956985721214,399.9897603932009,0.2553141053037917,False,True
tokens_per_total_parameter,efficiency,descriptive_only,moe_220m,31415,0.04542605532666548,0.1135651383166637,0.2271256251838776,0.06813908298999823,0.1135604868672139,0.18169956985721214,399.9897603932009,0.2553141053037917,False,True
tokens_per_total_parameter,efficiency,descriptive_only,moe_220m,4441,0.04542605532666548,0.1135651383166637,0.2271256251838776,0.06813908298999823,0.1135604868672139,0.18169956985721214,399.9897603932009,0.2553141053037917,False,True
tokens_per_total_parameter,efficiency,descriptive_only,moe_220m,5501,0.04542605532666548,0.1135651383166637,0.2271256251838776,0.06813908298999823,0.1135604868672139,0.18169956985721214,399.9897603932009,0.2553141053037917,False,True
tokens_per_total_parameter,efficiency,descriptive_only,moe_220m,6173,0.04542605532666548,0.1135651383166637,0.2271256251838776,0.06813908298999823,0.1135604868672139,0.18169956985721214,399.9897603932009,0.2553141053037917,False,True
tokens_per_total_parameter,efficiency,descriptive_only,moe_220m,8191,0.04542605532666548,0.1135651383166637,0.2271256251838776,0.06813908298999823,0.1135604868672139,0.18169956985721214,399.9897603932009,0.2553141053037917,False,True
tokens_per_total_parameter,efficiency,descriptive_only,moe_220m,10007,0.04542605532666548,0.1135651383166637,0.2271256251838776,0.06813908298999823,0.1135604868672139,0.18169956985721214,399.9897603932009,0.2553141053037917,False,True
tokens_per_total_parameter,efficiency,descriptive_only,moe_220m,11213,0.04542605532666548,0.1135651383166637,0.2271256251838776,0.06813908298999823,0.1135604868672139,0.18169956985721214,399.9897603932009,0.2553141053037917,False,True
tokens_per_total_parameter,efficiency,descriptive_only,moe_220m,12721,0.04542605532666548,0.1135651383166637,0.2271256251838776,0.06813908298999823,0.1135604868672139,0.18169956985721214,399.9897603932009,0.2553141053037917,False,True
tokens_per_total_parameter,efficiency,descriptive_only,mla_moe_220m,1337,0.04225606543935426,0.10564016359838566,0.21127600034182153,0.0633840981590314,0.10563583674343588,0.16901993490246728,399.9897603932009,0.23749738919052088,False,True
tokens_per_total_parameter,efficiency,descriptive_only,mla_moe_220m,2027,0.04225606543935426,0.10564016359838566,0.21127600034182153,0.0633840981590314,0.10563583674343588,0.16901993490246728,399.9897603932009,0.23749738919052088,False,True
tokens_per_total_parameter,efficiency,descriptive_only,mla_moe_220m,31415,0.04225606543935426,0.10564016359838566,0.21127600034182153,0.0633840981590314,0.10563583674343588,0.16901993490246728,399.9897603932009,0.23749738919052088,False,True
tokens_per_total_parameter,efficiency,descriptive_only,mla_moe_220m,4441,0.04225606543935426,0.10564016359838566,0.21127600034182153,0.0633840981590314,0.10563583674343588,0.16901993490246728,399.9897603932009,0.23749738919052088,False,True
tokens_per_total_parameter,efficiency,descriptive_only,mla_moe_220m,5501,0.04225606543935426,0.10564016359838566,0.21127600034182153,0.0633840981590314,0.10563583674343588,0.16901993490246728,399.9897603932009,0.23749738919052088,False,True
tokens_per_total_parameter,efficiency,descriptive_only,mla_moe_220m,6173,0.04225606543935426,0.10564016359838566,0.21127600034182153,0.0633840981590314,0.10563583674343588,0.16901993490246728,399.9897603932009,0.23749738919052088,False,True
tokens_per_total_parameter,efficiency,descriptive_only,mla_moe_220m,8191,0.04225606543935426,0.10564016359838566,0.21127600034182153,0.0633840981590314,0.10563583674343588,0.16901993490246728,399.9897603932009,0.23749738919052088,False,True
tokens_per_total_parameter,efficiency,descriptive_only,mla_moe_220m,10007,0.04225606543935426,0.10564016359838566,0.21127600034182153,0.0633840981590314,0.10563583674343588,0.16901993490246728,399.9897603932009,0.23749738919052088,False,True
tokens_per_total_parameter,efficiency,descriptive_only,mla_moe_220m,11213,0.04225606543935426,0.10564016359838566,0.21127600034182153,0.0633840981590314,0.10563583674343588,0.16901993490246728,399.9897603932009,0.23749738919052088,False,True
tokens_per_total_parameter,efficiency,descriptive_only,mla_moe_220m,12721,0.04225606543935426,0.10564016359838566,0.21127600034182153,0.0633840981590314,0.10563583674343588,0.16901993490246728,399.9897603932009,0.23749738919052088,False,True
tokens_per_total_parameter,efficiency,descriptive_only,v3_routing_220m,1337,0.04542605532666548,0.1135651383166637,0.2271256251838776,0.06813908298999823,0.1135604868672139,0.18169956985721214,399.9897603932009,0.2553141053037917,False,True
tokens_per_total_parameter,efficiency,descriptive_only,v3_routing_220m,2027,0.04542605532666548,0.1135651383166637,0.2271256251838776,0.06813908298999823,0.1135604868672139,0.18169956985721214,399.9897603932009,0.2553141053037917,False,True
tokens_per_total_parameter,efficiency,descriptive_only,v3_routing_220m,31415,0.04542605532666548,0.1135651383166637,0.2271256251838776,0.06813908298999823,0.1135604868672139,0.18169956985721214,399.9897603932009,0.2553141053037917,False,True
tokens_per_total_parameter,efficiency,descriptive_only,v3_routing_220m,4441,0.04542605532666548,0.1135651383166637,0.2271256251838776,0.06813908298999823,0.1135604868672139,0.18169956985721214,399.9897603932009,0.2553141053037917,False,True
tokens_per_total_parameter,efficiency,descriptive_only,v3_routing_220m,5501,0.04542605532666548,0.1135651383166637,0.2271256251838776,0.06813908298999823,0.1135604868672139,0.18169956985721214,399.9897603932009,0.2553141053037917,False,True
tokens_per_total_parameter,efficiency,descriptive_only,v3_routing_220m,6173,0.04542605532666548,0.1135651383166637,0.2271256251838776,0.06813908298999823,0.1135604868672139,0.18169956985721214,399.9897603932009,0.2553141053037917,False,True
tokens_per_total_parameter,efficiency,descriptive_only,v3_routing_220m,8191,0.04542605532666548,0.1135651383166637,0.2271256251838776,0.06813908298999823,0.1135604868672139,0.18169956985721214,399.9897603932009,0.2553141053037917,False,True
tokens_per_total_parameter,efficiency,descriptive_only,v3_routing_220m,10007,0.04542605532666548,0.1135651383166637,0.2271256251838776,0.06813908298999823,0.1135604868672139,0.18169956985721214,399.9897603932009,0.2553141053037917,False,True
tokens_per_total_parameter,efficiency,descriptive_only,v3_routing_220m,11213,0.04542605532666548,0.1135651383166637,0.2271256251838776,0.06813908298999823,0.1135604868672139,0.18169956985721214,399.9897603932009,0.2553141053037917,False,True
tokens_per_total_parameter,efficiency,descriptive_only,v3_routing_220m,12721,0.04542605532666548,0.1135651383166637,0.2271256251838776,0.06813908298999823,0.1135604868672139,0.18169956985721214,399.9897603932009,0.2553141053037917,False,True
tokens_per_trainable_parameter,efficiency,descriptive_only,dense_121m,1337,0.08268510698645128,0.20671276746612818,0.41341706830241953,0.12402766047967691,0.20670430083629135,0.33073196131596827,399.9897603932009,0.464726112808698,False,True
tokens_per_trainable_parameter,efficiency,descriptive_only,dense_121m,2027,0.08268510698645128,0.20671276746612818,0.41341706830241953,0.12402766047967691,0.20670430083629135,0.33073196131596827,399.9897603932009,0.464726112808698,False,True
tokens_per_trainable_parameter,efficiency,descriptive_only,dense_121m,31415,0.08268510698645128,0.20671276746612818,0.41341706830241953,0.12402766047967691,0.20670430083629135,0.33073196131596827,399.9897603932009,0.464726112808698,False,True
tokens_per_trainable_parameter,efficiency,descriptive_only,dense_121m,4441,0.08268510698645128,0.20671276746612818,0.41341706830241953,0.12402766047967691,0.20670430083629135,0.33073196131596827,399.9897603932009,0.464726112808698,False,True
tokens_per_trainable_parameter,efficiency,descriptive_only,dense_121m,5501,0.08268510698645128,0.20671276746612818,0.41341706830241953,0.12402766047967691,0.20670430083629135,0.33073196131596827,399.9897603932009,0.464726112808698,False,True
tokens_per_trainable_parameter,efficiency,descriptive_only,dense_121m,6173,0.08268510698645128,0.20671276746612818,0.41341706830241953,0.12402766047967691,0.20670430083629135,0.33073196131596827,399.9897603932009,0.464726112808698,False,True
tokens_per_trainable_parameter,efficiency,descriptive_only,dense_121m,8191,0.08268510698645128,0.20671276746612818,0.41341706830241953,0.12402766047967691,0.20670430083629135,0.33073196131596827,399.9897603932009,0.464726112808698,False,True
tokens_per_trainable_parameter,efficiency,descriptive_only,dense_121m,10007,0.08268510698645128,0.20671276746612818,0.41341706830241953,0.12402766047967691,0.20670430083629135,0.33073196131596827,399.9897603932009,0.464726112808698,False,True
tokens_per_trainable_parameter,efficiency,descriptive_only,dense_121m,11213,0.08268510698645128,0.20671276746612818,0.41341706830241953,0.12402766047967691,0.20670430083629135,0.33073196131596827,399.9897603932009,0.464726112808698,False,True
tokens_per_trainable_parameter,efficiency,descriptive_only,dense_121m,12721,0.08268510698645128,0.20671276746612818,0.41341706830241953,0.12402766047967691,0.20670430083629135,0.33073196131596827,399.9897603932009,0.464726112808698,False,True
tokens_per_trainable_parameter,efficiency,descriptive_only,mla_121m,1337,0.07275097540762261,0.18187743851905652,0.3637474276242888,0.10912646311143391,0.18186998910523228,0.2909964522166662,399.9897603932009,0.4088919907882034,False,True
tokens_per_trainable_parameter,efficiency,descriptive_only,mla_121m,2027,0.07275097540762261,0.18187743851905652,0.3637474276242888,0.10912646311143391,0.18186998910523228,0.2909964522166662,399.9897603932009,0.4088919907882034,False,True
tokens_per_trainable_parameter,efficiency,descriptive_only,mla_121m,31415,0.07275097540762261,0.18187743851905652,0.3637474276242888,0.10912646311143391,0.18186998910523228,0.2909964522166662,399.9897603932009,0.4088919907882034,False,True
tokens_per_trainable_parameter,efficiency,descriptive_only,mla_121m,4441,0.07275097540762261,0.18187743851905652,0.3637474276242888,0.10912646311143391,0.18186998910523228,0.2909964522166662,399.9897603932009,0.4088919907882034,False,True
tokens_per_trainable_parameter,efficiency,descriptive_only,mla_121m,5501,0.07275097540762261,0.18187743851905652,0.3637474276242888,0.10912646311143391,0.18186998910523228,0.2909964522166662,399.9897603932009,0.4088919907882034,False,True
tokens_per_trainable_parameter,efficiency,descriptive_only,mla_121m,6173,0.07275097540762261,0.18187743851905652,0.3637474276242888,0.10912646311143391,0.18186998910523228,0.2909964522166662,399.9897603932009,0.4088919907882034,False,True
tokens_per_trainable_parameter,efficiency,descriptive_only,mla_121m,8191,0.07275097540762261,0.18187743851905652,0.3637474276242888,0.10912646311143391,0.18186998910523228,0.2909964522166662,399.9897603932009,0.4088919907882034,False,True
tokens_per_trainable_parameter,efficiency,descriptive_only,mla_121m,10007,0.07275097540762261,0.18187743851905652,0.3637474276242888,0.10912646311143391,0.18186998910523228,0.2909964522166662,399.9897603932009,0.4088919907882034,False,True
tokens_per_trainable_parameter,efficiency,descriptive_only,mla_121m,11213,0.07275097540762261,0.18187743851905652,0.3637474276242888,0.10912646311143391,0.18186998910523228,0.2909964522166662,399.9897603932009,0.4088919907882034,False,True
tokens_per_trainable_parameter,efficiency,descriptive_only,mla_121m,12721,0.07275097540762261,0.18187743851905652,0.3637474276242888,0.10912646311143391,0.18186998910523228,0.2909964522166662,399.9897603932009,0.4088919907882034,False,True
tokens_per_trainable_parameter,efficiency,descriptive_only,mtp_121m,1337,0.07336747783330798,0.18341869458326995,0.3668298766252914,0.11005121674996197,0.18341118204202142,0.2934623987919834,399.9897603932009,0.41235700143241577,False,True
tokens_per_trainable_parameter,efficiency,descriptive_only,mtp_121m,2027,0.07336747783330798,0.18341869458326995,0.3668298766252914,0.11005121674996197,0.18341118204202142,0.2934623987919834,399.9897603932009,0.41235700143241577,False,True
tokens_per_trainable_parameter,efficiency,descriptive_only,mtp_121m,31415,0.07336747783330798,0.18341869458326995,0.3668298766252914,0.11005121674996197,0.18341118204202142,0.2934623987919834,399.9897603932009,0.41235700143241577,False,True
tokens_per_trainable_parameter,efficiency,descriptive_only,mtp_121m,4441,0.07336747783330798,0.18341869458326995,0.3668298766252914,0.11005121674996197,0.18341118204202142,0.2934623987919834,399.9897603932009,0.41235700143241577,False,True
tokens_per_trainable_parameter,efficiency,descriptive_only,mtp_121m,5501,0.07336747783330798,0.18341869458326995,0.3668298766252914,0.11005121674996197,0.18341118204202142,0.2934623987919834,399.9897603932009,0.41235700143241577,False,True
tokens_per_trainable_parameter,efficiency,descriptive_only,mtp_121m,6173,0.07336747783330798,0.18341869458326995,0.3668298766252914,0.11005121674996197,0.18341118204202142,0.2934623987919834,399.9897603932009,0.41235700143241577,False,True
tokens_per_trainable_parameter,efficiency,descriptive_only,mtp_121m,8191,0.07336747783330798,0.18341869458326995,0.3668298766252914,0.11005121674996197,0.18341118204202142,0.2934623987919834,399.9897603932009,0.41235700143241577,False,True
tokens_per_trainable_parameter,efficiency,descriptive_only,mtp_121m,10007,0.07336747783330798,0.18341869458326995,0.3668298766252914,0.11005121674996197,0.18341118204202142,0.2934623987919834,399.9897603932009,0.41235700143241577,False,True
tokens_per_trainable_parameter,efficiency,descriptive_only,mtp_121m,11213,0.07336747783330798,0.18341869458326995,0.3668298766252914,0.11005121674996197,0.18341118204202142,0.2934623987919834,399.9897603932009,0.41235700143241577,False,True
tokens_per_trainable_parameter,efficiency,descriptive_only,mtp_121m,12721,0.07336747783330798,0.18341869458326995,0.3668298766252914,0.11005121674996197,0.18341118204202142,0.2934623987919834,399.9897603932009,0.41235700143241577,False,True
tokens_per_trainable_parameter,efficiency,descriptive_only,moe_220m,1337,0.04542605532666548,0.1135651383166637,0.2271256251838776,0.06813908298999823,0.1135604868672139,0.18169956985721214,399.9897603932009,0.2553141053037917,False,True
tokens_per_trainable_parameter,efficiency,descriptive_only,moe_220m,2027,0.04542605532666548,0.1135651383166637,0.2271256251838776,0.06813908298999823,0.1135604868672139,0.18169956985721214,399.9897603932009,0.2553141053037917,False,True
tokens_per_trainable_parameter,efficiency,descriptive_only,moe_220m,31415,0.04542605532666548,0.1135651383166637,0.2271256251838776,0.06813908298999823,0.1135604868672139,0.18169956985721214,399.9897603932009,0.2553141053037917,False,True
tokens_per_trainable_parameter,efficiency,descriptive_only,moe_220m,4441,0.04542605532666548,0.1135651383166637,0.2271256251838776,0.06813908298999823,0.1135604868672139,0.18169956985721214,399.9897603932009,0.2553141053037917,False,True
tokens_per_trainable_parameter,efficiency,descriptive_only,moe_220m,5501,0.04542605532666548,0.1135651383166637,0.2271256251838776,0.06813908298999823,0.1135604868672139,0.18169956985721214,399.9897603932009,0.2553141053037917,False,True
tokens_per_trainable_parameter,efficiency,descriptive_only,moe_220m,6173,0.04542605532666548,0.1135651383166637,0.2271256251838776,0.06813908298999823,0.1135604868672139,0.18169956985721214,399.9897603932009,0.2553141053037917,False,True
tokens_per_trainable_parameter,efficiency,descriptive_only,moe_220m,8191,0.04542605532666548,0.1135651383166637,0.2271256251838776,0.06813908298999823,0.1135604868672139,0.18169956985721214,399.9897603932009,0.2553141053037917,False,True
tokens_per_trainable_parameter,efficiency,descriptive_only,moe_220m,10007,0.04542605532666548,0.1135651383166637,0.2271256251838776,0.06813908298999823,0.1135604868672139,0.18169956985721214,399.9897603932009,0.2553141053037917,False,True
tokens_per_trainable_parameter,efficiency,descriptive_only,moe_220m,11213,0.04542605532666548,0.1135651383166637,0.2271256251838776,0.06813908298999823,0.1135604868672139,0.18169956985721214,399.9897603932009,0.2553141053037917,False,True
tokens_per_trainable_parameter,efficiency,descriptive_only,moe_220m,12721,0.04542605532666548,0.1135651383166637,0.2271256251838776,0.06813908298999823,0.1135604868672139,0.18169956985721214,399.9897603932009,0.2553141053037917,False,True
tokens_per_trainable_parameter,efficiency,descriptive_only,mla_moe_220m,1337,0.04225606543935426,0.10564016359838566,0.21127600034182153,0.0633840981590314,0.10563583674343588,0.16901993490246728,399.9897603932009,0.23749738919052088,False,True
tokens_per_trainable_parameter,efficiency,descriptive_only,mla_moe_220m,2027,0.04225606543935426,0.10564016359838566,0.21127600034182153,0.0633840981590314,0.10563583674343588,0.16901993490246728,399.9897603932009,0.23749738919052088,False,True
tokens_per_trainable_parameter,efficiency,descriptive_only,mla_moe_220m,31415,0.04225606543935426,0.10564016359838566,0.21127600034182153,0.0633840981590314,0.10563583674343588,0.16901993490246728,399.9897603932009,0.23749738919052088,False,True
tokens_per_trainable_parameter,efficiency,descriptive_only,mla_moe_220m,4441,0.04225606543935426,0.10564016359838566,0.21127600034182153,0.0633840981590314,0.10563583674343588,0.16901993490246728,399.9897603932009,0.23749738919052088,False,True
tokens_per_trainable_parameter,efficiency,descriptive_only,mla_moe_220m,5501,0.04225606543935426,0.10564016359838566,0.21127600034182153,0.0633840981590314,0.10563583674343588,0.16901993490246728,399.9897603932009,0.23749738919052088,False,True
tokens_per_trainable_parameter,efficiency,descriptive_only,mla_moe_220m,6173,0.04225606543935426,0.10564016359838566,0.21127600034182153,0.0633840981590314,0.10563583674343588,0.16901993490246728,399.9897603932009,0.23749738919052088,False,True
tokens_per_trainable_parameter,efficiency,descriptive_only,mla_moe_220m,8191,0.04225606543935426,0.10564016359838566,0.21127600034182153,0.0633840981590314,0.10563583674343588,0.16901993490246728,399.9897603932009,0.23749738919052088,False,True
tokens_per_trainable_parameter,efficiency,descriptive_only,mla_moe_220m,10007,0.04225606543935426,0.10564016359838566,0.21127600034182153,0.0633840981590314,0.10563583674343588,0.16901993490246728,399.9897603932009,0.23749738919052088,False,True
tokens_per_trainable_parameter,efficiency,descriptive_only,mla_moe_220m,11213,0.04225606543935426,0.10564016359838566,0.21127600034182153,0.0633840981590314,0.10563583674343588,0.16901993490246728,399.9897603932009,0.23749738919052088,False,True
tokens_per_trainable_parameter,efficiency,descriptive_only,mla_moe_220m,12721,0.04225606543935426,0.10564016359838566,0.21127600034182153,0.0633840981590314,0.10563583674343588,0.16901993490246728,399.9897603932009,0.23749738919052088,False,True
tokens_per_trainable_parameter,efficiency,descriptive_only,v3_routing_220m,1337,0.04542605532666548,0.1135651383166637,0.2271256251838776,0.06813908298999823,0.1135604868672139,0.18169956985721214,399.9897603932009,0.2553141053037917,False,True
tokens_per_trainable_parameter,efficiency,descriptive_only,v3_routing_220m,2027,0.04542605532666548,0.1135651383166637,0.2271256251838776,0.06813908298999823,0.1135604868672139,0.18169956985721214,399.9897603932009,0.2553141053037917,False,True
tokens_per_trainable_parameter,efficiency,descriptive_only,v3_routing_220m,31415,0.04542605532666548,0.1135651383166637,0.2271256251838776,0.06813908298999823,0.1135604868672139,0.18169956985721214,399.9897603932009,0.2553141053037917,False,True
tokens_per_trainable_parameter,efficiency,descriptive_only,v3_routing_220m,4441,0.04542605532666548,0.1135651383166637,0.2271256251838776,0.06813908298999823,0.1135604868672139,0.18169956985721214,399.9897603932009,0.2553141053037917,False,True
tokens_per_trainable_parameter,efficiency,descriptive_only,v3_routing_220m,5501,0.04542605532666548,0.1135651383166637,0.2271256251838776,0.06813908298999823,0.1135604868672139,0.18169956985721214,399.9897603932009,0.2553141053037917,False,True
tokens_per_trainable_parameter,efficiency,descriptive_only,v3_routing_220m,6173,0.04542605532666548,0.1135651383166637,0.2271256251838776,0.06813908298999823,0.1135604868672139,0.18169956985721214,399.9897603932009,0.2553141053037917,False,True
tokens_per_trainable_parameter,efficiency,descriptive_only,v3_routing_220m,8191,0.04542605532666548,0.1135651383166637,0.2271256251838776,0.06813908298999823,0.1135604868672139,0.18169956985721214,399.9897603932009,0.2553141053037917,False,True
tokens_per_trainable_parameter,efficiency,descriptive_only,v3_routing_220m,10007,0.04542605532666548,0.1135651383166637,0.2271256251838776,0.06813908298999823,0.1135604868672139,0.18169956985721214,399.9897603932009,0.2553141053037917,False,True
tokens_per_trainable_parameter,efficiency,descriptive_only,v3_routing_220m,11213,0.04542605532666548,0.1135651383166637,0.2271256251838776,0.06813908298999823,0.1135604868672139,0.18169956985721214,399.9897603932009,0.2553141053037917,False,True
tokens_per_trainable_parameter,efficiency,descriptive_only,v3_routing_220m,12721,0.04542605532666548,0.1135651383166637,0.2271256251838776,0.06813908298999823,0.1135604868672139,0.18169956985721214,399.9897603932009,0.2553141053037917,False,True
total_parameters,efficiency,descriptive_only,dense_121m,1337,120945408.0,120945408.0,120945408.0,0.0,0.0,0.0,0.0,0.0,True,True
total_parameters,efficiency,descriptive_only,dense_121m,2027,120945408.0,120945408.0,120945408.0,0.0,0.0,0.0,0.0,0.0,True,True
total_parameters,efficiency,descriptive_only,dense_121m,31415,120945408.0,120945408.0,120945408.0,0.0,0.0,0.0,0.0,0.0,True,True
total_parameters,efficiency,descriptive_only,dense_121m,4441,120945408.0,120945408.0,120945408.0,0.0,0.0,0.0,0.0,0.0,True,True
total_parameters,efficiency,descriptive_only,dense_121m,5501,120945408.0,120945408.0,120945408.0,0.0,0.0,0.0,0.0,0.0,True,True
total_parameters,efficiency,descriptive_only,dense_121m,6173,120945408.0,120945408.0,120945408.0,0.0,0.0,0.0,0.0,0.0,True,True
total_parameters,efficiency,descriptive_only,dense_121m,8191,120945408.0,120945408.0,120945408.0,0.0,0.0,0.0,0.0,0.0,True,True
total_parameters,efficiency,descriptive_only,dense_121m,10007,120945408.0,120945408.0,120945408.0,0.0,0.0,0.0,0.0,0.0,True,True
total_parameters,efficiency,descriptive_only,dense_121m,11213,120945408.0,120945408.0,120945408.0,0.0,0.0,0.0,0.0,0.0,True,True
total_parameters,efficiency,descriptive_only,dense_121m,12721,120945408.0,120945408.0,120945408.0,0.0,0.0,0.0,0.0,0.0,True,True
total_parameters,efficiency,descriptive_only,mla_121m,1337,137460480.0,137460480.0,137460480.0,0.0,0.0,0.0,0.0,0.0,True,True
total_parameters,efficiency,descriptive_only,mla_121m,2027,137460480.0,137460480.0,137460480.0,0.0,0.0,0.0,0.0,0.0,True,True
total_parameters,efficiency,descriptive_only,mla_121m,31415,137460480.0,137460480.0,137460480.0,0.0,0.0,0.0,0.0,0.0,True,True
total_parameters,efficiency,descriptive_only,mla_121m,4441,137460480.0,137460480.0,137460480.0,0.0,0.0,0.0,0.0,0.0,True,True
total_parameters,efficiency,descriptive_only,mla_121m,5501,137460480.0,137460480.0,137460480.0,0.0,0.0,0.0,0.0,0.0,True,True
total_parameters,efficiency,descriptive_only,mla_121m,6173,137460480.0,137460480.0,137460480.0,0.0,0.0,0.0,0.0,0.0,True,True
total_parameters,efficiency,descriptive_only,mla_121m,8191,137460480.0,137460480.0,137460480.0,0.0,0.0,0.0,0.0,0.0,True,True
total_parameters,efficiency,descriptive_only,mla_121m,10007,137460480.0,137460480.0,137460480.0,0.0,0.0,0.0,0.0,0.0,True,True
total_parameters,efficiency,descriptive_only,mla_121m,11213,137460480.0,137460480.0,137460480.0,0.0,0.0,0.0,0.0,0.0,True,True
total_parameters,efficiency,descriptive_only,mla_121m,12721,137460480.0,137460480.0,137460480.0,0.0,0.0,0.0,0.0,0.0,True,True
total_parameters,efficiency,descriptive_only,mtp_121m,1337,136305408.0,136305408.0,136305408.0,0.0,0.0,0.0,0.0,0.0,True,True
total_parameters,efficiency,descriptive_only,mtp_121m,2027,136305408.0,136305408.0,136305408.0,0.0,0.0,0.0,0.0,0.0,True,True
total_parameters,efficiency,descriptive_only,mtp_121m,31415,136305408.0,136305408.0,136305408.0,0.0,0.0,0.0,0.0,0.0,True,True
total_parameters,efficiency,descriptive_only,mtp_121m,4441,136305408.0,136305408.0,136305408.0,0.0,0.0,0.0,0.0,0.0,True,True
total_parameters,efficiency,descriptive_only,mtp_121m,5501,136305408.0,136305408.0,136305408.0,0.0,0.0,0.0,0.0,0.0,True,True
total_parameters,efficiency,descriptive_only,mtp_121m,6173,136305408.0,136305408.0,136305408.0,0.0,0.0,0.0,0.0,0.0,True,True
total_parameters,efficiency,descriptive_only,mtp_121m,8191,136305408.0,136305408.0,136305408.0,0.0,0.0,0.0,0.0,0.0,True,True
total_parameters,efficiency,descriptive_only,mtp_121m,10007,136305408.0,136305408.0,136305408.0,0.0,0.0,0.0,0.0,0.0,True,True
total_parameters,efficiency,descriptive_only,mtp_121m,11213,136305408.0,136305408.0,136305408.0,0.0,0.0,0.0,0.0,0.0,True,True
total_parameters,efficiency,descriptive_only,mtp_121m,12721,136305408.0,136305408.0,136305408.0,0.0,0.0,0.0,0.0,0.0,True,True
total_parameters,efficiency,descriptive_only,moe_220m,1337,220146432.0,220146432.0,220146432.0,0.0,0.0,0.0,0.0,0.0,True,True
total_parameters,efficiency,descriptive_only,moe_220m,2027,220146432.0,220146432.0,220146432.0,0.0,0.0,0.0,0.0,0.0,True,True
total_parameters,efficiency,descriptive_only,moe_220m,31415,220146432.0,220146432.0,220146432.0,0.0,0.0,0.0,0.0,0.0,True,True
total_parameters,efficiency,descriptive_only,moe_220m,4441,220146432.0,220146432.0,220146432.0,0.0,0.0,0.0,0.0,0.0,True,True
total_parameters,efficiency,descriptive_only,moe_220m,5501,220146432.0,220146432.0,220146432.0,0.0,0.0,0.0,0.0,0.0,True,True
total_parameters,efficiency,descriptive_only,moe_220m,6173,220146432.0,220146432.0,220146432.0,0.0,0.0,0.0,0.0,0.0,True,True
total_parameters,efficiency,descriptive_only,moe_220m,8191,220146432.0,220146432.0,220146432.0,0.0,0.0,0.0,0.0,0.0,True,True
total_parameters,efficiency,descriptive_only,moe_220m,10007,220146432.0,220146432.0,220146432.0,0.0,0.0,0.0,0.0,0.0,True,True
total_parameters,efficiency,descriptive_only,moe_220m,11213,220146432.0,220146432.0,220146432.0,0.0,0.0,0.0,0.0,0.0,True,True
total_parameters,efficiency,descriptive_only,moe_220m,12721,220146432.0,220146432.0,220146432.0,0.0,0.0,0.0,0.0,0.0,True,True
total_parameters,efficiency,descriptive_only,mla_moe_220m,1337,236661504.0,236661504.0,236661504.0,0.0,0.0,0.0,0.0,0.0,True,True
total_parameters,efficiency,descriptive_only,mla_moe_220m,2027,236661504.0,236661504.0,236661504.0,0.0,0.0,0.0,0.0,0.0,True,True
total_parameters,efficiency,descriptive_only,mla_moe_220m,31415,236661504.0,236661504.0,236661504.0,0.0,0.0,0.0,0.0,0.0,True,True
total_parameters,efficiency,descriptive_only,mla_moe_220m,4441,236661504.0,236661504.0,236661504.0,0.0,0.0,0.0,0.0,0.0,True,True
total_parameters,efficiency,descriptive_only,mla_moe_220m,5501,236661504.0,236661504.0,236661504.0,0.0,0.0,0.0,0.0,0.0,True,True
total_parameters,efficiency,descriptive_only,mla_moe_220m,6173,236661504.0,236661504.0,236661504.0,0.0,0.0,0.0,0.0,0.0,True,True
total_parameters,efficiency,descriptive_only,mla_moe_220m,8191,236661504.0,236661504.0,236661504.0,0.0,0.0,0.0,0.0,0.0,True,True
total_parameters,efficiency,descriptive_only,mla_moe_220m,10007,236661504.0,236661504.0,236661504.0,0.0,0.0,0.0,0.0,0.0,True,True
total_parameters,efficiency,descriptive_only,mla_moe_220m,11213,236661504.0,236661504.0,236661504.0,0.0,0.0,0.0,0.0,0.0,True,True
total_parameters,efficiency,descriptive_only,mla_moe_220m,12721,236661504.0,236661504.0,236661504.0,0.0,0.0,0.0,0.0,0.0,True,True
total_parameters,efficiency,descriptive_only,v3_routing_220m,1337,220146432.0,220146432.0,220146432.0,0.0,0.0,0.0,0.0,0.0,True,True
total_parameters,efficiency,descriptive_only,v3_routing_220m,2027,220146432.0,220146432.0,220146432.0,0.0,0.0,0.0,0.0,0.0,True,True
total_parameters,efficiency,descriptive_only,v3_routing_220m,31415,220146432.0,220146432.0,220146432.0,0.0,0.0,0.0,0.0,0.0,True,True
total_parameters,efficiency,descriptive_only,v3_routing_220m,4441,220146432.0,220146432.0,220146432.0,0.0,0.0,0.0,0.0,0.0,True,True
total_parameters,efficiency,descriptive_only,v3_routing_220m,5501,220146432.0,220146432.0,220146432.0,0.0,0.0,0.0,0.0,0.0,True,True
total_parameters,efficiency,descriptive_only,v3_routing_220m,6173,220146432.0,220146432.0,220146432.0,0.0,0.0,0.0,0.0,0.0,True,True
total_parameters,efficiency,descriptive_only,v3_routing_220m,8191,220146432.0,220146432.0,220146432.0,0.0,0.0,0.0,0.0,0.0,True,True
total_parameters,efficiency,descriptive_only,v3_routing_220m,10007,220146432.0,220146432.0,220146432.0,0.0,0.0,0.0,0.0,0.0,True,True
total_parameters,efficiency,descriptive_only,v3_routing_220m,11213,220146432.0,220146432.0,220146432.0,0.0,0.0,0.0,0.0,0.0,True,True
total_parameters,efficiency,descriptive_only,v3_routing_220m,12721,220146432.0,220146432.0,220146432.0,0.0,0.0,0.0,0.0,0.0,True,True
train_loss,optimization,lower_is_better,dense_121m,1337,5.131129741668701,4.54842472076416,4.418280124664307,-0.582705020904541,-0.13014459609985352,-0.7128496170043945,-13.892644561596445,-1.0430965571941186,True,False
train_loss,optimization,lower_is_better,dense_121m,2027,4.760186672210693,4.502302169799805,4.479681968688965,-0.25788450241088867,-0.022620201110839844,-0.2805047035217285,-5.892724862226011,-0.4142129560986264,True,False
train_loss,optimization,lower_is_better,dense_121m,31415,5.212094783782959,4.571917533874512,4.708812236785889,-0.6401772499084473,0.13689470291137695,-0.5032825469970703,-9.656051316698923,-0.766502757293308,False,False
train_loss,optimization,lower_is_better,dense_121m,4441,4.876645565032959,4.727557182312012,4.798694133758545,-0.14908838272094727,0.0711369514465332,-0.07795143127441406,-1.5984641539944933,-0.125281737937886,False,False
train_loss,optimization,lower_is_better,dense_121m,5501,5.071008682250977,4.355335712432861,4.551538467407227,-0.7156729698181152,0.19620275497436523,-0.51947021484375,-10.243922804982493,-0.7983710468509114,False,False
train_loss,optimization,lower_is_better,dense_121m,6173,5.1982421875,4.319053649902344,4.479151725769043,-0.8791885375976562,0.16009807586669922,-0.719090461730957,-13.833338959468344,-1.0905154536357484,False,False
train_loss,optimization,lower_is_better,dense_121m,8191,5.116351127624512,4.912210464477539,4.314378261566162,-0.20414066314697266,-0.597832202911377,-0.8019728660583496,-15.674703437148583,-1.114193680180091,True,False
train_loss,optimization,lower_is_better,dense_121m,10007,4.893977642059326,4.784292221069336,4.18446159362793,-0.10968542098999023,-0.5998306274414062,-0.7095160484313965,-14.497737838721322,-0.976423184710853,True,False
train_loss,optimization,lower_is_better,dense_121m,11213,5.063938140869141,4.661306381225586,4.817912578582764,-0.4026317596435547,0.15660619735717773,-0.24602556228637695,-4.858384037134995,-0.3864831534935925,False,False
train_loss,optimization,lower_is_better,dense_121m,12721,4.878689765930176,4.808291912078857,4.652286052703857,-0.07039785385131836,-0.156005859375,-0.22640371322631836,-4.64066632822987,-0.3162238640344311,True,False
train_loss,optimization,lower_is_better,mla_121m,1337,5.2342610359191895,4.564611434936523,4.459622383117676,-0.669649600982666,-0.10498905181884766,-0.7746386528015137,-14.799389015673714,-1.138298677246892,True,False
train_loss,optimization,lower_is_better,mla_121m,2027,4.772636413574219,4.570327281951904,4.575899600982666,-0.20230913162231445,0.005572319030761719,-0.19673681259155273,-4.1221831194179925,-0.2933322164785662,False,False
train_loss,optimization,lower_is_better,mla_121m,31415,5.218181610107422,4.653117656707764,4.808748245239258,-0.5650639533996582,0.15563058853149414,-0.40943336486816406,-7.846284308601046,-0.6293858770564751,False,False
train_loss,optimization,lower_is_better,mla_121m,4441,4.8786725997924805,4.808928966522217,4.830804347991943,-0.06974363327026367,0.021875381469726562,-0.04786825180053711,-0.9811736865181984,-0.07406720283678415,False,False
train_loss,optimization,lower_is_better,mla_121m,5501,5.082636833190918,4.399806022644043,4.623826026916504,-0.682830810546875,0.22402000427246094,-0.45881080627441406,-9.027023203355041,-0.7118094644346933,False,False
train_loss,optimization,lower_is_better,mla_121m,6173,5.314332008361816,4.450374126434326,4.55820369720459,-0.8639578819274902,0.10782957077026367,-0.7561283111572266,-14.22809696435035,-1.13873265890276,False,False
train_loss,optimization,lower_is_better,mla_121m,8191,5.150837421417236,4.953968048095703,4.360620021820068,-0.1968693733215332,-0.5933480262756348,-0.790217399597168,-15.34153254986142,-1.0972993798431996,True,False
train_loss,optimization,lower_is_better,mla_121m,10007,4.875804424285889,4.814696311950684,4.279387474060059,-0.06110811233520508,-0.535308837890625,-0.5964169502258301,-12.232175418175872,-0.8166926966248643,True,False
train_loss,optimization,lower_is_better,mla_121m,11213,4.994078159332275,4.727997303009033,4.777510643005371,-0.2660808563232422,0.04951333999633789,-0.2165675163269043,-4.3364863227503045,-0.3285994843657256,False,False
train_loss,optimization,lower_is_better,mla_121m,12721,4.919567108154297,4.829187393188477,4.69223690032959,-0.09037971496582031,-0.13695049285888672,-0.22733020782470703,-4.620939258007111,-0.32010563160085515,True,False
train_loss,optimization,lower_is_better,mtp_121m,1337,7.216582298278809,6.459316253662109,6.404073238372803,-0.7572660446166992,-0.05524301528930664,-0.8125090599060059,-11.258917674919239,-1.2011585510656029,True,False
train_loss,optimization,lower_is_better,mtp_121m,2027,6.699011325836182,6.52070426940918,6.449969291687012,-0.17830705642700195,-0.07073497772216797,-0.24904203414916992,-3.717593866257333,-0.36109743770937597,True,False
train_loss,optimization,lower_is_better,mtp_121m,31415,7.26869010925293,6.575118064880371,6.738745212554932,-0.6935720443725586,0.16362714767456055,-0.529944896697998,-7.290789519605278,-0.8096693417586208,False,False
train_loss,optimization,lower_is_better,mtp_121m,4441,6.976700305938721,6.779006004333496,6.812649726867676,-0.1976943016052246,0.03364372253417969,-0.16405057907104492,-2.351406422480287,-0.24840758944179614,False,False
train_loss,optimization,lower_is_better,mtp_121m,5501,7.037286758422852,6.338687419891357,6.607054710388184,-0.6985993385314941,0.26836729049682617,-0.43023204803466797,-6.113606888616951,-0.6751323536762606,False,False
train_loss,optimization,lower_is_better,mtp_121m,6173,7.177035808563232,6.243891716003418,6.38269567489624,-0.9331440925598145,0.13880395889282227,-0.7943401336669922,-11.06780229129177,-1.1996337647478577,False,False
train_loss,optimization,lower_is_better,mtp_121m,8191,7.15482759475708,6.882096290588379,6.19719123840332,-0.27273130416870117,-0.6849050521850586,-0.9576363563537598,-13.384478433211966,-1.3342656057000035,True,False
train_loss,optimization,lower_is_better,mtp_121m,10007,6.896725654602051,6.802293300628662,6.090059757232666,-0.09443235397338867,-0.7122335433959961,-0.8066658973693848,-11.696360530610818,-1.1061414421376177,True,False
train_loss,optimization,lower_is_better,mtp_121m,11213,7.0538787841796875,6.59986686706543,6.80112361907959,-0.4540119171142578,0.20125675201416016,-0.25275516510009766,-3.583208229590965,-0.402358826448647,False,False
train_loss,optimization,lower_is_better,mtp_121m,12721,6.7648186683654785,6.761941432952881,6.610606670379639,-0.0028772354125976562,-0.1513347625732422,-0.15421199798583984,-2.279617614984803,-0.20946932914062824,True,False
train_loss,optimization,lower_is_better,moe_220m,1337,5.246084690093994,4.683833122253418,4.516412734985352,-0.5622515678405762,-0.1674203872680664,-0.7296719551086426,-13.90888630689584,-1.0632179158583994,True,False
train_loss,optimization,lower_is_better,moe_220m,2027,4.788061618804932,4.646134376525879,4.553750514984131,-0.14192724227905273,-0.09238386154174805,-0.23431110382080078,-4.893652640153016,-0.3363440171355323,True,False
train_loss,optimization,lower_is_better,moe_220m,31415,5.240318298339844,4.722128391265869,4.788602828979492,-0.5181899070739746,0.06647443771362305,-0.45171546936035156,-8.620000611479211,-0.6805557496668223,False,False
train_loss,optimization,lower_is_better,moe_220m,4441,4.973782062530518,4.8504862785339355,4.901474952697754,-0.12329578399658203,0.05098867416381836,-0.07230710983276367,-1.4537651413696218,-0.11423970005154724,False,False
train_loss,optimization,lower_is_better,moe_220m,5501,5.094444274902344,4.470824718475342,4.654541969299316,-0.623619556427002,0.1837172508239746,-0.43990230560302734,-8.634941945880051,-0.6783918165410497,False,False
train_loss,optimization,lower_is_better,moe_220m,6173,5.264789581298828,4.457578182220459,4.536038875579834,-0.8072113990783691,0.078460693359375,-0.7287507057189941,-13.84197211428174,-1.0941558786059196,False,False
train_loss,optimization,lower_is_better,moe_220m,8191,5.192539691925049,5.04425048828125,4.439083099365234,-0.14828920364379883,-0.6051673889160156,-0.7534565925598145,-14.510367513059546,-1.041073238694963,True,False
train_loss,optimization,lower_is_better,moe_220m,10007,4.933835029602051,4.9000983238220215,4.270902633666992,-0.0337367057800293,-0.6291956901550293,-0.6629323959350586,-13.436452413945604,-0.9032823993471657,True,False
train_loss,optimization,lower_is_better,moe_220m,11213,5.139350891113281,4.788980960845947,4.913909435272217,-0.350369930267334,0.12492847442626953,-0.22544145584106445,-4.3865745036184824,-0.3517067391958788,False,False
train_loss,optimization,lower_is_better,moe_220m,12721,4.912929058074951,4.883914947509766,4.750505447387695,-0.029014110565185547,-0.1334095001220703,-0.16242361068725586,-3.306044291852625,-0.2240375146594057,True,False
train_loss,optimization,lower_is_better,mla_moe_220m,1337,5.237266540527344,4.650742530822754,4.556689739227295,-0.5865240097045898,-0.09405279159545898,-0.6805768013000488,-12.994885710581404,-0.9998406514371971,True,False
train_loss,optimization,lower_is_better,mla_moe_220m,2027,4.86407470703125,4.700523853302002,4.600246429443359,-0.16355085372924805,-0.10027742385864258,-0.2638282775878906,-5.424017793281719,-0.37920672194402366,True,False
train_loss,optimization,lower_is_better,mla_moe_220m,31415,5.303387641906738,4.782835960388184,4.825784206390381,-0.5205516815185547,0.042948246002197266,-0.4776034355163574,-9.005629378142979,-0.7159667713178375,False,False
train_loss,optimization,lower_is_better,mla_moe_220m,4441,5.002380847930908,4.8613362312316895,4.890401840209961,-0.14104461669921875,0.029065608978271484,-0.11197900772094727,-2.2385142420186614,-0.17036174514811966,False,False
train_loss,optimization,lower_is_better,mla_moe_220m,5501,5.192797660827637,4.516546726226807,4.740800857543945,-0.6762509346008301,0.22425413131713867,-0.4519968032836914,-8.704302243343166,-0.7017059911604627,False,False
train_loss,optimization,lower_is_better,mla_moe_220m,6173,5.289275646209717,4.461749076843262,4.633060455322266,-0.8275265693664551,0.1713113784790039,-0.6562151908874512,-12.406522835649405,-0.9984765804815016,False,False
train_loss,optimization,lower_is_better,mla_moe_220m,8191,5.194093704223633,5.060979843139648,4.4322733879089355,-0.13311386108398438,-0.6287064552307129,-0.7618203163146973,-14.667049916623856,-1.050419353719057,True,False
train_loss,optimization,lower_is_better,mla_moe_220m,10007,4.980559825897217,4.908543109893799,4.371596813201904,-0.07201671600341797,-0.5369462966918945,-0.6089630126953125,-12.226798472109742,-0.8351368747406069,True,False
train_loss,optimization,lower_is_better,mla_moe_220m,11213,5.188798427581787,4.820135593414307,4.923166275024414,-0.36866283416748047,0.10303068161010742,-0.26563215255737305,-5.119338441542998,-0.4086036970202404,False,False
train_loss,optimization,lower_is_better,mla_moe_220m,12721,4.998330593109131,5.000805854797363,4.767795085906982,0.002475261688232422,-0.23301076889038086,-0.23053550720214844,-4.612250088458985,-0.3122507060429081,False,False
train_loss,optimization,lower_is_better,v3_routing_220m,1337,5.046967029571533,4.493775367736816,4.415286540985107,-0.5531916618347168,-0.07848882675170898,-0.6316804885864258,-12.516041513353276,-0.9291638766413479,True,False
train_loss,optimization,lower_is_better,v3_routing_220m,2027,4.6898980140686035,4.524990081787109,4.4435014724731445,-0.16490793228149414,-0.08148860931396484,-0.24639654159545898,-5.253771848691094,-0.3557498878478217,True,False
train_loss,optimization,lower_is_better,v3_routing_220m,31415,5.142045021057129,4.587863922119141,4.7390666007995605,-0.5541810989379883,0.15120267868041992,-0.40297842025756836,-7.836929054633635,-0.6192038402254796,False,False
train_loss,optimization,lower_is_better,v3_routing_220m,4441,4.853201389312744,4.7649922370910645,4.726370811462402,-0.08820915222167969,-0.03862142562866211,-0.1268305778503418,-2.6133384476818944,-0.18355609228571054,True,False
train_loss,optimization,lower_is_better,v3_routing_220m,5501,5.004938125610352,4.3347015380859375,4.5273756980896,-0.6702365875244141,0.1926741600036621,-0.47756242752075195,-9.541824804527694,-0.7355793597856858,False,False
train_loss,optimization,lower_is_better,v3_routing_220m,6173,5.193730354309082,4.326218128204346,4.457089424133301,-0.8675122261047363,0.13087129592895508,-0.7366409301757812,-14.18327252135091,-1.1127773542141441,False,False
train_loss,optimization,lower_is_better,v3_routing_220m,8191,5.064820289611816,4.852590560913086,4.2914533615112305,-0.21222972869873047,-0.5611371994018555,-0.7733669281005859,-15.269385365692001,-1.0764706567867472,True,False
train_loss,optimization,lower_is_better,v3_routing_220m,10007,4.828364372253418,4.759875774383545,4.213029861450195,-0.06848859786987305,-0.5468459129333496,-0.6153345108032227,-12.744160617605656,-0.8433122064023204,True,False
train_loss,optimization,lower_is_better,v3_routing_220m,11213,4.988927364349365,4.628793716430664,4.75701379776001,-0.36013364791870117,0.1282200813293457,-0.23191356658935547,-4.648565706660687,-0.36176499952485613,False,False
train_loss,optimization,lower_is_better,v3_routing_220m,12721,4.8082098960876465,4.753916263580322,4.62764310836792,-0.05429363250732422,-0.12627315521240234,-0.18056678771972656,-3.755384885893823,-0.25195894654073336,True,False
train_tokens_per_second,efficiency,higher_is_better,dense_121m,1337,4204.116415524487,4198.9161946424765,4193.886122094697,-5.200220882010399,-5.0300725477791275,-10.230293429789526,-0.24333991780085473,-14.55423266495577,True,False
train_tokens_per_second,efficiency,higher_is_better,dense_121m,2027,4176.485923584752,4175.824855018423,4183.019802769981,-0.6610685663290496,7.194947751558175,6.533879185229125,0.15644442013636625,8.772221654431736,False,False
train_tokens_per_second,efficiency,higher_is_better,dense_121m,31415,4178.420355003024,4186.293331071511,4199.201256528807,7.872976068486423,12.907925457296187,20.78090152578261,0.4973387012367158,29.210667932596955,False,True
train_tokens_per_second,efficiency,higher_is_better,dense_121m,4441,4196.8418431820055,4165.821950394605,4195.956885395025,-31.01989278740075,30.134935000420228,-0.8849577869805216,-0.02108627916055934,-5.275816461495954,False,False
train_tokens_per_second,efficiency,higher_is_better,dense_121m,5501,4193.626460116145,4187.8682517244515,4200.153290454216,-5.758208391693188,12.285038729764892,6.526830338071704,0.15563690281301162,8.092914017515257,False,False
train_tokens_per_second,efficiency,higher_is_better,dense_121m,6173,4183.293218568243,4175.90437949018,4200.797150822354,-7.388839078063029,24.892771332173652,17.503932254110623,0.4184247036859981,22.762165825565162,False,False
train_tokens_per_second,efficiency,higher_is_better,dense_121m,8191,4185.662931704765,4196.671716753863,4199.6056785404,11.008785049098151,2.933961786537111,13.942746835635262,0.3331072535732486,20.35106271843251,False,True
train_tokens_per_second,efficiency,higher_is_better,dense_121m,10007,4186.791827120883,4185.121353818547,4194.2703626511375,-1.6704733023361769,9.14900883259088,7.478535530254703,0.17862210109924292,9.920418873123152,False,False
train_tokens_per_second,efficiency,higher_is_better,dense_121m,11213,4168.618700089197,4206.24517023494,4199.816839657726,37.62647014574304,-6.428330577214183,31.19813956852886,0.7484047309930578,47.244606387643785,False,False
train_tokens_per_second,efficiency,higher_is_better,dense_121m,12721,4156.601341634665,4200.113507457757,4202.504160977891,43.51216582309189,2.3906535201340375,45.90281934322593,1.104335382935082,67.95559033840284,False,True
train_tokens_per_second,efficiency,higher_is_better,mla_121m,1337,3661.25268330562,3664.5343017892064,3656.7666842928825,3.2816184835864988,-7.767617496323965,-4.485999012737466,-0.12252634277859267,-5.6512312643747356,False,False
train_tokens_per_second,efficiency,higher_is_better,mla_121m,2027,3668.4387877562067,3640.22162372351,3653.502748513355,-28.217164032696473,13.281124789844853,-14.93603924285162,-0.4071497469905234,-23.95897134729908,False,False
train_tokens_per_second,efficiency,higher_is_better,mla_121m,31415,3650.0937318890533,3649.363561651568,3661.25241457829,-0.7301702374852539,11.888852926721938,11.158682689236684,0.3057094833414502,15.033769606610798,False,False
train_tokens_per_second,efficiency,higher_is_better,mla_121m,4441,3660.9552345821007,3622.731699773301,3664.9191091262073,-38.22353480879974,42.18740935290634,3.963874544106602,0.10827432432560405,0.35202601683061613,False,False
train_tokens_per_second,efficiency,higher_is_better,mla_121m,5501,3661.827499800101,3663.7441278241695,3665.202260562399,1.916628024068359,1.4581327382293239,3.374760762297683,0.09216056088065074,4.827573230613563,False,True
train_tokens_per_second,efficiency,higher_is_better,mla_121m,6173,3650.8653104797195,3642.8108476586735,3663.71561040387,-8.054462821045945,20.90476274519642,12.850299924150477,0.3519795673443226,16.36498883875019,False,False
train_tokens_per_second,efficiency,higher_is_better,mla_121m,8191,3653.2107622805056,3673.0564226116753,3658.657148133964,19.84566033116971,-14.399274477711515,5.446385853458196,0.1490849066167293,9.992251611028479,False,False
train_tokens_per_second,efficiency,higher_is_better,mla_121m,10007,3672.0104413215295,3650.254609372948,3653.860123330521,-21.755831948581545,3.6055139575732937,-18.15031799100825,-0.4942883001301076,-27.468110794791027,False,False
train_tokens_per_second,efficiency,higher_is_better,mla_121m,11213,3633.670225180627,3672.2348269335957,3654.903657505502,38.56460175296888,-17.331169428093745,21.23343232487514,0.5843522116490261,33.85703663902652,False,False
train_tokens_per_second,efficiency,higher_is_better,mla_121m,12721,3640.3411029978884,3658.0469610347404,3663.7707242331335,17.705858036852078,5.723763198393044,23.429621235245122,0.6436106005547226,34.09399886242255,False,True
train_tokens_per_second,efficiency,higher_is_better,mtp_121m,1337,3629.019410717108,3617.6744064702907,3629.8246746524446,-11.345004246817098,12.150268182153923,0.8052639353368249,0.02218957366165484,-0.39887032180484117,False,False
train_tokens_per_second,efficiency,higher_is_better,mtp_121m,2027,3617.836507328225,3615.2114930004395,3629.494129976643,-2.6250143277852658,14.282636976203321,11.657622648418055,0.32222635336905314,15.461289467526163,False,False
train_tokens_per_second,efficiency,higher_is_better,mtp_121m,31415,3607.4915671169015,3595.6205218038876,3636.82908805562,-11.871045313013838,41.208566251732464,29.337520938718626,0.8132387946831737,38.218012217047814,False,False
train_tokens_per_second,efficiency,higher_is_better,mtp_121m,4441,3627.1696188060278,3603.2336699237953,3638.9147520523557,-23.935948882232424,35.68108212856032,11.745133246327896,0.3238098705236204,12.779743478626783,False,False
train_tokens_per_second,efficiency,higher_is_better,mtp_121m,5501,3624.7926771701523,3592.029429847003,3637.657226282913,-32.763247323149244,45.62779643591011,12.86454911276087,0.35490441132771555,13.137641724967214,False,False
train_tokens_per_second,efficiency,higher_is_better,mtp_121m,6173,3614.741717099135,3613.4752820211324,3639.6375288820036,-1.2664350780023597,26.162246860871164,24.895811782868805,0.6887300319439679,33.589053415575584,False,False
train_tokens_per_second,efficiency,higher_is_better,mtp_121m,8191,3622.7586615286978,3630.069497908188,3641.6490814237936,7.310836379490411,11.579583515605464,18.890419895095874,0.5214374364955537,26.57355885781745,False,True
train_tokens_per_second,efficiency,higher_is_better,mtp_121m,10007,3627.3366734853794,3611.797183081281,3620.248078773263,-15.53949040409816,8.450895691981714,-7.088594712116446,-0.1954214717352185,-11.653052673705062,False,False
train_tokens_per_second,efficiency,higher_is_better,mtp_121m,11213,3617.969288191786,3632.977016819761,3623.140472634241,15.007728627975212,-9.83654418551987,5.171184442455342,0.1429305787457315,8.983423467212102,False,False
train_tokens_per_second,efficiency,higher_is_better,mtp_121m,12721,3604.5335187072883,3624.627746107786,3624.234513674034,20.094227400497857,-0.39323243375201855,19.70099496674584,0.5465615693264881,29.352295319681872,False,False
train_tokens_per_second,efficiency,higher_is_better,moe_220m,1337,2198.7399840262656,2170.258606644957,2175.172365353566,-28.481377381308448,4.913758708608839,-23.56761867269961,-1.0718692907718586,-35.69697927413218,False,False
train_tokens_per_second,efficiency,higher_is_better,moe_220m,2027,2207.8873406713874,2181.8938942600153,2173.8448822905207,-25.993446411372133,-8.049011969494586,-34.04245838086672,-1.541856676913365,-49.57258239440866,True,False
train_tokens_per_second,efficiency,higher_is_better,moe_220m,31415,2183.940582477767,2175.690242842796,2192.9843234143827,-8.250339634970715,17.29408057158662,9.043740936615905,0.4141019682117644,11.178055811777707,False,False
train_tokens_per_second,efficiency,higher_is_better,moe_220m,4441,2168.2001783095366,2172.2237348527337,2188.9835615620264,4.023556543197174,16.75982670929261,20.783383252489784,0.9585546325659746,28.70822956261073,False,True
train_tokens_per_second,efficiency,higher_is_better,moe_220m,5501,2176.849218849257,2173.665501080842,2216.020552246868,-3.183717768414681,42.35505116602599,39.171333397611306,1.7994509246863852,52.69286496319624,False,False
train_tokens_per_second,efficiency,higher_is_better,moe_220m,6173,2166.551815870884,2181.760029047516,2187.715241084142,15.208213176631943,5.955212036625653,21.163425213257597,0.9768252509922354,30.69315016934213,False,True
train_tokens_per_second,efficiency,higher_is_better,moe_220m,8191,2185.5551844392103,2181.9177506869746,2188.0211219171642,-3.6374337522356655,6.103371230189623,2.4659374779539576,0.11282888190200012,2.865539282221971,False,False
train_tokens_per_second,efficiency,higher_is_better,moe_220m,10007,2183.392327898199,2175.205461440184,2181.4136296093757,-8.18686645801472,6.208168169191595,-1.978698288823125,-0.09062495381798293,-3.7585876874347597,False,False
train_tokens_per_second,efficiency,higher_is_better,moe_220m,11213,2179.2044073124503,2193.0700390294405,2178.030775895324,13.865631716990265,-15.039263134116482,-1.1736314171262165,-0.05385595831157584,0.2306158716447728,False,False
train_tokens_per_second,efficiency,higher_is_better,moe_220m,12721,2154.0928590506187,2187.0771250884904,2186.0158750872038,32.98426603787175,-1.0612500012866803,31.923016036585068,1.4819702828713994,47.61747091656236,False,False
train_tokens_per_second,efficiency,higher_is_better,mla_moe_220m,1337,2063.4532550523804,2033.8211810409582,2043.4518358621144,-29.63207401142222,9.630654821156213,-20.001419190266006,-0.969317775495635,-31.012878341867818,False,False
train_tokens_per_second,efficiency,higher_is_better,mla_moe_220m,2027,2044.3208349143074,2047.825960828256,2050.4004375731197,3.505125913948632,2.5744767448636594,6.079602658812291,0.29738984972322763,8.703708827368656,False,True
train_tokens_per_second,efficiency,higher_is_better,mla_moe_220m,31415,2028.9362702060666,2028.1604940233344,2056.058397434891,-0.7757761827322156,27.897903411556626,27.12212722882441,1.3367658524863268,36.67211676914153,False,False
train_tokens_per_second,efficiency,higher_is_better,mla_moe_220m,4441,2032.0995685042446,2040.6703887013512,2051.665130483931,8.570820197106514,10.994741782579922,19.565561979686436,0.9628249660073469,27.6545215342105,False,True
train_tokens_per_second,efficiency,higher_is_better,mla_moe_220m,5501,2045.4874851196107,2029.2884263285744,2063.5890077278777,-16.19905879103635,34.30058139930338,18.101522608267032,0.8849490764402569,22.414781132383727,False,False
train_tokens_per_second,efficiency,higher_is_better,mla_moe_220m,6173,2038.2743376401284,2033.1566769716287,2027.7805930860334,-5.117660668499639,-5.376083885595335,-10.493744554094974,-0.514834748213747,-14.900589690930888,True,False
train_tokens_per_second,efficiency,higher_is_better,mla_moe_220m,8191,2043.4736111633651,2047.4464176187557,2040.9280876576772,3.9728064553905824,-6.518329961078507,-2.5455235056879246,-0.12456845499652616,-2.9293804484870876,False,False
train_tokens_per_second,efficiency,higher_is_better,mla_moe_220m,10007,2040.351059784136,2050.3058964344373,2047.4175277652785,9.954836650301331,-2.888368669158808,7.066467981142523,0.3463358889763871,10.889243395900445,False,False
train_tokens_per_second,efficiency,higher_is_better,mla_moe_220m,11213,2035.4273462739536,2046.9888500692848,2035.6301944430331,11.561503795331191,-11.358655626251675,0.20284816907951608,0.009965876180785782,1.7941857298881787,False,False
train_tokens_per_second,efficiency,higher_is_better,mla_moe_220m,12721,2027.736962649394,2047.0707437431051,2057.8622116419488,19.333781093711195,10.79146789884362,30.125248992554816,1.4856586207904336,43.38629767212928,False,True
train_tokens_per_second,efficiency,higher_is_better,v3_routing_220m,1337,2210.896321555481,2183.9267091906536,2188.3629402397974,-26.9696123648273,4.436231049143771,-22.533381315683528,-1.019196653230221,-34.09604708270296,False,False
train_tokens_per_second,efficiency,higher_is_better,v3_routing_220m,2027,2197.519196595498,2184.6244110680336,2180.9653494864647,-12.894785527464592,-3.659061581568949,-16.55384710903354,-0.7532970421682573,-24.139187985730153,True,False
train_tokens_per_second,efficiency,higher_is_better,v3_routing_220m,31415,2165.7553926153346,2166.7333504942544,2202.8750871451502,0.977957878919824,36.14173665089584,37.11969452981566,1.7139375322062784,50.45794428577753,False,True
train_tokens_per_second,efficiency,higher_is_better,v3_routing_220m,4441,1811.421640045075,2174.441592269998,2203.375101651922,363.01995222492314,28.933509381923614,391.95346160684676,21.637892191521654,579.1373852413908,False,True
train_tokens_per_second,efficiency,higher_is_better,v3_routing_220m,5501,2192.68867916316,2171.403627464527,2180.573609079482,-21.285051698633197,9.169981614955304,-12.115070083677892,-0.5525212128290647,-19.223245975751745,False,False
train_tokens_per_second,efficiency,higher_is_better,v3_routing_220m,6173,2182.5200069856487,2177.0663193949567,2184.1147122401994,-5.45368759069197,7.048392845242688,1.5947052545507177,0.07306715399842856,1.4456116951925835,False,False
train_tokens_per_second,efficiency,higher_is_better,v3_routing_220m,8191,2193.2845828131967,2194.123758057617,2180.7289171688353,0.839175244420403,-13.3948408887818,-12.555665644361397,-0.5724594857753017,-16.913572533856694,False,False
train_tokens_per_second,efficiency,higher_is_better,v3_routing_220m,10007,2190.6060368253006,2184.9226778325155,2187.9240819929855,-5.683358992785088,3.001404160469974,-2.681954832315114,-0.12242981107647692,-4.383157358510241,False,False
train_tokens_per_second,efficiency,higher_is_better,v3_routing_220m,11213,2163.4782499819275,2172.2519873197584,2185.2502294447104,8.77373733783088,12.998242124951958,21.771979462782838,1.006341499525808,30.67279737195873,False,True
train_tokens_per_second,efficiency,higher_is_better,v3_routing_220m,12721,2165.327350317063,2192.0277199585207,2192.9658225448493,26.700369641457655,0.9381025863285686,27.638472227786224,1.2764108033706403,40.98250385442176,False,True
trainable_parameters,efficiency,descriptive_only,dense_121m,1337,120945408.0,120945408.0,120945408.0,0.0,0.0,0.0,0.0,0.0,True,True
trainable_parameters,efficiency,descriptive_only,dense_121m,2027,120945408.0,120945408.0,120945408.0,0.0,0.0,0.0,0.0,0.0,True,True
trainable_parameters,efficiency,descriptive_only,dense_121m,31415,120945408.0,120945408.0,120945408.0,0.0,0.0,0.0,0.0,0.0,True,True
trainable_parameters,efficiency,descriptive_only,dense_121m,4441,120945408.0,120945408.0,120945408.0,0.0,0.0,0.0,0.0,0.0,True,True
trainable_parameters,efficiency,descriptive_only,dense_121m,5501,120945408.0,120945408.0,120945408.0,0.0,0.0,0.0,0.0,0.0,True,True
trainable_parameters,efficiency,descriptive_only,dense_121m,6173,120945408.0,120945408.0,120945408.0,0.0,0.0,0.0,0.0,0.0,True,True
trainable_parameters,efficiency,descriptive_only,dense_121m,8191,120945408.0,120945408.0,120945408.0,0.0,0.0,0.0,0.0,0.0,True,True
trainable_parameters,efficiency,descriptive_only,dense_121m,10007,120945408.0,120945408.0,120945408.0,0.0,0.0,0.0,0.0,0.0,True,True
trainable_parameters,efficiency,descriptive_only,dense_121m,11213,120945408.0,120945408.0,120945408.0,0.0,0.0,0.0,0.0,0.0,True,True
trainable_parameters,efficiency,descriptive_only,dense_121m,12721,120945408.0,120945408.0,120945408.0,0.0,0.0,0.0,0.0,0.0,True,True
trainable_parameters,efficiency,descriptive_only,mla_121m,1337,137460480.0,137460480.0,137460480.0,0.0,0.0,0.0,0.0,0.0,True,True
trainable_parameters,efficiency,descriptive_only,mla_121m,2027,137460480.0,137460480.0,137460480.0,0.0,0.0,0.0,0.0,0.0,True,True
trainable_parameters,efficiency,descriptive_only,mla_121m,31415,137460480.0,137460480.0,137460480.0,0.0,0.0,0.0,0.0,0.0,True,True
trainable_parameters,efficiency,descriptive_only,mla_121m,4441,137460480.0,137460480.0,137460480.0,0.0,0.0,0.0,0.0,0.0,True,True
trainable_parameters,efficiency,descriptive_only,mla_121m,5501,137460480.0,137460480.0,137460480.0,0.0,0.0,0.0,0.0,0.0,True,True
trainable_parameters,efficiency,descriptive_only,mla_121m,6173,137460480.0,137460480.0,137460480.0,0.0,0.0,0.0,0.0,0.0,True,True
trainable_parameters,efficiency,descriptive_only,mla_121m,8191,137460480.0,137460480.0,137460480.0,0.0,0.0,0.0,0.0,0.0,True,True
trainable_parameters,efficiency,descriptive_only,mla_121m,10007,137460480.0,137460480.0,137460480.0,0.0,0.0,0.0,0.0,0.0,True,True
trainable_parameters,efficiency,descriptive_only,mla_121m,11213,137460480.0,137460480.0,137460480.0,0.0,0.0,0.0,0.0,0.0,True,True
trainable_parameters,efficiency,descriptive_only,mla_121m,12721,137460480.0,137460480.0,137460480.0,0.0,0.0,0.0,0.0,0.0,True,True
trainable_parameters,efficiency,descriptive_only,mtp_121m,1337,136305408.0,136305408.0,136305408.0,0.0,0.0,0.0,0.0,0.0,True,True
trainable_parameters,efficiency,descriptive_only,mtp_121m,2027,136305408.0,136305408.0,136305408.0,0.0,0.0,0.0,0.0,0.0,True,True
trainable_parameters,efficiency,descriptive_only,mtp_121m,31415,136305408.0,136305408.0,136305408.0,0.0,0.0,0.0,0.0,0.0,True,True
trainable_parameters,efficiency,descriptive_only,mtp_121m,4441,136305408.0,136305408.0,136305408.0,0.0,0.0,0.0,0.0,0.0,True,True
trainable_parameters,efficiency,descriptive_only,mtp_121m,5501,136305408.0,136305408.0,136305408.0,0.0,0.0,0.0,0.0,0.0,True,True
trainable_parameters,efficiency,descriptive_only,mtp_121m,6173,136305408.0,136305408.0,136305408.0,0.0,0.0,0.0,0.0,0.0,True,True
trainable_parameters,efficiency,descriptive_only,mtp_121m,8191,136305408.0,136305408.0,136305408.0,0.0,0.0,0.0,0.0,0.0,True,True
trainable_parameters,efficiency,descriptive_only,mtp_121m,10007,136305408.0,136305408.0,136305408.0,0.0,0.0,0.0,0.0,0.0,True,True
trainable_parameters,efficiency,descriptive_only,mtp_121m,11213,136305408.0,136305408.0,136305408.0,0.0,0.0,0.0,0.0,0.0,True,True
trainable_parameters,efficiency,descriptive_only,mtp_121m,12721,136305408.0,136305408.0,136305408.0,0.0,0.0,0.0,0.0,0.0,True,True
trainable_parameters,efficiency,descriptive_only,moe_220m,1337,220146432.0,220146432.0,220146432.0,0.0,0.0,0.0,0.0,0.0,True,True
trainable_parameters,efficiency,descriptive_only,moe_220m,2027,220146432.0,220146432.0,220146432.0,0.0,0.0,0.0,0.0,0.0,True,True
trainable_parameters,efficiency,descriptive_only,moe_220m,31415,220146432.0,220146432.0,220146432.0,0.0,0.0,0.0,0.0,0.0,True,True
trainable_parameters,efficiency,descriptive_only,moe_220m,4441,220146432.0,220146432.0,220146432.0,0.0,0.0,0.0,0.0,0.0,True,True
trainable_parameters,efficiency,descriptive_only,moe_220m,5501,220146432.0,220146432.0,220146432.0,0.0,0.0,0.0,0.0,0.0,True,True
trainable_parameters,efficiency,descriptive_only,moe_220m,6173,220146432.0,220146432.0,220146432.0,0.0,0.0,0.0,0.0,0.0,True,True
trainable_parameters,efficiency,descriptive_only,moe_220m,8191,220146432.0,220146432.0,220146432.0,0.0,0.0,0.0,0.0,0.0,True,True
trainable_parameters,efficiency,descriptive_only,moe_220m,10007,220146432.0,220146432.0,220146432.0,0.0,0.0,0.0,0.0,0.0,True,True
trainable_parameters,efficiency,descriptive_only,moe_220m,11213,220146432.0,220146432.0,220146432.0,0.0,0.0,0.0,0.0,0.0,True,True
trainable_parameters,efficiency,descriptive_only,moe_220m,12721,220146432.0,220146432.0,220146432.0,0.0,0.0,0.0,0.0,0.0,True,True
trainable_parameters,efficiency,descriptive_only,mla_moe_220m,1337,236661504.0,236661504.0,236661504.0,0.0,0.0,0.0,0.0,0.0,True,True
trainable_parameters,efficiency,descriptive_only,mla_moe_220m,2027,236661504.0,236661504.0,236661504.0,0.0,0.0,0.0,0.0,0.0,True,True
trainable_parameters,efficiency,descriptive_only,mla_moe_220m,31415,236661504.0,236661504.0,236661504.0,0.0,0.0,0.0,0.0,0.0,True,True
trainable_parameters,efficiency,descriptive_only,mla_moe_220m,4441,236661504.0,236661504.0,236661504.0,0.0,0.0,0.0,0.0,0.0,True,True
trainable_parameters,efficiency,descriptive_only,mla_moe_220m,5501,236661504.0,236661504.0,236661504.0,0.0,0.0,0.0,0.0,0.0,True,True
trainable_parameters,efficiency,descriptive_only,mla_moe_220m,6173,236661504.0,236661504.0,236661504.0,0.0,0.0,0.0,0.0,0.0,True,True
trainable_parameters,efficiency,descriptive_only,mla_moe_220m,8191,236661504.0,236661504.0,236661504.0,0.0,0.0,0.0,0.0,0.0,True,True
trainable_parameters,efficiency,descriptive_only,mla_moe_220m,10007,236661504.0,236661504.0,236661504.0,0.0,0.0,0.0,0.0,0.0,True,True
trainable_parameters,efficiency,descriptive_only,mla_moe_220m,11213,236661504.0,236661504.0,236661504.0,0.0,0.0,0.0,0.0,0.0,True,True
trainable_parameters,efficiency,descriptive_only,mla_moe_220m,12721,236661504.0,236661504.0,236661504.0,0.0,0.0,0.0,0.0,0.0,True,True
trainable_parameters,efficiency,descriptive_only,v3_routing_220m,1337,220146432.0,220146432.0,220146432.0,0.0,0.0,0.0,0.0,0.0,True,True
trainable_parameters,efficiency,descriptive_only,v3_routing_220m,2027,220146432.0,220146432.0,220146432.0,0.0,0.0,0.0,0.0,0.0,True,True
trainable_parameters,efficiency,descriptive_only,v3_routing_220m,31415,220146432.0,220146432.0,220146432.0,0.0,0.0,0.0,0.0,0.0,True,True
trainable_parameters,efficiency,descriptive_only,v3_routing_220m,4441,220146432.0,220146432.0,220146432.0,0.0,0.0,0.0,0.0,0.0,True,True
trainable_parameters,efficiency,descriptive_only,v3_routing_220m,5501,220146432.0,220146432.0,220146432.0,0.0,0.0,0.0,0.0,0.0,True,True
trainable_parameters,efficiency,descriptive_only,v3_routing_220m,6173,220146432.0,220146432.0,220146432.0,0.0,0.0,0.0,0.0,0.0,True,True
trainable_parameters,efficiency,descriptive_only,v3_routing_220m,8191,220146432.0,220146432.0,220146432.0,0.0,0.0,0.0,0.0,0.0,True,True
trainable_parameters,efficiency,descriptive_only,v3_routing_220m,10007,220146432.0,220146432.0,220146432.0,0.0,0.0,0.0,0.0,0.0,True,True
trainable_parameters,efficiency,descriptive_only,v3_routing_220m,11213,220146432.0,220146432.0,220146432.0,0.0,0.0,0.0,0.0,0.0,True,True
trainable_parameters,efficiency,descriptive_only,v3_routing_220m,12721,220146432.0,220146432.0,220146432.0,0.0,0.0,0.0,0.0,0.0,True,True
validation_loss,quality,lower_is_better,dense_121m,1337,5.010542912483215,4.591437788009643,4.413815379142761,-0.41910512447357195,-0.17762240886688208,-0.596727533340454,-11.90943863296277,-0.8641536413192283,True,False
validation_loss,quality,lower_is_better,dense_121m,2027,5.03985182762146,4.598965830802918,4.41679119348526,-0.4408859968185421,-0.18217463731765804,-0.6230606341362002,-12.36267762320805,-0.9027198239313804,True,False
validation_loss,quality,lower_is_better,dense_121m,31415,5.002737498283386,4.585212154388428,4.410975000858307,-0.4175253438949582,-0.17423715353012081,-0.591762497425079,-11.828773698962488,-0.8572141241386577,True,False
validation_loss,quality,lower_is_better,dense_121m,4441,5.00126169204712,4.591076664924621,4.415515968799591,-0.41018502712249827,-0.17556069612503045,-0.5857457232475287,-11.711959087823114,-0.8480916688434929,True,False
validation_loss,quality,lower_is_better,dense_121m,5501,5.028018565177917,4.591331214904785,4.414704790115357,-0.4366873502731323,-0.17662642478942825,-0.6133137750625606,-12.197921847586862,-0.8889526690721823,True,False
validation_loss,quality,lower_is_better,dense_121m,6173,5.023905034065247,4.6034186697006225,4.418850474357605,-0.42048636436462417,-0.18456819534301783,-0.605054559707642,-12.043511085599555,-0.8756254894406944,True,False
validation_loss,quality,lower_is_better,dense_121m,8191,5.010300731658935,4.596622920036316,4.425653915405274,-0.41367781162261963,-0.1709690046310417,-0.5846468162536613,-11.668896690360578,-0.8470606373044544,True,False
validation_loss,quality,lower_is_better,dense_121m,10007,5.021801533699036,4.595331959724426,4.425504629611969,-0.42646957397461005,-0.1698273301124571,-0.5962969040870671,-11.874163088397435,-0.8645374331164134,True,False
validation_loss,quality,lower_is_better,dense_121m,11213,5.039705038070679,4.5933767557144165,4.408506515026093,-0.4463282823562622,-0.18487024068832358,-0.6311985230445858,-12.524513206158268,-0.914468836798468,True,False
validation_loss,quality,lower_is_better,dense_121m,12721,5.049073481559754,4.621394553184509,4.422677891254425,-0.42767892837524446,-0.1987166619300842,-0.6263955903053287,-12.406149219120163,-0.905506214724884,True,False
validation_loss,quality,lower_is_better,mla_121m,1337,5.082375574111938,4.636013627052307,4.457189702987671,-0.44636194705963117,-0.17882392406463588,-0.625185871124267,-12.301056110626142,-0.9063208918740795,True,False
validation_loss,quality,lower_is_better,mla_121m,2027,5.088137555122375,4.638378939628601,4.45543247461319,-0.44975861549377427,-0.18294646501541134,-0.6327050805091856,-12.434905181999712,-0.9169622678222095,True,False
validation_loss,quality,lower_is_better,mla_121m,31415,5.076140112876892,4.641139874458313,4.462382535934449,-0.4350002384185796,-0.1787573385238641,-0.6137575769424437,-12.09102907513319,-0.8893327243717419,True,False
validation_loss,quality,lower_is_better,mla_121m,4441,5.016890120506287,4.620917696952819,4.457079436779022,-0.3959724235534674,-0.16383826017379732,-0.5598106837272647,-11.158519925303258,-0.8110596551300473,True,False
validation_loss,quality,lower_is_better,mla_121m,5501,5.081126089096069,4.640361032485962,4.4633503246307376,-0.44076505661010756,-0.17701070785522433,-0.6177757644653319,-12.158245114032074,-0.8955383417358768,True,False
validation_loss,quality,lower_is_better,mla_121m,6173,5.138198909759521,4.675508689880371,4.485051980018616,-0.4626902198791498,-0.19045670986175534,-0.6531469297409052,-12.711592937757132,-0.9463779152742697,True,False
validation_loss,quality,lower_is_better,mla_121m,8191,5.084102411270141,4.6468532228469845,4.481629219055176,-0.43724918842315663,-0.1652240037918089,-0.6024731922149655,-11.850138794990404,-0.8743280828023455,True,False
validation_loss,quality,lower_is_better,mla_121m,10007,5.070838432312012,4.645402798652649,4.473752200603485,-0.42543563365936343,-0.1716505980491636,-0.597086231708527,-11.774901521291222,-0.8654718010248329,True,False
validation_loss,quality,lower_is_better,mla_121m,11213,5.040488882064819,4.61867467880249,4.44751650094986,-0.4218142032623291,-0.17115817785263054,-0.5929723811149596,-11.764183891465118,-0.8594181124006327,True,False
validation_loss,quality,lower_is_better,mla_121m,12721,5.08952679157257,4.6554359483718875,4.471390347480774,-0.4340908432006829,-0.1840456008911131,-0.618136444091796,-12.145263585513089,-0.8951504025546425,True,False
validation_loss,quality,lower_is_better,mtp_121m,1337,5.009670815467834,4.587740163803101,4.396453225612641,-0.4219306516647334,-0.19128693819046028,-0.6132175898551937,-12.240676332700865,-0.8868832644293073,True,False
validation_loss,quality,lower_is_better,mtp_121m,2027,5.045757584571838,4.595658249855042,4.40369558095932,-0.4500993347167963,-0.1919626688957221,-0.6420620036125184,-12.724788950934137,-0.9296937994177137,True,False
validation_loss,quality,lower_is_better,mtp_121m,31415,5.054121799468994,4.58462516784668,4.392371289730072,-0.4694966316223148,-0.19225387811660788,-0.6617505097389227,-13.093283778963317,-0.9589375867324719,True,False
validation_loss,quality,lower_is_better,mtp_121m,4441,5.029954085350036,4.59845272064209,4.410480535030365,-0.4315013647079464,-0.18797218561172535,-0.6194735503196718,-12.31568996074767,-0.8966230930070053,True,False
validation_loss,quality,lower_is_better,mtp_121m,5501,4.991040110588074,4.5947574567794796,4.421631121635437,-0.3962826538085942,-0.1731263351440422,-0.5694089889526364,-11.408623780535901,-0.8241144630955786,True,False
validation_loss,quality,lower_is_better,mtp_121m,6173,5.011355180740356,4.582125868797302,4.394934310913086,-0.4292293119430539,-0.1871915578842165,-0.6164208698272704,-12.300482556021961,-0.8921855165861622,True,False
validation_loss,quality,lower_is_better,mtp_121m,8191,4.989459028244019,4.559765419960022,4.393142654895782,-0.42969360828399683,-0.1666227650642398,-0.5963163733482366,-11.951523601509624,-0.8649874602323585,True,False
validation_loss,quality,lower_is_better,mtp_121m,10007,5.025440711975097,4.587992253303528,4.388782823085785,-0.437448458671569,-0.19920943021774296,-0.636657888889312,-12.668697640233285,-0.9207042370281032,True,False
validation_loss,quality,lower_is_better,mtp_121m,11213,5.035873055458069,4.580157718658447,4.389464988708496,-0.4557153367996216,-0.19069272994995146,-0.6464080667495731,-12.836067542428847,-0.936324419132168,True,False
validation_loss,quality,lower_is_better,mtp_121m,12721,5.028060746192932,4.604061307907105,4.406814534664154,-0.4239994382858274,-0.19724677324295126,-0.6212462115287787,-12.35558285565989,-0.8980408566480376,True,False
validation_loss,quality,lower_is_better,moe_220m,1337,4.982740073204041,4.597828526496887,4.3878645324707035,-0.384911546707154,-0.20996399402618326,-0.5948755407333373,-11.938723112057012,-0.857149638735648,True,False
validation_loss,quality,lower_is_better,moe_220m,2027,4.967903270721435,4.554027361869812,4.377377479076386,-0.4138759088516233,-0.1766498827934262,-0.5905257916450495,-11.88682145091955,-0.8550577872547969,True,False
validation_loss,quality,lower_is_better,moe_220m,31415,4.961135277748108,4.563076300621033,4.383457946777344,-0.39805897712707505,-0.17961835384368907,-0.5776773309707641,-11.64405521376905,-0.8355586558159687,True,False
validation_loss,quality,lower_is_better,moe_220m,4441,4.976585335731507,4.581375322341919,4.384979677200318,-0.3952100133895877,-0.19639564514160135,-0.5916056585311891,-11.887782859534331,-0.8540692973486157,True,False
validation_loss,quality,lower_is_better,moe_220m,5501,4.968844532966614,4.5742539167404175,4.385798540115356,-0.3945906162261963,-0.18845537662506118,-0.5830459928512575,-11.734035729694162,-0.8423821248581208,True,False
validation_loss,quality,lower_is_better,moe_220m,6173,4.983359966278076,4.588406610488891,4.385251336097717,-0.3949533557891849,-0.20315527439117442,-0.5981086301803593,-12.002115725689166,-0.8628527509349843,True,False
validation_loss,quality,lower_is_better,moe_220m,8191,4.9708214855194095,4.5880322265625,4.400483725070953,-0.3827892589569091,-0.18754850149154745,-0.5703377604484565,-11.47371238556681,-0.823600760158827,True,False
validation_loss,quality,lower_is_better,moe_220m,10007,4.97149151802063,4.571568922996521,4.389926397800446,-0.3999225950241092,-0.18164252519607516,-0.5815651202201844,-11.698000853710216,-0.8410748630841534,True,False
validation_loss,quality,lower_is_better,moe_220m,11213,4.960887570381164,4.557565808296204,4.380976192951202,-0.4033217620849605,-0.1765896153450015,-0.579911377429962,-11.689669826268712,-0.8392792458089764,True,False
validation_loss,quality,lower_is_better,moe_220m,12721,4.956976222991943,4.563816108703613,4.388684496879578,-0.39316011428832986,-0.17513161182403536,-0.5682917261123652,-11.464483599426151,-0.8221893078316646,True,False
validation_loss,quality,lower_is_better,mla_moe_220m,1337,5.0005859804153445,4.605242600440979,4.427925455570221,-0.3953433799743653,-0.17731714487075845,-0.5726605248451238,-11.451868382784191,-0.8283997018002397,True,False
validation_loss,quality,lower_is_better,mla_moe_220m,2027,5.024278535842895,4.615014266967774,4.429646024703979,-0.4092642688751216,-0.18536824226379434,-0.5946325111389159,-11.835182044483481,-0.8600200039650611,True,False
validation_loss,quality,lower_is_better,mla_moe_220m,31415,5.037221875190735,4.621018161773682,4.437074370384217,-0.41620371341705287,-0.18394379138946526,-0.6001475048065181,-11.914255906859244,-0.8684094370977384,True,False
validation_loss,quality,lower_is_better,mla_moe_220m,4441,4.994745092391968,4.610363845825195,4.428687889575958,-0.38438124656677264,-0.18167595624923738,-0.56605720281601,-11.333054887590409,-0.8180060675883907,True,False
validation_loss,quality,lower_is_better,mla_moe_220m,5501,5.026114430427551,4.613008084297181,4.4384384441375735,-0.41310634613037056,-0.17456964015960708,-0.5876759862899776,-11.69245138415972,-0.8510927060537832,True,False
validation_loss,quality,lower_is_better,mla_moe_220m,6173,4.992975482940674,4.610475754737854,4.4289761471748355,-0.38249972820281997,-0.1814996075630182,-0.5639993357658382,-11.295856302375912,-0.8149686430385035,True,False
validation_loss,quality,lower_is_better,mla_moe_220m,8191,5.000658626556397,4.601074109077453,4.434100689888001,-0.3995845174789432,-0.16697341918945252,-0.5665579366683957,-11.329666329543965,-0.8206826655872759,True,False
validation_loss,quality,lower_is_better,mla_moe_220m,10007,5.03117329120636,4.619457764625549,4.433446598052979,-0.411715526580811,-0.18601116657257055,-0.5977266931533816,-11.880463235049103,-0.8645373980556201,True,False
validation_loss,quality,lower_is_better,mla_moe_220m,11213,5.0577370023727415,4.615940542221069,4.427776000499725,-0.4417964601516724,-0.18816454172134378,-0.6299610018730162,-12.455392630686054,-0.9121954510750496,True,False
validation_loss,quality,lower_is_better,mla_moe_220m,12721,5.0509145021438595,4.640058860778809,4.443242726325988,-0.4108556413650506,-0.19681613445282053,-0.6076717758178711,-12.030925796901629,-0.8779086408088522,True,False
validation_loss,quality,lower_is_better,v3_routing_220m,1337,4.955051074028015,4.568220481872559,4.389537134170532,-0.386830592155456,-0.17868334770202665,-0.5655139398574827,-11.412878119897364,-0.8175913115367088,True,False
validation_loss,quality,lower_is_better,v3_routing_220m,2027,4.973963537216187,4.567547717094421,4.389232478141785,-0.40641582012176514,-0.1783152389526368,-0.5847310590744019,-11.755837265378558,-0.8462206535824222,True,False
validation_loss,quality,lower_is_better,v3_routing_220m,31415,4.969941239356995,4.578520503044128,4.386140849590301,-0.3914207363128668,-0.1923796534538269,-0.5838003897666937,-11.74662559676913,-0.8429884746453358,True,False
validation_loss,quality,lower_is_better,v3_routing_220m,4441,4.985671200752258,4.582013196945191,4.39297039270401,-0.4036580038070676,-0.18904280424118092,-0.5927008080482485,-11.888084556374666,-0.8566642196210261,True,False
validation_loss,quality,lower_is_better,v3_routing_220m,5501,4.985244517326355,4.572850742340088,4.386574988365173,-0.41239377498626695,-0.1862757539749147,-0.5986695289611816,-12.008829795218453,-0.8659048799015558,True,False
validation_loss,quality,lower_is_better,v3_routing_220m,6173,4.991824941635132,4.588345732688904,4.3907927536964415,-0.40347920894622824,-0.19755297899246216,-0.6010321879386904,-12.040329838606382,-0.8679369862221291,True,False
validation_loss,quality,lower_is_better,v3_routing_220m,8191,4.980957555770874,4.5800872421264645,4.4089886403083804,-0.4008703136444094,-0.171098601818084,-0.5719689154624934,-11.48311161173854,-0.8281881941418848,True,False
validation_loss,quality,lower_is_better,v3_routing_220m,10007,4.974135565757751,4.574943222999573,4.3941803598403935,-0.3991923427581785,-0.18076286315917933,-0.5799552059173578,-11.659416963015733,-0.8387960770171291,True,False
validation_loss,quality,lower_is_better,v3_routing_220m,11213,4.970754518508911,4.567799167633057,4.385808789730072,-0.4029553508758541,-0.18199037790298433,-0.5849457287788384,-11.767745250761367,-0.8460570213245012,True,False
validation_loss,quality,lower_is_better,v3_routing_220m,12721,5.006309819221497,4.57842291355133,4.389738433361053,-0.4278869056701664,-0.18868448019027717,-0.6165713858604436,-12.315885514978438,-0.8922132080734704,True,False
validation_perplexity,quality,lower_is_better,dense_121m,1337,149.9861433981014,98.63614612699413,82.58395226476654,-51.34999727110727,-16.052193862227597,-67.40219113333487,-44.93894542940029,-98.1357919255761,True,False
validation_perplexity,quality,lower_is_better,dense_121m,2027,154.4471285319663,99.38148520830242,82.83007279725544,-55.06564332366389,-16.551412411046982,-71.61705573471087,-46.369949649072375,-104.3388219931477,True,False
validation_perplexity,quality,lower_is_better,dense_121m,31415,148.8199964750898,98.02398115403327,82.34971541821577,-50.79601532105653,-15.6742657358175,-66.47028105687403,-44.66488552027358,-96.79945221471121,True,False
validation_perplexity,quality,lower_is_better,dense_121m,4441,148.6005289817918,98.60053276840007,82.72451316413868,-49.999996213391725,-15.876019604261387,-65.87601581765311,-44.33094301146464,-95.88911164839655,True,False
validation_perplexity,quality,lower_is_better,dense_121m,5501,152.63028591455063,98.62563472677635,82.65743601185248,-54.00465118777427,-15.968198714923872,-69.97284990269814,-45.84466934817388,-101.9700827843211,True,False
validation_perplexity,quality,lower_is_better,dense_121m,6173,152.0037260549521,99.82500167220228,83.00081892860356,-52.17872438274982,-16.824182743598712,-69.00290712634853,-45.39553662086068,-100.4150456165883,True,False
validation_perplexity,quality,lower_is_better,dense_121m,8191,149.94982402836763,99.14891580766891,83.56743539237583,-50.800908220698716,-15.581480415293086,-66.3823886359918,-44.26973427020063,-96.68092451920546,True,False
validation_perplexity,quality,lower_is_better,dense_121m,10007,151.6843222123526,99.0210010765799,83.55496089264479,-52.663321135772705,-15.466040183935121,-68.12936131970783,-44.91522942254319,-99.29430662980162,True,False
validation_perplexity,quality,lower_is_better,dense_121m,11213,154.4244589712177,98.82758396477273,82.14668700189847,-55.59687500644496,-16.680896962874257,-72.27777196931922,-46.80461401700016,-105.30446905626928,True,False
validation_perplexity,quality,lower_is_better,dense_121m,12721,155.87797374296116,101.63566969286357,83.31910638626508,-54.24230405009759,-18.316563306598496,-72.55886735669608,-46.54850561269408,-105.5076106362451,True,False
validation_perplexity,quality,lower_is_better,mla_121m,1337,161.15644062550837,103.13240282543137,86.24479471740102,-58.024037800077,-16.88760810803035,-74.91164590810735,-46.48380518789523,-109.19457968841847,True,False
validation_perplexity,quality,lower_is_better,mla_121m,2027,162.0877013528961,103.37663192006653,86.09337599457356,-58.71106943282956,-17.283255925492966,-75.99432535832253,-46.884695583947035,-110.75282528681386,True,False
validation_perplexity,quality,lower_is_better,mla_121m,31415,160.1546823454474,103.66244243425918,86.6938143618961,-56.492239911188236,-16.968628072363074,-73.46086798355131,-45.868698253291825,-107.02624078724993,True,False
validation_perplexity,quality,lower_is_better,mla_121m,4441,150.94116430275577,101.58721564413428,86.2352853551621,-49.35394865862149,-15.35193028897217,-64.70587894759366,-42.86827867433663,-94.21767044168979,True,False
validation_perplexity,quality,lower_is_better,mla_121m,5501,160.95520381510678,103.58173720552435,86.77775626793584,-57.37346660958244,-16.803980937588506,-74.17744754717094,-46.08577156186911,-108.11361960075328,True,False
validation_perplexity,quality,lower_is_better,mla_121m,6173,170.40857054560524,107.28712909016203,88.68156036231586,-63.12144145544322,-18.605568727846162,-81.72701018328938,-47.959448237620975,-119.10510585510694,True,False
validation_perplexity,quality,lower_is_better,mla_121m,8191,161.4349719753923,104.25639720229277,88.37854345238362,-57.17857477309953,-15.87785374990915,-73.05642852300868,-45.2544003502195,-106.5680563944181,True,False
validation_perplexity,quality,lower_is_better,mla_121m,10007,159.30784020551212,104.10529081204903,87.68511868016958,-55.20254939346309,-16.420172131879454,-71.62272152534254,-44.95869219804059,-104.36449314863448,True,False
validation_perplexity,quality,lower_is_better,mla_121m,11213,154.5455511084029,101.35960903390854,85.41455341318236,-53.18594207449435,-15.94505562072618,-69.13099769522053,-44.73179408880556,-100.72106531668773,True,False
validation_perplexity,quality,lower_is_better,mla_121m,12721,162.31303598104242,105.15505218173539,87.47826368551621,-57.15798379930703,-17.676788496219174,-74.83477229552621,-46.10521381921945,-108.97655199730606,True,False
validation_perplexity,quality,lower_is_better,mtp_121m,1337,149.85539794973965,98.27210019274676,81.16249251503515,-51.58329775699289,-17.109607677711608,-68.6929054347045,-45.83946015594552,-99.91648649069516,True,False
validation_perplexity,quality,lower_is_better,mtp_121m,2027,155.36195444557146,99.05331592367602,81.7524338303538,-56.30863852189543,-17.30088209332223,-73.60952061521766,-47.3793734623785,-107.2036695593097,True,False
validation_perplexity,quality,lower_is_better,mtp_121m,31415,156.66688497132208,97.96645928026177,80.83186767828967,-58.7004256910603,-17.134591601972105,-75.83501729303241,-48.4052627375045,-110.5354258601366,True,False
validation_perplexity,quality,lower_is_better,mtp_121m,4441,152.9259909910697,99.3305046388865,82.30900636344836,-53.595486352183215,-17.021498275438134,-70.61698462762135,-46.17722871695833,-102.78968194506068,True,False
validation_perplexity,quality,lower_is_better,mtp_121m,5501,147.08933313322768,98.96412955784159,83.23193610857747,-48.125203575386095,-15.732193449264116,-63.85739702465021,-43.41402307318282,-92.90578633600899,True,False
validation_perplexity,quality,lower_is_better,mtp_121m,6173,150.10802187370203,97.72191752049966,81.0393071897856,-52.38610435320237,-16.682610330714056,-69.06871468391643,-46.01267395424709,-100.53152120881325,True,False
validation_perplexity,quality,lower_is_better,mtp_121m,8191,146.85695653728675,95.56106048321494,80.89424261913153,-51.295896054071804,-14.666817864083413,-65.96271391815522,-44.916301871888095,-96.1769406335918,True,False
validation_perplexity,quality,lower_is_better,mtp_121m,10007,152.23733414675277,98.29687668020526,80.54232503509492,-53.940457466547514,-17.75455164511034,-71.69500911165785,-47.09423579537051,-104.29667019639801,True,False
validation_perplexity,quality,lower_is_better,mtp_121m,11213,153.83383947402595,97.52977525939522,80.59728698485199,-56.30406421463073,-16.932488274543232,-73.23655248917396,-47.607569790611365,-106.69737258591228,True,False
validation_perplexity,quality,lower_is_better,mtp_121m,12721,152.63672415071724,99.88917364971277,82.0078139390709,-52.74755050100447,-17.881359710641874,-70.62891021164634,-46.27255374133005,-102.6944350078979,True,False
validation_perplexity,quality,lower_is_better,moe_220m,1337,145.8735387187033,99.26852246591801,80.46839772247199,-46.605016252785276,-18.80012474344602,-65.4051409962313,-44.83687827876443,-94.80457593065488,True,False
validation_perplexity,quality,lower_is_better,moe_220m,2027,143.72521834892214,95.01429575109654,79.62893079980218,-48.7109225978256,-15.385364951294363,-64.09628754911996,-44.596409931006825,-93.30665248174172,True,False
validation_perplexity,quality,lower_is_better,moe_220m,31415,142.75577138667683,95.87797609570025,80.1145869535613,-46.87779529097658,-15.763389142138948,-62.64118443311553,-43.87996634016418,-91.09285532077557,True,False
validation_perplexity,quality,lower_is_better,moe_220m,4441,144.97848262678573,97.64860019916098,80.23659256413356,-47.32988242762475,-17.41200763502742,-64.74189006265217,-44.656206141511014,-94.00053999329127,True,False
validation_perplexity,quality,lower_is_better,moe_220m,5501,143.86056515906242,96.95567513936348,80.3023222423385,-46.90489001969894,-16.653352897024973,-63.55824291672391,-44.18044851029844,-92.33982666795183,True,False
validation_perplexity,quality,lower_is_better,moe_220m,6173,145.96399274805668,98.33761513690972,80.25839250934109,-47.626377611146964,-18.079222627568626,-65.70560023871559,-45.014937589524365,-95.34616341205371,True,False
validation_perplexity,quality,lower_is_better,moe_220m,8191,144.14525198405184,98.30080600524639,81.49027802307108,-45.84444597880545,-16.8105279821753,-62.654973960980755,-43.46655411717125,-90.97577282230763,True,False
validation_perplexity,quality,lower_is_better,moe_220m,10007,144.24186635154643,96.69569893160956,80.63448388668773,-47.54616741993688,-16.061215044921823,-63.6073824648587,-44.0977256283101,-92.49071556614048,True,False
validation_perplexity,quality,lower_is_better,moe_220m,11213,142.7204141097404,95.35109426669513,79.91600878384772,-47.369319843045275,-15.435085482847413,-62.80440532589269,-44.00520116036182,-91.3787464608281,True,False
validation_perplexity,quality,lower_is_better,moe_220m,12721,142.16327528266072,95.94893364160396,80.53440600316566,-46.21434164105676,-15.414527638438301,-61.62886927949506,-43.35076633325975,-89.63311257405212,True,False
validation_perplexity,quality,lower_is_better,mla_moe_220m,1337,148.50015179270721,100.00724170748776,83.75747794127604,-48.49291008521945,-16.24976376621173,-64.74267385143118,-43.59771560490127,-94.15442138233077,True,False
validation_perplexity,quality,lower_is_better,mla_moe_220m,2027,152.0605103206948,100.98926933285404,83.90171251974296,-51.07124098784075,-17.087556813111078,-68.15879780095183,-44.82347037847322,-99.12502363675536,True,False
validation_perplexity,quality,lower_is_better,mla_moe_220m,31415,154.04147359127822,101.59742209824208,84.5272840476817,-52.44405149303614,-17.070138050560374,-69.51418954359652,-45.12693102900334,-101.14314086016128,True,False
validation_perplexity,quality,lower_is_better,mla_moe_220m,4441,147.63530722352445,100.5207170267756,83.82136184122743,-47.11459019674885,-16.69935518554817,-63.81394538229702,-43.224040768026256,-92.7140797489381,True,False
validation_perplexity,quality,lower_is_better,mla_moe_220m,5501,152.33993380568074,100.78686950420138,84.6426641729033,-51.55306430147937,-16.14420533129808,-67.69726963277745,-44.43829529237529,-98.56256217296443,True,False
validation_perplexity,quality,lower_is_better,mla_moe_220m,6173,147.37428141350443,100.53196682038207,83.84552746852195,-46.84231459312237,-16.686439351860116,-63.52875394498248,-43.1070830918814,-92.29162124415899,True,False
validation_perplexity,quality,lower_is_better,mla_moe_220m,8191,148.51094014754204,99.5912300570219,84.27630026944354,-48.91971009052014,-15.314929787578365,-64.2346398780985,-43.2524632961605,-93.52167422557515,True,False
validation_perplexity,quality,lower_is_better,mla_moe_220m,10007,153.1125529604832,101.43901339293001,84.22119385384438,-51.673539567553206,-17.217819539085625,-68.89135910663883,-44.99393274725096,-100.19742120205434,True,False
validation_perplexity,quality,lower_is_better,mla_moe_220m,11213,157.2342925776176,101.08285653094688,83.74496089689697,-56.15143604667071,-17.337895634049914,-73.48933168072062,-46.73874285054142,-107.02005313020736,True,False
validation_perplexity,quality,lower_is_better,mla_moe_220m,12721,156.16521262644957,103.550442463594,85.05028980701796,-52.61477016285558,-18.500152656576034,-71.11492281943161,-45.53826144977626,-103.33595746304456,True,False
validation_perplexity,quality,lower_is_better,v3_routing_220m,1337,141.8898530742287,96.37246055115357,80.60310192311859,-45.517392523075145,-15.76935862803498,-61.286751151110124,-43.19318811264705,-89.07766798740988,True,False
validation_perplexity,quality,lower_is_better,v3_routing_220m,2027,144.5988760996419,96.30764635890979,80.57854944240249,-48.291229740732106,-15.729096916507302,-64.02032665723941,-44.27442894723713,-93.14851296180161,True,False
validation_perplexity,quality,lower_is_better,v3_routing_220m,31415,144.01842450705178,97.37022863023415,80.32981519338252,-46.648195876817624,-17.040413436851637,-63.68860931366926,-44.22254272789297,-92.4828575119202,True,False
validation_perplexity,quality,lower_is_better,v3_routing_220m,4441,146.30173991618625,97.7109076313247,80.88030879976579,-48.59083228486155,-16.830598831558916,-65.42143111642046,-44.71678269438168,-95.08759403062645,True,False
validation_perplexity,quality,lower_is_better,v3_routing_220m,5501,146.23932870444486,96.81972482135026,80.3646970521721,-49.419603883094595,-16.45502776917816,-65.87463165227275,-45.04576999625583,-95.8109729262517,True,False
validation_perplexity,quality,lower_is_better,v3_routing_220m,6173,147.20481872097122,98.33162874146528,80.70437231697899,-48.87318997950594,-17.62725642448629,-66.50044640399223,-45.17545484026902,-96.58769844854365,True,False
validation_perplexity,quality,lower_is_better,v3_routing_220m,8191,145.61374820224924,97.52290194127653,82.18630154537738,-48.09084626097271,-15.336600395899154,-63.427446656871865,-43.558693763431414,-92.31831550100854,True,False
validation_perplexity,quality,lower_is_better,v3_routing_220m,10007,144.6237533731484,97.022530332302,80.97823054449397,-47.60122304084639,-16.04429978780803,-63.64552282865442,-44.00765527391656,-92.54966306223497,True,False
validation_perplexity,quality,lower_is_better,v3_routing_220m,11213,144.1355993306572,96.3318660133564,80.30314531442038,-47.80373331730078,-16.028720698936027,-63.83245401623681,-44.286390255193425,-92.82972656557608,True,False
validation_perplexity,quality,lower_is_better,v3_routing_220m,12721,149.35257997772703,97.3607267826563,80.61932889547259,-51.99185319507073,-16.74139788718371,-68.73325108225444,-46.020799300892314,-100.02487297815478,True,False
