metric,metric_group,metric_direction,budget,seed,model,value
validation_loss,quality,lower_is_better,10m,1337,dense_121m,5.010542912483215
validation_loss,quality,lower_is_better,10m,1337,mla_121m,5.082375574111938
validation_loss,quality,lower_is_better,10m,1337,mtp_121m,5.009670815467834
validation_loss,quality,lower_is_better,10m,1337,moe_220m,4.982740073204041
validation_loss,quality,lower_is_better,10m,1337,mla_moe_220m,5.0005859804153445
validation_loss,quality,lower_is_better,10m,1337,v3_routing_220m,4.955051074028015
validation_loss,quality,lower_is_better,10m,2027,dense_121m,5.03985182762146
validation_loss,quality,lower_is_better,10m,2027,mla_121m,5.088137555122375
validation_loss,quality,lower_is_better,10m,2027,mtp_121m,5.045757584571838
validation_loss,quality,lower_is_better,10m,2027,moe_220m,4.967903270721435
validation_loss,quality,lower_is_better,10m,2027,mla_moe_220m,5.024278535842895
validation_loss,quality,lower_is_better,10m,2027,v3_routing_220m,4.973963537216187
validation_loss,quality,lower_is_better,10m,31415,dense_121m,5.002737498283386
validation_loss,quality,lower_is_better,10m,31415,mla_121m,5.076140112876892
validation_loss,quality,lower_is_better,10m,31415,mtp_121m,5.054121799468994
validation_loss,quality,lower_is_better,10m,31415,moe_220m,4.961135277748108
validation_loss,quality,lower_is_better,10m,31415,mla_moe_220m,5.037221875190735
validation_loss,quality,lower_is_better,10m,31415,v3_routing_220m,4.969941239356995
validation_loss,quality,lower_is_better,10m,4441,dense_121m,5.00126169204712
validation_loss,quality,lower_is_better,10m,4441,mla_121m,5.016890120506287
validation_loss,quality,lower_is_better,10m,4441,mtp_121m,5.029954085350036
validation_loss,quality,lower_is_better,10m,4441,moe_220m,4.976585335731507
validation_loss,quality,lower_is_better,10m,4441,mla_moe_220m,4.994745092391968
validation_loss,quality,lower_is_better,10m,4441,v3_routing_220m,4.985671200752258
validation_loss,quality,lower_is_better,10m,5501,dense_121m,5.028018565177917
validation_loss,quality,lower_is_better,10m,5501,mla_121m,5.081126089096069
validation_loss,quality,lower_is_better,10m,5501,mtp_121m,4.991040110588074
validation_loss,quality,lower_is_better,10m,5501,moe_220m,4.968844532966614
validation_loss,quality,lower_is_better,10m,5501,mla_moe_220m,5.026114430427551
validation_loss,quality,lower_is_better,10m,5501,v3_routing_220m,4.985244517326355
validation_loss,quality,lower_is_better,10m,6173,dense_121m,5.023905034065247
validation_loss,quality,lower_is_better,10m,6173,mla_121m,5.138198909759521
validation_loss,quality,lower_is_better,10m,6173,mtp_121m,5.011355180740356
validation_loss,quality,lower_is_better,10m,6173,moe_220m,4.983359966278076
validation_loss,quality,lower_is_better,10m,6173,mla_moe_220m,4.992975482940674
validation_loss,quality,lower_is_better,10m,6173,v3_routing_220m,4.991824941635132
validation_loss,quality,lower_is_better,10m,8191,dense_121m,5.010300731658935
validation_loss,quality,lower_is_better,10m,8191,mla_121m,5.084102411270141
validation_loss,quality,lower_is_better,10m,8191,mtp_121m,4.989459028244019
validation_loss,quality,lower_is_better,10m,8191,moe_220m,4.9708214855194095
validation_loss,quality,lower_is_better,10m,8191,mla_moe_220m,5.000658626556397
validation_loss,quality,lower_is_better,10m,8191,v3_routing_220m,4.980957555770874
validation_loss,quality,lower_is_better,10m,10007,dense_121m,5.021801533699036
validation_loss,quality,lower_is_better,10m,10007,mla_121m,5.070838432312012
validation_loss,quality,lower_is_better,10m,10007,mtp_121m,5.025440711975097
validation_loss,quality,lower_is_better,10m,10007,moe_220m,4.97149151802063
validation_loss,quality,lower_is_better,10m,10007,mla_moe_220m,5.03117329120636
validation_loss,quality,lower_is_better,10m,10007,v3_routing_220m,4.974135565757751
validation_loss,quality,lower_is_better,10m,11213,dense_121m,5.039705038070679
validation_loss,quality,lower_is_better,10m,11213,mla_121m,5.040488882064819
validation_loss,quality,lower_is_better,10m,11213,mtp_121m,5.035873055458069
validation_loss,quality,lower_is_better,10m,11213,moe_220m,4.960887570381164
validation_loss,quality,lower_is_better,10m,11213,mla_moe_220m,5.0577370023727415
validation_loss,quality,lower_is_better,10m,11213,v3_routing_220m,4.970754518508911
validation_loss,quality,lower_is_better,10m,12721,dense_121m,5.049073481559754
validation_loss,quality,lower_is_better,10m,12721,mla_121m,5.08952679157257
validation_loss,quality,lower_is_better,10m,12721,mtp_121m,5.028060746192932
validation_loss,quality,lower_is_better,10m,12721,moe_220m,4.956976222991943
validation_loss,quality,lower_is_better,10m,12721,mla_moe_220m,5.0509145021438595
validation_loss,quality,lower_is_better,10m,12721,v3_routing_220m,5.006309819221497
validation_loss,quality,lower_is_better,25m,1337,dense_121m,4.591437788009643
validation_loss,quality,lower_is_better,25m,1337,mla_121m,4.636013627052307
validation_loss,quality,lower_is_better,25m,1337,mtp_121m,4.587740163803101
validation_loss,quality,lower_is_better,25m,1337,moe_220m,4.597828526496887
validation_loss,quality,lower_is_better,25m,1337,mla_moe_220m,4.605242600440979
validation_loss,quality,lower_is_better,25m,1337,v3_routing_220m,4.568220481872559
validation_loss,quality,lower_is_better,25m,2027,dense_121m,4.598965830802918
validation_loss,quality,lower_is_better,25m,2027,mla_121m,4.638378939628601
validation_loss,quality,lower_is_better,25m,2027,mtp_121m,4.595658249855042
validation_loss,quality,lower_is_better,25m,2027,moe_220m,4.554027361869812
validation_loss,quality,lower_is_better,25m,2027,mla_moe_220m,4.615014266967774
validation_loss,quality,lower_is_better,25m,2027,v3_routing_220m,4.567547717094421
validation_loss,quality,lower_is_better,25m,31415,dense_121m,4.585212154388428
validation_loss,quality,lower_is_better,25m,31415,mla_121m,4.641139874458313
validation_loss,quality,lower_is_better,25m,31415,mtp_121m,4.58462516784668
validation_loss,quality,lower_is_better,25m,31415,moe_220m,4.563076300621033
validation_loss,quality,lower_is_better,25m,31415,mla_moe_220m,4.621018161773682
validation_loss,quality,lower_is_better,25m,31415,v3_routing_220m,4.578520503044128
validation_loss,quality,lower_is_better,25m,4441,dense_121m,4.591076664924621
validation_loss,quality,lower_is_better,25m,4441,mla_121m,4.620917696952819
validation_loss,quality,lower_is_better,25m,4441,mtp_121m,4.59845272064209
validation_loss,quality,lower_is_better,25m,4441,moe_220m,4.581375322341919
validation_loss,quality,lower_is_better,25m,4441,mla_moe_220m,4.610363845825195
validation_loss,quality,lower_is_better,25m,4441,v3_routing_220m,4.582013196945191
validation_loss,quality,lower_is_better,25m,5501,dense_121m,4.591331214904785
validation_loss,quality,lower_is_better,25m,5501,mla_121m,4.640361032485962
validation_loss,quality,lower_is_better,25m,5501,mtp_121m,4.5947574567794796
validation_loss,quality,lower_is_better,25m,5501,moe_220m,4.5742539167404175
validation_loss,quality,lower_is_better,25m,5501,mla_moe_220m,4.613008084297181
validation_loss,quality,lower_is_better,25m,5501,v3_routing_220m,4.572850742340088
validation_loss,quality,lower_is_better,25m,6173,dense_121m,4.6034186697006225
validation_loss,quality,lower_is_better,25m,6173,mla_121m,4.675508689880371
validation_loss,quality,lower_is_better,25m,6173,mtp_121m,4.582125868797302
validation_loss,quality,lower_is_better,25m,6173,moe_220m,4.588406610488891
validation_loss,quality,lower_is_better,25m,6173,mla_moe_220m,4.610475754737854
validation_loss,quality,lower_is_better,25m,6173,v3_routing_220m,4.588345732688904
validation_loss,quality,lower_is_better,25m,8191,dense_121m,4.596622920036316
validation_loss,quality,lower_is_better,25m,8191,mla_121m,4.6468532228469845
validation_loss,quality,lower_is_better,25m,8191,mtp_121m,4.559765419960022
validation_loss,quality,lower_is_better,25m,8191,moe_220m,4.5880322265625
validation_loss,quality,lower_is_better,25m,8191,mla_moe_220m,4.601074109077453
validation_loss,quality,lower_is_better,25m,8191,v3_routing_220m,4.5800872421264645
validation_loss,quality,lower_is_better,25m,10007,dense_121m,4.595331959724426
validation_loss,quality,lower_is_better,25m,10007,mla_121m,4.645402798652649
validation_loss,quality,lower_is_better,25m,10007,mtp_121m,4.587992253303528
validation_loss,quality,lower_is_better,25m,10007,moe_220m,4.571568922996521
validation_loss,quality,lower_is_better,25m,10007,mla_moe_220m,4.619457764625549
validation_loss,quality,lower_is_better,25m,10007,v3_routing_220m,4.574943222999573
validation_loss,quality,lower_is_better,25m,11213,dense_121m,4.5933767557144165
validation_loss,quality,lower_is_better,25m,11213,mla_121m,4.61867467880249
validation_loss,quality,lower_is_better,25m,11213,mtp_121m,4.580157718658447
validation_loss,quality,lower_is_better,25m,11213,moe_220m,4.557565808296204
validation_loss,quality,lower_is_better,25m,11213,mla_moe_220m,4.615940542221069
validation_loss,quality,lower_is_better,25m,11213,v3_routing_220m,4.567799167633057
validation_loss,quality,lower_is_better,25m,12721,dense_121m,4.621394553184509
validation_loss,quality,lower_is_better,25m,12721,mla_121m,4.6554359483718875
validation_loss,quality,lower_is_better,25m,12721,mtp_121m,4.604061307907105
validation_loss,quality,lower_is_better,25m,12721,moe_220m,4.563816108703613
validation_loss,quality,lower_is_better,25m,12721,mla_moe_220m,4.640058860778809
validation_loss,quality,lower_is_better,25m,12721,v3_routing_220m,4.57842291355133
validation_loss,quality,lower_is_better,50m,1337,dense_121m,4.413815379142761
validation_loss,quality,lower_is_better,50m,1337,mla_121m,4.457189702987671
validation_loss,quality,lower_is_better,50m,1337,mtp_121m,4.396453225612641
validation_loss,quality,lower_is_better,50m,1337,moe_220m,4.3878645324707035
validation_loss,quality,lower_is_better,50m,1337,mla_moe_220m,4.427925455570221
validation_loss,quality,lower_is_better,50m,1337,v3_routing_220m,4.389537134170532
validation_loss,quality,lower_is_better,50m,2027,dense_121m,4.41679119348526
validation_loss,quality,lower_is_better,50m,2027,mla_121m,4.45543247461319
validation_loss,quality,lower_is_better,50m,2027,mtp_121m,4.40369558095932
validation_loss,quality,lower_is_better,50m,2027,moe_220m,4.377377479076386
validation_loss,quality,lower_is_better,50m,2027,mla_moe_220m,4.429646024703979
validation_loss,quality,lower_is_better,50m,2027,v3_routing_220m,4.389232478141785
validation_loss,quality,lower_is_better,50m,31415,dense_121m,4.410975000858307
validation_loss,quality,lower_is_better,50m,31415,mla_121m,4.462382535934449
validation_loss,quality,lower_is_better,50m,31415,mtp_121m,4.392371289730072
validation_loss,quality,lower_is_better,50m,31415,moe_220m,4.383457946777344
validation_loss,quality,lower_is_better,50m,31415,mla_moe_220m,4.437074370384217
validation_loss,quality,lower_is_better,50m,31415,v3_routing_220m,4.386140849590301
validation_loss,quality,lower_is_better,50m,4441,dense_121m,4.415515968799591
validation_loss,quality,lower_is_better,50m,4441,mla_121m,4.457079436779022
validation_loss,quality,lower_is_better,50m,4441,mtp_121m,4.410480535030365
validation_loss,quality,lower_is_better,50m,4441,moe_220m,4.384979677200318
validation_loss,quality,lower_is_better,50m,4441,mla_moe_220m,4.428687889575958
validation_loss,quality,lower_is_better,50m,4441,v3_routing_220m,4.39297039270401
validation_loss,quality,lower_is_better,50m,5501,dense_121m,4.414704790115357
validation_loss,quality,lower_is_better,50m,5501,mla_121m,4.4633503246307376
validation_loss,quality,lower_is_better,50m,5501,mtp_121m,4.421631121635437
validation_loss,quality,lower_is_better,50m,5501,moe_220m,4.385798540115356
validation_loss,quality,lower_is_better,50m,5501,mla_moe_220m,4.4384384441375735
validation_loss,quality,lower_is_better,50m,5501,v3_routing_220m,4.386574988365173
validation_loss,quality,lower_is_better,50m,6173,dense_121m,4.418850474357605
validation_loss,quality,lower_is_better,50m,6173,mla_121m,4.485051980018616
validation_loss,quality,lower_is_better,50m,6173,mtp_121m,4.394934310913086
validation_loss,quality,lower_is_better,50m,6173,moe_220m,4.385251336097717
validation_loss,quality,lower_is_better,50m,6173,mla_moe_220m,4.4289761471748355
validation_loss,quality,lower_is_better,50m,6173,v3_routing_220m,4.3907927536964415
validation_loss,quality,lower_is_better,50m,8191,dense_121m,4.425653915405274
validation_loss,quality,lower_is_better,50m,8191,mla_121m,4.481629219055176
validation_loss,quality,lower_is_better,50m,8191,mtp_121m,4.393142654895782
validation_loss,quality,lower_is_better,50m,8191,moe_220m,4.400483725070953
validation_loss,quality,lower_is_better,50m,8191,mla_moe_220m,4.434100689888001
validation_loss,quality,lower_is_better,50m,8191,v3_routing_220m,4.4089886403083804
validation_loss,quality,lower_is_better,50m,10007,dense_121m,4.425504629611969
validation_loss,quality,lower_is_better,50m,10007,mla_121m,4.473752200603485
validation_loss,quality,lower_is_better,50m,10007,mtp_121m,4.388782823085785
validation_loss,quality,lower_is_better,50m,10007,moe_220m,4.389926397800446
validation_loss,quality,lower_is_better,50m,10007,mla_moe_220m,4.433446598052979
validation_loss,quality,lower_is_better,50m,10007,v3_routing_220m,4.3941803598403935
validation_loss,quality,lower_is_better,50m,11213,dense_121m,4.408506515026093
validation_loss,quality,lower_is_better,50m,11213,mla_121m,4.44751650094986
validation_loss,quality,lower_is_better,50m,11213,mtp_121m,4.389464988708496
validation_loss,quality,lower_is_better,50m,11213,moe_220m,4.380976192951202
validation_loss,quality,lower_is_better,50m,11213,mla_moe_220m,4.427776000499725
validation_loss,quality,lower_is_better,50m,11213,v3_routing_220m,4.385808789730072
validation_loss,quality,lower_is_better,50m,12721,dense_121m,4.422677891254425
validation_loss,quality,lower_is_better,50m,12721,mla_121m,4.471390347480774
validation_loss,quality,lower_is_better,50m,12721,mtp_121m,4.406814534664154
validation_loss,quality,lower_is_better,50m,12721,moe_220m,4.388684496879578
validation_loss,quality,lower_is_better,50m,12721,mla_moe_220m,4.443242726325988
validation_loss,quality,lower_is_better,50m,12721,v3_routing_220m,4.389738433361053
test_loss,quality,lower_is_better,10m,1337,dense_121m,4.98093719959259
test_loss,quality,lower_is_better,10m,1337,mla_121m,5.057644391059876
test_loss,quality,lower_is_better,10m,1337,mtp_121m,4.984927258491516
test_loss,quality,lower_is_better,10m,1337,moe_220m,4.9556202220916745
test_loss,quality,lower_is_better,10m,1337,mla_moe_220m,4.975300846099853
test_loss,quality,lower_is_better,10m,1337,v3_routing_220m,4.92473473072052
test_loss,quality,lower_is_better,10m,2027,dense_121m,5.01153522491455
test_loss,quality,lower_is_better,10m,2027,mla_121m,5.060748615264893
test_loss,quality,lower_is_better,10m,2027,mtp_121m,5.022641386985779
test_loss,quality,lower_is_better,10m,2027,moe_220m,4.942556142807007
test_loss,quality,lower_is_better,10m,2027,mla_moe_220m,4.994600296020508
test_loss,quality,lower_is_better,10m,2027,v3_routing_220m,4.94677966594696
test_loss,quality,lower_is_better,10m,31415,dense_121m,4.981083612442017
test_loss,quality,lower_is_better,10m,31415,mla_121m,5.055389552116394
test_loss,quality,lower_is_better,10m,31415,mtp_121m,5.029318642616272
test_loss,quality,lower_is_better,10m,31415,moe_220m,4.937805209159851
test_loss,quality,lower_is_better,10m,31415,mla_moe_220m,5.010563569068909
test_loss,quality,lower_is_better,10m,31415,v3_routing_220m,4.938903489112854
test_loss,quality,lower_is_better,10m,4441,dense_121m,4.982637810707092
test_loss,quality,lower_is_better,10m,4441,mla_121m,5.006461253166199
test_loss,quality,lower_is_better,10m,4441,mtp_121m,5.009028248786926
test_loss,quality,lower_is_better,10m,4441,moe_220m,4.9590047836303714
test_loss,quality,lower_is_better,10m,4441,mla_moe_220m,4.976225805282593
test_loss,quality,lower_is_better,10m,4441,v3_routing_220m,4.964154543876648
test_loss,quality,lower_is_better,10m,5501,dense_121m,5.0108515787124634
test_loss,quality,lower_is_better,10m,5501,mla_121m,5.062279238700866
test_loss,quality,lower_is_better,10m,5501,mtp_121m,4.96822991847992
test_loss,quality,lower_is_better,10m,5501,moe_220m,4.947788066864014
test_loss,quality,lower_is_better,10m,5501,mla_moe_220m,5.0054989385604856
test_loss,quality,lower_is_better,10m,5501,v3_routing_220m,4.96031165599823
test_loss,quality,lower_is_better,10m,6173,dense_121m,4.986044526100159
test_loss,quality,lower_is_better,10m,6173,mla_121m,5.114432282447815
test_loss,quality,lower_is_better,10m,6173,mtp_121m,4.979006390571595
test_loss,quality,lower_is_better,10m,6173,moe_220m,4.94702100276947
test_loss,quality,lower_is_better,10m,6173,mla_moe_220m,4.9624495029449465
test_loss,quality,lower_is_better,10m,6173,v3_routing_220m,4.961460537910462
test_loss,quality,lower_is_better,10m,8191,dense_121m,4.997298421859742
test_loss,quality,lower_is_better,10m,8191,mla_121m,5.0691881322860715
test_loss,quality,lower_is_better,10m,8191,mtp_121m,4.975269618034363
test_loss,quality,lower_is_better,10m,8191,moe_220m,4.951770820617676
test_loss,quality,lower_is_better,10m,8191,mla_moe_220m,4.988126230239868
test_loss,quality,lower_is_better,10m,8191,v3_routing_220m,4.957535381317139
test_loss,quality,lower_is_better,10m,10007,dense_121m,4.990591192245484
test_loss,quality,lower_is_better,10m,10007,mla_121m,5.043753395080566
test_loss,quality,lower_is_better,10m,10007,mtp_121m,4.9982624340057376
test_loss,quality,lower_is_better,10m,10007,moe_220m,4.937734346389771
test_loss,quality,lower_is_better,10m,10007,mla_moe_220m,5.0032300806045535
test_loss,quality,lower_is_better,10m,10007,v3_routing_220m,4.946623644828796
test_loss,quality,lower_is_better,10m,11213,dense_121m,5.013829193115234
test_loss,quality,lower_is_better,10m,11213,mla_121m,5.026043920516968
test_loss,quality,lower_is_better,10m,11213,mtp_121m,5.012810754776001
test_loss,quality,lower_is_better,10m,11213,moe_220m,4.935662884712219
test_loss,quality,lower_is_better,10m,11213,mla_moe_220m,5.0375270175933835
test_loss,quality,lower_is_better,10m,11213,v3_routing_220m,4.951768755912781
test_loss,quality,lower_is_better,10m,12721,dense_121m,5.019692482948304
test_loss,quality,lower_is_better,10m,12721,mla_121m,5.0553870153427125
test_loss,quality,lower_is_better,10m,12721,mtp_121m,4.997881088256836
test_loss,quality,lower_is_better,10m,12721,moe_220m,4.920693316459656
test_loss,quality,lower_is_better,10m,12721,mla_moe_220m,5.02160578250885
test_loss,quality,lower_is_better,10m,12721,v3_routing_220m,4.962845268249512
test_loss,quality,lower_is_better,25m,1337,dense_121m,4.559668226242065
test_loss,quality,lower_is_better,25m,1337,mla_121m,4.596735014915466
test_loss,quality,lower_is_better,25m,1337,mtp_121m,4.548240580558777
test_loss,quality,lower_is_better,25m,1337,moe_220m,4.557487230300904
test_loss,quality,lower_is_better,25m,1337,mla_moe_220m,4.571116642951965
test_loss,quality,lower_is_better,25m,1337,v3_routing_220m,4.533169131278992
test_loss,quality,lower_is_better,25m,2027,dense_121m,4.556402339935302
test_loss,quality,lower_is_better,25m,2027,mla_121m,4.59549572467804
test_loss,quality,lower_is_better,25m,2027,mtp_121m,4.554399228096008
test_loss,quality,lower_is_better,25m,2027,moe_220m,4.520900359153748
test_loss,quality,lower_is_better,25m,2027,mla_moe_220m,4.578341851234436
test_loss,quality,lower_is_better,25m,2027,v3_routing_220m,4.533535008430481
test_loss,quality,lower_is_better,25m,31415,dense_121m,4.551598389148712
test_loss,quality,lower_is_better,25m,31415,mla_121m,4.609473357200622
test_loss,quality,lower_is_better,25m,31415,mtp_121m,4.549923920631409
test_loss,quality,lower_is_better,25m,31415,moe_220m,4.5371862363815305
test_loss,quality,lower_is_better,25m,31415,mla_moe_220m,4.588338017463684
test_loss,quality,lower_is_better,25m,31415,v3_routing_220m,4.541315162181855
test_loss,quality,lower_is_better,25m,4441,dense_121m,4.5473325324058536
test_loss,quality,lower_is_better,25m,4441,mla_121m,4.582543549537658
test_loss,quality,lower_is_better,25m,4441,mtp_121m,4.552958743572235
test_loss,quality,lower_is_better,25m,4441,moe_220m,4.538250508308411
test_loss,quality,lower_is_better,25m,4441,mla_moe_220m,4.5684409427642825
test_loss,quality,lower_is_better,25m,4441,v3_routing_220m,4.5353090190887455
test_loss,quality,lower_is_better,25m,5501,dense_121m,4.553715810775757
test_loss,quality,lower_is_better,25m,5501,mla_121m,4.597088627815246
test_loss,quality,lower_is_better,25m,5501,mtp_121m,4.560664045810699
test_loss,quality,lower_is_better,25m,5501,moe_220m,4.537363939285278
test_loss,quality,lower_is_better,25m,5501,mla_moe_220m,4.578378801345825
test_loss,quality,lower_is_better,25m,5501,v3_routing_220m,4.533975195884705
test_loss,quality,lower_is_better,25m,6173,dense_121m,4.5584601879119875
test_loss,quality,lower_is_better,25m,6173,mla_121m,4.6285189485549925
test_loss,quality,lower_is_better,25m,6173,mtp_121m,4.534046697616577
test_loss,quality,lower_is_better,25m,6173,moe_220m,4.5389330768585205
test_loss,quality,lower_is_better,25m,6173,mla_moe_220m,4.564995393753052
test_loss,quality,lower_is_better,25m,6173,v3_routing_220m,4.541857461929322
test_loss,quality,lower_is_better,25m,8191,dense_121m,4.560905327796936
test_loss,quality,lower_is_better,25m,8191,mla_121m,4.610872278213501
test_loss,quality,lower_is_better,25m,8191,mtp_121m,4.527747197151184
test_loss,quality,lower_is_better,25m,8191,moe_220m,4.551823134422302
test_loss,quality,lower_is_better,25m,8191,mla_moe_220m,4.567454433441162
test_loss,quality,lower_is_better,25m,8191,v3_routing_220m,4.54500009059906
test_loss,quality,lower_is_better,25m,10007,dense_121m,4.566771466732025
test_loss,quality,lower_is_better,25m,10007,mla_121m,4.6150144100189205
test_loss,quality,lower_is_better,25m,10007,mtp_121m,4.55489461183548
test_loss,quality,lower_is_better,25m,10007,moe_220m,4.534740009307861
test_loss,quality,lower_is_better,25m,10007,mla_moe_220m,4.589117784500122
test_loss,quality,lower_is_better,25m,10007,v3_routing_220m,4.543082468509674
test_loss,quality,lower_is_better,25m,11213,dense_121m,4.558523049354553
test_loss,quality,lower_is_better,25m,11213,mla_121m,4.58735577583313
test_loss,quality,lower_is_better,25m,11213,mtp_121m,4.554262471199036
test_loss,quality,lower_is_better,25m,11213,moe_220m,4.531413204669953
test_loss,quality,lower_is_better,25m,11213,mla_moe_220m,4.588997535705566
test_loss,quality,lower_is_better,25m,11213,v3_routing_220m,4.538183310031891
test_loss,quality,lower_is_better,25m,12721,dense_121m,4.586898398399353
test_loss,quality,lower_is_better,25m,12721,mla_121m,4.621560287475586
test_loss,quality,lower_is_better,25m,12721,mtp_121m,4.572208597660064
test_loss,quality,lower_is_better,25m,12721,moe_220m,4.532688474655151
test_loss,quality,lower_is_better,25m,12721,mla_moe_220m,4.60919683933258
test_loss,quality,lower_is_better,25m,12721,v3_routing_220m,4.543990888595581
test_loss,quality,lower_is_better,50m,1337,dense_121m,4.368580937385559
test_loss,quality,lower_is_better,50m,1337,mla_121m,4.4190924048423765
test_loss,quality,lower_is_better,50m,1337,mtp_121m,4.359034402370453
test_loss,quality,lower_is_better,50m,1337,moe_220m,4.351948599815369
test_loss,quality,lower_is_better,50m,1337,mla_moe_220m,4.383444731235504
test_loss,quality,lower_is_better,50m,1337,v3_routing_220m,4.344422643184662
test_loss,quality,lower_is_better,50m,2027,dense_121m,4.3841725754737855
test_loss,quality,lower_is_better,50m,2027,mla_121m,4.424974074363709
test_loss,quality,lower_is_better,50m,2027,mtp_121m,4.373787515163421
test_loss,quality,lower_is_better,50m,2027,moe_220m,4.3509077453613285
test_loss,quality,lower_is_better,50m,2027,mla_moe_220m,4.3991041231155394
test_loss,quality,lower_is_better,50m,2027,v3_routing_220m,4.357397704124451
test_loss,quality,lower_is_better,50m,31415,dense_121m,4.389096040725708
test_loss,quality,lower_is_better,50m,31415,mla_121m,4.439769589900971
test_loss,quality,lower_is_better,50m,31415,mtp_121m,4.36645409822464
test_loss,quality,lower_is_better,50m,31415,moe_220m,4.362795360088349
test_loss,quality,lower_is_better,50m,31415,mla_moe_220m,4.411459701061249
test_loss,quality,lower_is_better,50m,31415,v3_routing_220m,4.365656147003174
test_loss,quality,lower_is_better,50m,4441,dense_121m,4.3731245732307436
test_loss,quality,lower_is_better,50m,4441,mla_121m,4.415917935371399
test_loss,quality,lower_is_better,50m,4441,mtp_121m,4.369357187747955
test_loss,quality,lower_is_better,50m,4441,moe_220m,4.353256869316101
test_loss,quality,lower_is_better,50m,4441,mla_moe_220m,4.387184388637543
test_loss,quality,lower_is_better,50m,4441,v3_routing_220m,4.3505235767364505
test_loss,quality,lower_is_better,50m,5501,dense_121m,4.376217577457428
test_loss,quality,lower_is_better,50m,5501,mla_121m,4.422588503360748
test_loss,quality,lower_is_better,50m,5501,mtp_121m,4.384311652183532
test_loss,quality,lower_is_better,50m,5501,moe_220m,4.346222908496856
test_loss,quality,lower_is_better,50m,5501,mla_moe_220m,4.395386440753937
test_loss,quality,lower_is_better,50m,5501,v3_routing_220m,4.359897792339325
test_loss,quality,lower_is_better,50m,6173,dense_121m,4.3715614986419675
test_loss,quality,lower_is_better,50m,6173,mla_121m,4.44539293050766
test_loss,quality,lower_is_better,50m,6173,mtp_121m,4.35964717388153
test_loss,quality,lower_is_better,50m,6173,moe_220m,4.349330341815948
test_loss,quality,lower_is_better,50m,6173,mla_moe_220m,4.395835366249084
test_loss,quality,lower_is_better,50m,6173,v3_routing_220m,4.356368937492371
test_loss,quality,lower_is_better,50m,8191,dense_121m,4.381881213188171
test_loss,quality,lower_is_better,50m,8191,mla_121m,4.437835395336151
test_loss,quality,lower_is_better,50m,8191,mtp_121m,4.356437284946441
test_loss,quality,lower_is_better,50m,8191,moe_220m,4.364976580142975
test_loss,quality,lower_is_better,50m,8191,mla_moe_220m,4.396445088386535
test_loss,quality,lower_is_better,50m,8191,v3_routing_220m,4.361165997982025
test_loss,quality,lower_is_better,50m,10007,dense_121m,4.38505642414093
test_loss,quality,lower_is_better,50m,10007,mla_121m,4.4353622269630435
test_loss,quality,lower_is_better,50m,10007,mtp_121m,4.35151941537857
test_loss,quality,lower_is_better,50m,10007,moe_220m,4.354154121875763
test_loss,quality,lower_is_better,50m,10007,mla_moe_220m,4.401279494762421
test_loss,quality,lower_is_better,50m,10007,v3_routing_220m,4.355939884185791
test_loss,quality,lower_is_better,50m,11213,dense_121m,4.382335021495819
test_loss,quality,lower_is_better,50m,11213,mla_121m,4.416437129974366
test_loss,quality,lower_is_better,50m,11213,mtp_121m,4.3593060445785525
test_loss,quality,lower_is_better,50m,11213,moe_220m,4.347143068313598
test_loss,quality,lower_is_better,50m,11213,mla_moe_220m,4.3995625376701355
test_loss,quality,lower_is_better,50m,11213,v3_routing_220m,4.354556338787079
test_loss,quality,lower_is_better,50m,12721,dense_121m,4.377224540710449
test_loss,quality,lower_is_better,50m,12721,mla_121m,4.422314887046814
test_loss,quality,lower_is_better,50m,12721,mtp_121m,4.360231485366821
test_loss,quality,lower_is_better,50m,12721,moe_220m,4.3377180004119875
test_loss,quality,lower_is_better,50m,12721,mla_moe_220m,4.396140525341034
test_loss,quality,lower_is_better,50m,12721,v3_routing_220m,4.34248486995697
validation_perplexity,quality,lower_is_better,10m,1337,dense_121m,149.9861433981014
validation_perplexity,quality,lower_is_better,10m,1337,mla_121m,161.15644062550837
validation_perplexity,quality,lower_is_better,10m,1337,mtp_121m,149.85539794973965
validation_perplexity,quality,lower_is_better,10m,1337,moe_220m,145.8735387187033
validation_perplexity,quality,lower_is_better,10m,1337,mla_moe_220m,148.50015179270721
validation_perplexity,quality,lower_is_better,10m,1337,v3_routing_220m,141.8898530742287
validation_perplexity,quality,lower_is_better,10m,2027,dense_121m,154.4471285319663
validation_perplexity,quality,lower_is_better,10m,2027,mla_121m,162.0877013528961
validation_perplexity,quality,lower_is_better,10m,2027,mtp_121m,155.36195444557146
validation_perplexity,quality,lower_is_better,10m,2027,moe_220m,143.72521834892214
validation_perplexity,quality,lower_is_better,10m,2027,mla_moe_220m,152.0605103206948
validation_perplexity,quality,lower_is_better,10m,2027,v3_routing_220m,144.5988760996419
validation_perplexity,quality,lower_is_better,10m,31415,dense_121m,148.8199964750898
validation_perplexity,quality,lower_is_better,10m,31415,mla_121m,160.1546823454474
validation_perplexity,quality,lower_is_better,10m,31415,mtp_121m,156.66688497132208
validation_perplexity,quality,lower_is_better,10m,31415,moe_220m,142.75577138667683
validation_perplexity,quality,lower_is_better,10m,31415,mla_moe_220m,154.04147359127822
validation_perplexity,quality,lower_is_better,10m,31415,v3_routing_220m,144.01842450705178
validation_perplexity,quality,lower_is_better,10m,4441,dense_121m,148.6005289817918
validation_perplexity,quality,lower_is_better,10m,4441,mla_121m,150.94116430275577
validation_perplexity,quality,lower_is_better,10m,4441,mtp_121m,152.9259909910697
validation_perplexity,quality,lower_is_better,10m,4441,moe_220m,144.97848262678573
validation_perplexity,quality,lower_is_better,10m,4441,mla_moe_220m,147.63530722352445
validation_perplexity,quality,lower_is_better,10m,4441,v3_routing_220m,146.30173991618625
validation_perplexity,quality,lower_is_better,10m,5501,dense_121m,152.63028591455063
validation_perplexity,quality,lower_is_better,10m,5501,mla_121m,160.95520381510678
validation_perplexity,quality,lower_is_better,10m,5501,mtp_121m,147.08933313322768
validation_perplexity,quality,lower_is_better,10m,5501,moe_220m,143.86056515906242
validation_perplexity,quality,lower_is_better,10m,5501,mla_moe_220m,152.33993380568074
validation_perplexity,quality,lower_is_better,10m,5501,v3_routing_220m,146.23932870444486
validation_perplexity,quality,lower_is_better,10m,6173,dense_121m,152.0037260549521
validation_perplexity,quality,lower_is_better,10m,6173,mla_121m,170.40857054560524
validation_perplexity,quality,lower_is_better,10m,6173,mtp_121m,150.10802187370203
validation_perplexity,quality,lower_is_better,10m,6173,moe_220m,145.96399274805668
validation_perplexity,quality,lower_is_better,10m,6173,mla_moe_220m,147.37428141350443
validation_perplexity,quality,lower_is_better,10m,6173,v3_routing_220m,147.20481872097122
validation_perplexity,quality,lower_is_better,10m,8191,dense_121m,149.94982402836763
validation_perplexity,quality,lower_is_better,10m,8191,mla_121m,161.4349719753923
validation_perplexity,quality,lower_is_better,10m,8191,mtp_121m,146.85695653728675
validation_perplexity,quality,lower_is_better,10m,8191,moe_220m,144.14525198405184
validation_perplexity,quality,lower_is_better,10m,8191,mla_moe_220m,148.51094014754204
validation_perplexity,quality,lower_is_better,10m,8191,v3_routing_220m,145.61374820224924
validation_perplexity,quality,lower_is_better,10m,10007,dense_121m,151.6843222123526
validation_perplexity,quality,lower_is_better,10m,10007,mla_121m,159.30784020551212
validation_perplexity,quality,lower_is_better,10m,10007,mtp_121m,152.23733414675277
validation_perplexity,quality,lower_is_better,10m,10007,moe_220m,144.24186635154643
validation_perplexity,quality,lower_is_better,10m,10007,mla_moe_220m,153.1125529604832
validation_perplexity,quality,lower_is_better,10m,10007,v3_routing_220m,144.6237533731484
validation_perplexity,quality,lower_is_better,10m,11213,dense_121m,154.4244589712177
validation_perplexity,quality,lower_is_better,10m,11213,mla_121m,154.5455511084029
validation_perplexity,quality,lower_is_better,10m,11213,mtp_121m,153.83383947402595
validation_perplexity,quality,lower_is_better,10m,11213,moe_220m,142.7204141097404
validation_perplexity,quality,lower_is_better,10m,11213,mla_moe_220m,157.2342925776176
validation_perplexity,quality,lower_is_better,10m,11213,v3_routing_220m,144.1355993306572
validation_perplexity,quality,lower_is_better,10m,12721,dense_121m,155.87797374296116
validation_perplexity,quality,lower_is_better,10m,12721,mla_121m,162.31303598104242
validation_perplexity,quality,lower_is_better,10m,12721,mtp_121m,152.63672415071724
validation_perplexity,quality,lower_is_better,10m,12721,moe_220m,142.16327528266072
validation_perplexity,quality,lower_is_better,10m,12721,mla_moe_220m,156.16521262644957
validation_perplexity,quality,lower_is_better,10m,12721,v3_routing_220m,149.35257997772703
validation_perplexity,quality,lower_is_better,25m,1337,dense_121m,98.63614612699413
validation_perplexity,quality,lower_is_better,25m,1337,mla_121m,103.13240282543137
validation_perplexity,quality,lower_is_better,25m,1337,mtp_121m,98.27210019274676
validation_perplexity,quality,lower_is_better,25m,1337,moe_220m,99.26852246591801
validation_perplexity,quality,lower_is_better,25m,1337,mla_moe_220m,100.00724170748776
validation_perplexity,quality,lower_is_better,25m,1337,v3_routing_220m,96.37246055115357
validation_perplexity,quality,lower_is_better,25m,2027,dense_121m,99.38148520830242
validation_perplexity,quality,lower_is_better,25m,2027,mla_121m,103.37663192006653
validation_perplexity,quality,lower_is_better,25m,2027,mtp_121m,99.05331592367602
validation_perplexity,quality,lower_is_better,25m,2027,moe_220m,95.01429575109654
validation_perplexity,quality,lower_is_better,25m,2027,mla_moe_220m,100.98926933285404
validation_perplexity,quality,lower_is_better,25m,2027,v3_routing_220m,96.30764635890979
validation_perplexity,quality,lower_is_better,25m,31415,dense_121m,98.02398115403327
validation_perplexity,quality,lower_is_better,25m,31415,mla_121m,103.66244243425918
validation_perplexity,quality,lower_is_better,25m,31415,mtp_121m,97.96645928026177
validation_perplexity,quality,lower_is_better,25m,31415,moe_220m,95.87797609570025
validation_perplexity,quality,lower_is_better,25m,31415,mla_moe_220m,101.59742209824208
validation_perplexity,quality,lower_is_better,25m,31415,v3_routing_220m,97.37022863023415
validation_perplexity,quality,lower_is_better,25m,4441,dense_121m,98.60053276840007
validation_perplexity,quality,lower_is_better,25m,4441,mla_121m,101.58721564413428
validation_perplexity,quality,lower_is_better,25m,4441,mtp_121m,99.3305046388865
validation_perplexity,quality,lower_is_better,25m,4441,moe_220m,97.64860019916098
validation_perplexity,quality,lower_is_better,25m,4441,mla_moe_220m,100.5207170267756
validation_perplexity,quality,lower_is_better,25m,4441,v3_routing_220m,97.7109076313247
validation_perplexity,quality,lower_is_better,25m,5501,dense_121m,98.62563472677635
validation_perplexity,quality,lower_is_better,25m,5501,mla_121m,103.58173720552435
validation_perplexity,quality,lower_is_better,25m,5501,mtp_121m,98.96412955784159
validation_perplexity,quality,lower_is_better,25m,5501,moe_220m,96.95567513936348
validation_perplexity,quality,lower_is_better,25m,5501,mla_moe_220m,100.78686950420138
validation_perplexity,quality,lower_is_better,25m,5501,v3_routing_220m,96.81972482135026
validation_perplexity,quality,lower_is_better,25m,6173,dense_121m,99.82500167220228
validation_perplexity,quality,lower_is_better,25m,6173,mla_121m,107.28712909016203
validation_perplexity,quality,lower_is_better,25m,6173,mtp_121m,97.72191752049966
validation_perplexity,quality,lower_is_better,25m,6173,moe_220m,98.33761513690972
validation_perplexity,quality,lower_is_better,25m,6173,mla_moe_220m,100.53196682038207
validation_perplexity,quality,lower_is_better,25m,6173,v3_routing_220m,98.33162874146528
validation_perplexity,quality,lower_is_better,25m,8191,dense_121m,99.14891580766891
validation_perplexity,quality,lower_is_better,25m,8191,mla_121m,104.25639720229277
validation_perplexity,quality,lower_is_better,25m,8191,mtp_121m,95.56106048321494
validation_perplexity,quality,lower_is_better,25m,8191,moe_220m,98.30080600524639
validation_perplexity,quality,lower_is_better,25m,8191,mla_moe_220m,99.5912300570219
validation_perplexity,quality,lower_is_better,25m,8191,v3_routing_220m,97.52290194127653
validation_perplexity,quality,lower_is_better,25m,10007,dense_121m,99.0210010765799
validation_perplexity,quality,lower_is_better,25m,10007,mla_121m,104.10529081204903
validation_perplexity,quality,lower_is_better,25m,10007,mtp_121m,98.29687668020526
validation_perplexity,quality,lower_is_better,25m,10007,moe_220m,96.69569893160956
validation_perplexity,quality,lower_is_better,25m,10007,mla_moe_220m,101.43901339293001
validation_perplexity,quality,lower_is_better,25m,10007,v3_routing_220m,97.022530332302
validation_perplexity,quality,lower_is_better,25m,11213,dense_121m,98.82758396477273
validation_perplexity,quality,lower_is_better,25m,11213,mla_121m,101.35960903390854
validation_perplexity,quality,lower_is_better,25m,11213,mtp_121m,97.52977525939522
validation_perplexity,quality,lower_is_better,25m,11213,moe_220m,95.35109426669513
validation_perplexity,quality,lower_is_better,25m,11213,mla_moe_220m,101.08285653094688
validation_perplexity,quality,lower_is_better,25m,11213,v3_routing_220m,96.3318660133564
validation_perplexity,quality,lower_is_better,25m,12721,dense_121m,101.63566969286357
validation_perplexity,quality,lower_is_better,25m,12721,mla_121m,105.15505218173539
validation_perplexity,quality,lower_is_better,25m,12721,mtp_121m,99.88917364971277
validation_perplexity,quality,lower_is_better,25m,12721,moe_220m,95.94893364160396
validation_perplexity,quality,lower_is_better,25m,12721,mla_moe_220m,103.550442463594
validation_perplexity,quality,lower_is_better,25m,12721,v3_routing_220m,97.3607267826563
validation_perplexity,quality,lower_is_better,50m,1337,dense_121m,82.58395226476654
validation_perplexity,quality,lower_is_better,50m,1337,mla_121m,86.24479471740102
validation_perplexity,quality,lower_is_better,50m,1337,mtp_121m,81.16249251503515
validation_perplexity,quality,lower_is_better,50m,1337,moe_220m,80.46839772247199
validation_perplexity,quality,lower_is_better,50m,1337,mla_moe_220m,83.75747794127604
validation_perplexity,quality,lower_is_better,50m,1337,v3_routing_220m,80.60310192311859
validation_perplexity,quality,lower_is_better,50m,2027,dense_121m,82.83007279725544
validation_perplexity,quality,lower_is_better,50m,2027,mla_121m,86.09337599457356
validation_perplexity,quality,lower_is_better,50m,2027,mtp_121m,81.7524338303538
validation_perplexity,quality,lower_is_better,50m,2027,moe_220m,79.62893079980218
validation_perplexity,quality,lower_is_better,50m,2027,mla_moe_220m,83.90171251974296
validation_perplexity,quality,lower_is_better,50m,2027,v3_routing_220m,80.57854944240249
validation_perplexity,quality,lower_is_better,50m,31415,dense_121m,82.34971541821577
validation_perplexity,quality,lower_is_better,50m,31415,mla_121m,86.6938143618961
validation_perplexity,quality,lower_is_better,50m,31415,mtp_121m,80.83186767828967
validation_perplexity,quality,lower_is_better,50m,31415,moe_220m,80.1145869535613
validation_perplexity,quality,lower_is_better,50m,31415,mla_moe_220m,84.5272840476817
validation_perplexity,quality,lower_is_better,50m,31415,v3_routing_220m,80.32981519338252
validation_perplexity,quality,lower_is_better,50m,4441,dense_121m,82.72451316413868
validation_perplexity,quality,lower_is_better,50m,4441,mla_121m,86.2352853551621
validation_perplexity,quality,lower_is_better,50m,4441,mtp_121m,82.30900636344836
validation_perplexity,quality,lower_is_better,50m,4441,moe_220m,80.23659256413356
validation_perplexity,quality,lower_is_better,50m,4441,mla_moe_220m,83.82136184122743
validation_perplexity,quality,lower_is_better,50m,4441,v3_routing_220m,80.88030879976579
validation_perplexity,quality,lower_is_better,50m,5501,dense_121m,82.65743601185248
validation_perplexity,quality,lower_is_better,50m,5501,mla_121m,86.77775626793584
validation_perplexity,quality,lower_is_better,50m,5501,mtp_121m,83.23193610857747
validation_perplexity,quality,lower_is_better,50m,5501,moe_220m,80.3023222423385
validation_perplexity,quality,lower_is_better,50m,5501,mla_moe_220m,84.6426641729033
validation_perplexity,quality,lower_is_better,50m,5501,v3_routing_220m,80.3646970521721
validation_perplexity,quality,lower_is_better,50m,6173,dense_121m,83.00081892860356
validation_perplexity,quality,lower_is_better,50m,6173,mla_121m,88.68156036231586
validation_perplexity,quality,lower_is_better,50m,6173,mtp_121m,81.0393071897856
validation_perplexity,quality,lower_is_better,50m,6173,moe_220m,80.25839250934109
validation_perplexity,quality,lower_is_better,50m,6173,mla_moe_220m,83.84552746852195
validation_perplexity,quality,lower_is_better,50m,6173,v3_routing_220m,80.70437231697899
validation_perplexity,quality,lower_is_better,50m,8191,dense_121m,83.56743539237583
validation_perplexity,quality,lower_is_better,50m,8191,mla_121m,88.37854345238362
validation_perplexity,quality,lower_is_better,50m,8191,mtp_121m,80.89424261913153
validation_perplexity,quality,lower_is_better,50m,8191,moe_220m,81.49027802307108
validation_perplexity,quality,lower_is_better,50m,8191,mla_moe_220m,84.27630026944354
validation_perplexity,quality,lower_is_better,50m,8191,v3_routing_220m,82.18630154537738
validation_perplexity,quality,lower_is_better,50m,10007,dense_121m,83.55496089264479
validation_perplexity,quality,lower_is_better,50m,10007,mla_121m,87.68511868016958
validation_perplexity,quality,lower_is_better,50m,10007,mtp_121m,80.54232503509492
validation_perplexity,quality,lower_is_better,50m,10007,moe_220m,80.63448388668773
validation_perplexity,quality,lower_is_better,50m,10007,mla_moe_220m,84.22119385384438
validation_perplexity,quality,lower_is_better,50m,10007,v3_routing_220m,80.97823054449397
validation_perplexity,quality,lower_is_better,50m,11213,dense_121m,82.14668700189847
validation_perplexity,quality,lower_is_better,50m,11213,mla_121m,85.41455341318236
validation_perplexity,quality,lower_is_better,50m,11213,mtp_121m,80.59728698485199
validation_perplexity,quality,lower_is_better,50m,11213,moe_220m,79.91600878384772
validation_perplexity,quality,lower_is_better,50m,11213,mla_moe_220m,83.74496089689697
validation_perplexity,quality,lower_is_better,50m,11213,v3_routing_220m,80.30314531442038
validation_perplexity,quality,lower_is_better,50m,12721,dense_121m,83.31910638626508
validation_perplexity,quality,lower_is_better,50m,12721,mla_121m,87.47826368551621
validation_perplexity,quality,lower_is_better,50m,12721,mtp_121m,82.0078139390709
validation_perplexity,quality,lower_is_better,50m,12721,moe_220m,80.53440600316566
validation_perplexity,quality,lower_is_better,50m,12721,mla_moe_220m,85.05028980701796
validation_perplexity,quality,lower_is_better,50m,12721,v3_routing_220m,80.61932889547259
test_perplexity,quality,lower_is_better,10m,1337,dense_121m,145.61078409299938
test_perplexity,quality,lower_is_better,10m,1337,mla_121m,157.21973157762156
test_perplexity,quality,lower_is_better,10m,1337,mtp_121m,146.19294034436012
test_perplexity,quality,lower_is_better,10m,1337,moe_220m,141.97063239487525
test_perplexity,quality,lower_is_better,10m,1337,mla_moe_220m,144.79237881883256
test_perplexity,quality,lower_is_better,10m,1337,v3_routing_220m,137.65282173442793
test_perplexity,quality,lower_is_better,10m,2027,dense_121m,150.13505038162992
test_perplexity,quality,lower_is_better,10m,2027,mla_121m,157.70853515932828
test_perplexity,quality,lower_is_better,10m,2027,mtp_121m,151.81176829942632
test_perplexity,quality,lower_is_better,10m,2027,moe_220m,140.12797928740426
test_perplexity,quality,lower_is_better,10m,2027,mla_moe_220m,147.61393171432454
test_perplexity,quality,lower_is_better,10m,2027,v3_routing_220m,140.72106462367194
test_perplexity,quality,lower_is_better,10m,31415,dense_121m,145.63210494359083
test_perplexity,quality,lower_is_better,10m,31415,mla_121m,156.86562577997955
test_perplexity,quality,lower_is_better,10m,31415,mtp_121m,152.8288461495514
test_perplexity,quality,lower_is_better,10m,31415,moe_220m,139.46381949450264
test_perplexity,quality,lower_is_better,10m,31415,mla_moe_220m,149.9892416317247
test_perplexity,quality,lower_is_better,10m,31415,v3_routing_220m,139.6170739543683
test_perplexity,quality,lower_is_better,10m,4441,dense_121m,145.85862208911408
test_perplexity,quality,lower_is_better,10m,4441,mla_121m,149.37519874064552
test_perplexity,quality,lower_is_better,10m,4441,mtp_121m,149.75913679448053
test_perplexity,quality,lower_is_better,10m,4441,moe_220m,142.451954810098
test_perplexity,quality,lower_is_better,10m,4441,mla_moe_220m,144.92636781683598
test_perplexity,quality,lower_is_better,10m,4441,v3_routing_220m,143.18744038574877
test_perplexity,quality,lower_is_better,10m,5501,dense_121m,150.03244620111175
test_perplexity,quality,lower_is_better,10m,5501,mla_121m,157.95011237400533
test_perplexity,quality,lower_is_better,10m,5501,mtp_121m,143.7721735378196
test_perplexity,quality,lower_is_better,10m,5501,moe_220m,140.86303944602693
test_perplexity,quality,lower_is_better,10m,5501,mla_moe_220m,149.23152194739203
test_perplexity,quality,lower_is_better,10m,5501,v3_routing_220m,142.6382430345395
test_perplexity,quality,lower_is_better,10m,6173,dense_121m,146.35636826057726
test_perplexity,quality,lower_is_better,10m,6173,mla_121m,166.40628239429384
test_perplexity,quality,lower_is_better,10m,6173,mtp_121m,145.3299087231265
test_perplexity,quality,lower_is_better,10m,6173,moe_220m,140.75502989663917
test_perplexity,quality,lower_is_better,10m,6173,mla_moe_220m,142.94350795547052
test_perplexity,quality,lower_is_better,10m,6173,v3_routing_220m,142.8022117042382
test_perplexity,quality,lower_is_better,10m,8191,dense_121m,148.01275046735907
test_perplexity,quality,lower_is_better,10m,8191,mla_121m,159.0451512900696
test_perplexity,quality,lower_is_better,10m,8191,mtp_121m,144.7878573035438
test_perplexity,quality,lower_is_better,10m,8191,moe_220m,141.4251809376282
test_perplexity,quality,lower_is_better,10m,8191,mla_moe_220m,146.66135625550538
test_perplexity,quality,lower_is_better,10m,8191,v3_routing_220m,142.24278928995994
test_perplexity,quality,lower_is_better,10m,10007,dense_121m,147.02331685265315
test_perplexity,quality,lower_is_better,10m,10007,mla_121m,155.05089146782623
test_perplexity,quality,lower_is_better,10m,10007,mtp_121m,148.1555053542389
test_perplexity,quality,lower_is_better,10m,10007,moe_220m,139.45393705208005
test_perplexity,quality,lower_is_better,10m,10007,mla_moe_220m,148.8933206319988
test_perplexity,quality,lower_is_better,10m,10007,v3_routing_220m,140.69911087848865
test_perplexity,quality,lower_is_better,10m,11213,dense_121m,150.4798507423417
test_perplexity,quality,lower_is_better,10m,11213,mla_121m,152.3291927092512
test_perplexity,quality,lower_is_better,10m,11213,mtp_121m,150.3266743066807
test_perplexity,quality,lower_is_better,10m,11213,moe_220m,139.16536255438774
test_perplexity,quality,lower_is_better,10m,11213,mla_moe_220m,154.08848534891297
test_perplexity,quality,lower_is_better,10m,11213,v3_routing_220m,141.42488893666626
test_perplexity,quality,lower_is_better,10m,12721,dense_121m,151.36474939481917
test_perplexity,quality,lower_is_better,10m,12721,mla_121m,156.86522784789324
test_perplexity,quality,lower_is_better,10m,12721,mtp_121m,148.09901765345256
test_perplexity,quality,lower_is_better,10m,12721,moe_220m,137.09763228855454
test_perplexity,quality,lower_is_better,10m,12721,mla_moe_220m,151.65463273171733
test_perplexity,quality,lower_is_better,10m,12721,v3_routing_220m,143.0000912325426
test_perplexity,quality,lower_is_better,25m,1337,dense_121m,95.55177299980454
test_perplexity,quality,lower_is_better,25m,1337,mla_121m,99.1600305163436
test_perplexity,quality,lower_is_better,25m,1337,mtp_121m,94.4660566000982
test_perplexity,quality,lower_is_better,25m,1337,moe_220m,95.34360206322302
test_perplexity,quality,lower_is_better,25m,1337,mla_moe_220m,96.65197528500018
test_perplexity,quality,lower_is_better,25m,1337,v3_routing_220m,93.05299143723204
test_perplexity,quality,lower_is_better,25m,2027,dense_121m,95.24022079673277
test_perplexity,quality,lower_is_better,25m,2027,mla_121m,99.03721857412063
test_perplexity,quality,lower_is_better,25m,2027,mtp_121m,95.04963492900829
test_perplexity,quality,lower_is_better,25m,2027,moe_220m,91.9183202337181
test_perplexity,quality,lower_is_better,25m,2027,mla_moe_220m,97.3528348164436
test_perplexity,quality,lower_is_better,25m,2027,v3_routing_220m,93.08704362975632
test_perplexity,quality,lower_is_better,25m,31415,dense_121m,94.78378867962776
test_perplexity,quality,lower_is_better,25m,31415,mla_121m,100.43124431485786
test_perplexity,quality,lower_is_better,25m,31415,mtp_121m,94.6252090149138
test_perplexity,quality,lower_is_better,25m,31415,moe_220m,93.42754689457296
test_perplexity,quality,lower_is_better,25m,31415,mla_moe_220m,98.3308700937299
test_perplexity,quality,lower_is_better,25m,31415,v3_routing_220m,93.81409977833087
test_perplexity,quality,lower_is_better,25m,4441,dense_121m,94.38031580616479
test_perplexity,quality,lower_is_better,25m,4441,mla_121m,97.76274260869167
test_perplexity,quality,lower_is_better,25m,4441,mtp_121m,94.91281596735945
test_perplexity,quality,lower_is_better,25m,4441,moe_220m,93.52703214021683
test_perplexity,quality,lower_is_better,25m,4441,mla_moe_220m,96.39370925191197
test_perplexity,quality,lower_is_better,25m,4441,v3_routing_220m,93.25232760171852
test_perplexity,quality,lower_is_better,25m,5501,dense_121m,94.9846985540634
test_perplexity,quality,lower_is_better,25m,5501,mla_121m,99.19510098259597
test_perplexity,quality,lower_is_better,25m,5501,mtp_121m,95.64697271817954
test_perplexity,quality,lower_is_better,25m,5501,moe_220m,93.4441507161761
test_perplexity,quality,lower_is_better,25m,5501,mla_moe_220m,97.35643208099339
test_perplexity,quality,lower_is_better,25m,5501,v3_routing_220m,93.12802839834163
test_perplexity,quality,lower_is_better,25m,6173,dense_121m,95.43641248950233
test_perplexity,quality,lower_is_better,25m,6173,mla_121m,102.362347885209
test_perplexity,quality,lower_is_better,25m,6173,mtp_121m,93.13468745172204
test_perplexity,quality,lower_is_better,25m,6173,moe_220m,93.59089254301271
test_perplexity,quality,lower_is_better,25m,6173,mla_moe_220m,96.06215152951724
test_perplexity,quality,lower_is_better,25m,6173,v3_routing_220m,93.86498893829165
test_perplexity,quality,lower_is_better,25m,8191,dense_121m,95.67005339409822
test_perplexity,quality,lower_is_better,25m,8191,mla_121m,100.57183800968818
test_perplexity,quality,lower_is_better,25m,8191,mtp_121m,92.54982953524375
test_perplexity,quality,lower_is_better,25m,8191,moe_220m,94.8050932821112
test_perplexity,quality,lower_is_better,25m,8191,mla_moe_220m,96.29866284883443
test_perplexity,quality,lower_is_better,25m,8191,v3_routing_220m,94.16043574025336
test_perplexity,quality,lower_is_better,25m,10007,dense_121m,96.23291652180615
test_perplexity,quality,lower_is_better,25m,10007,mla_121m,100.98928377948587
test_perplexity,quality,lower_is_better,25m,10007,mtp_121m,95.09673263735117
test_perplexity,quality,lower_is_better,25m,10007,moe_220m,93.19928120861243
test_perplexity,quality,lower_is_better,25m,10007,mla_moe_220m,98.40757516705044
test_perplexity,quality,lower_is_better,25m,10007,v3_routing_220m,93.98004462500428
test_perplexity,quality,lower_is_better,25m,11213,dense_121m,95.4424119486301
test_perplexity,quality,lower_is_better,25m,11213,mla_121m,98.23433283877216
test_perplexity,quality,lower_is_better,25m,11213,mtp_121m,95.03663712466702
test_perplexity,quality,lower_is_better,25m,11213,moe_220m,92.88974058372115
test_perplexity,quality,lower_is_better,25m,11213,mla_moe_220m,98.39574248620853
test_perplexity,quality,lower_is_better,25m,11213,v3_routing_220m,93.52074749600996
test_perplexity,quality,lower_is_better,25m,12721,dense_121m,98.18941294516551
test_perplexity,quality,lower_is_better,25m,12721,mla_121m,101.65251560446228
test_perplexity,quality,lower_is_better,25m,12721,mtp_121m,96.75757250765939
test_perplexity,quality,lower_is_better,25m,12721,moe_220m,93.00827564786057
test_perplexity,quality,lower_is_better,25m,12721,mla_moe_220m,100.40347712053472
test_perplexity,quality,lower_is_better,25m,12721,v3_routing_220m,94.06545677439844
test_perplexity,quality,lower_is_better,50m,1337,dense_121m,78.93154338588741
test_perplexity,quality,lower_is_better,50m,1337,mla_121m,83.02090178619319
test_perplexity,quality,lower_is_better,50m,1337,mtp_121m,78.18160599049632
test_perplexity,quality,lower_is_better,50m,1337,moe_220m,77.6295846338609
test_perplexity,quality,lower_is_better,50m,1337,mla_moe_220m,80.11352820288145
test_perplexity,quality,lower_is_better,50m,1337,v3_routing_220m,77.04754071254696
test_perplexity,quality,lower_is_better,50m,2027,dense_121m,80.17185959830223
test_perplexity,quality,lower_is_better,50m,2027,mla_121m,83.51064212744136
test_perplexity,quality,lower_is_better,50m,2027,mtp_121m,79.34357832081866
test_perplexity,quality,lower_is_better,50m,2027,moe_220m,77.54882557143539
test_perplexity,quality,lower_is_better,50m,2027,mla_moe_220m,81.37793139079918
test_perplexity,quality,lower_is_better,50m,2027,v3_routing_220m,78.05375095170224
test_perplexity,quality,lower_is_better,50m,31415,dense_121m,80.56755626328285
test_perplexity,quality,lower_is_better,50m,31415,mla_121m,84.75541092124946
test_perplexity,quality,lower_is_better,50m,31415,mtp_121m,78.76384708312818
test_perplexity,quality,lower_is_better,50m,31415,moe_220m,78.47619733048603
test_perplexity,quality,lower_is_better,50m,31415,mla_moe_220m,82.3896400169401
test_perplexity,quality,lower_is_better,50m,31415,v3_routing_220m,78.70102244397309
test_perplexity,quality,lower_is_better,50m,4441,dense_121m,79.29099556724304
test_perplexity,quality,lower_is_better,50m,4441,mla_121m,82.75777233718986
test_perplexity,quality,lower_is_better,50m,4441,mtp_121m,78.99283781187754
test_perplexity,quality,lower_is_better,50m,4441,moe_220m,77.73121151497125
test_perplexity,quality,lower_is_better,50m,4441,mla_moe_220m,80.41368624594253
test_perplexity,quality,lower_is_better,50m,4441,v3_routing_220m,77.51903946756433
test_perplexity,quality,lower_is_better,50m,5501,dense_121m,79.5366226186051
test_perplexity,quality,lower_is_better,50m,5501,mla_121m,83.3116589997002
test_perplexity,quality,lower_is_better,50m,5501,mtp_121m,80.18301041214073
test_perplexity,quality,lower_is_better,50m,5501,moe_220m,77.18637165625238
test_perplexity,quality,lower_is_better,50m,5501,mla_moe_220m,81.07595576318053
test_perplexity,quality,lower_is_better,50m,5501,v3_routing_220m,78.2491363531827
test_perplexity,quality,lower_is_better,50m,6173,dense_121m,79.16715463847157
test_perplexity,quality,lower_is_better,50m,6173,mla_121m,85.23336204662665
test_perplexity,quality,lower_is_better,50m,6173,mtp_121m,78.22952813249975
test_perplexity,quality,lower_is_better,50m,6173,moe_220m,77.42659620689969
test_perplexity,quality,lower_is_better,50m,6173,mla_moe_220m,81.11236099777365
test_perplexity,quality,lower_is_better,50m,6173,v3_routing_220m,77.97349314756833
test_perplexity,quality,lower_is_better,50m,8191,dense_121m,79.9883671269985
test_perplexity,quality,lower_is_better,50m,8191,mla_121m,84.59163590353941
test_perplexity,quality,lower_is_better,50m,8191,mtp_121m,77.9788226194358
test_perplexity,quality,lower_is_better,50m,8191,moe_220m,78.6475580056442
test_perplexity,quality,lower_is_better,50m,8191,mla_moe_220m,81.16183208016935
test_perplexity,quality,lower_is_better,50m,8191,v3_routing_220m,78.3484353018768
test_perplexity,quality,lower_is_better,50m,10007,dense_121m,80.24275071344456
test_perplexity,quality,lower_is_better,50m,10007,mla_121m,84.38268503683595
test_perplexity,quality,lower_is_better,50m,10007,mtp_121m,77.596274372935
test_perplexity,quality,lower_is_better,50m,10007,moe_220m,77.80098734205727
test_perplexity,quality,lower_is_better,50m,10007,mla_moe_220m,81.55515132515151
test_perplexity,quality,lower_is_better,50m,10007,v3_routing_220m,77.94004553842453
test_perplexity,quality,lower_is_better,50m,11213,dense_121m,80.02467475024332
test_perplexity,quality,lower_is_better,50m,11213,mla_121m,82.80075088208967
test_perplexity,quality,lower_is_better,50m,11213,mtp_121m,78.20284629933195
test_perplexity,quality,lower_is_better,50m,11213,moe_220m,77.25742814049774
test_perplexity,quality,lower_is_better,50m,11213,mla_moe_220m,81.41524477081644
test_perplexity,quality,lower_is_better,50m,11213,v3_routing_220m,77.83228650898847
test_perplexity,quality,lower_is_better,50m,12721,dense_121m,79.61675341246294
test_perplexity,quality,lower_is_better,50m,12721,mla_121m,83.28886668897319
test_perplexity,quality,lower_is_better,50m,12721,mtp_121m,78.27525190143722
test_perplexity,quality,lower_is_better,50m,12721,moe_220m,76.53269234139223
test_perplexity,quality,lower_is_better,50m,12721,mla_moe_220m,81.13711694926133
test_perplexity,quality,lower_is_better,50m,12721,v3_routing_220m,76.89838461291602
train_loss,optimization,lower_is_better,10m,1337,dense_121m,5.131129741668701
train_loss,optimization,lower_is_better,10m,1337,mla_121m,5.2342610359191895
train_loss,optimization,lower_is_better,10m,1337,mtp_121m,7.216582298278809
train_loss,optimization,lower_is_better,10m,1337,moe_220m,5.246084690093994
train_loss,optimization,lower_is_better,10m,1337,mla_moe_220m,5.237266540527344
train_loss,optimization,lower_is_better,10m,1337,v3_routing_220m,5.046967029571533
train_loss,optimization,lower_is_better,10m,2027,dense_121m,4.760186672210693
train_loss,optimization,lower_is_better,10m,2027,mla_121m,4.772636413574219
train_loss,optimization,lower_is_better,10m,2027,mtp_121m,6.699011325836182
train_loss,optimization,lower_is_better,10m,2027,moe_220m,4.788061618804932
train_loss,optimization,lower_is_better,10m,2027,mla_moe_220m,4.86407470703125
train_loss,optimization,lower_is_better,10m,2027,v3_routing_220m,4.6898980140686035
train_loss,optimization,lower_is_better,10m,31415,dense_121m,5.212094783782959
train_loss,optimization,lower_is_better,10m,31415,mla_121m,5.218181610107422
train_loss,optimization,lower_is_better,10m,31415,mtp_121m,7.26869010925293
train_loss,optimization,lower_is_better,10m,31415,moe_220m,5.240318298339844
train_loss,optimization,lower_is_better,10m,31415,mla_moe_220m,5.303387641906738
train_loss,optimization,lower_is_better,10m,31415,v3_routing_220m,5.142045021057129
train_loss,optimization,lower_is_better,10m,4441,dense_121m,4.876645565032959
train_loss,optimization,lower_is_better,10m,4441,mla_121m,4.8786725997924805
train_loss,optimization,lower_is_better,10m,4441,mtp_121m,6.976700305938721
train_loss,optimization,lower_is_better,10m,4441,moe_220m,4.973782062530518
train_loss,optimization,lower_is_better,10m,4441,mla_moe_220m,5.002380847930908
train_loss,optimization,lower_is_better,10m,4441,v3_routing_220m,4.853201389312744
train_loss,optimization,lower_is_better,10m,5501,dense_121m,5.071008682250977
train_loss,optimization,lower_is_better,10m,5501,mla_121m,5.082636833190918
train_loss,optimization,lower_is_better,10m,5501,mtp_121m,7.037286758422852
train_loss,optimization,lower_is_better,10m,5501,moe_220m,5.094444274902344
train_loss,optimization,lower_is_better,10m,5501,mla_moe_220m,5.192797660827637
train_loss,optimization,lower_is_better,10m,5501,v3_routing_220m,5.004938125610352
train_loss,optimization,lower_is_better,10m,6173,dense_121m,5.1982421875
train_loss,optimization,lower_is_better,10m,6173,mla_121m,5.314332008361816
train_loss,optimization,lower_is_better,10m,6173,mtp_121m,7.177035808563232
train_loss,optimization,lower_is_better,10m,6173,moe_220m,5.264789581298828
train_loss,optimization,lower_is_better,10m,6173,mla_moe_220m,5.289275646209717
train_loss,optimization,lower_is_better,10m,6173,v3_routing_220m,5.193730354309082
train_loss,optimization,lower_is_better,10m,8191,dense_121m,5.116351127624512
train_loss,optimization,lower_is_better,10m,8191,mla_121m,5.150837421417236
train_loss,optimization,lower_is_better,10m,8191,mtp_121m,7.15482759475708
train_loss,optimization,lower_is_better,10m,8191,moe_220m,5.192539691925049
train_loss,optimization,lower_is_better,10m,8191,mla_moe_220m,5.194093704223633
train_loss,optimization,lower_is_better,10m,8191,v3_routing_220m,5.064820289611816
train_loss,optimization,lower_is_better,10m,10007,dense_121m,4.893977642059326
train_loss,optimization,lower_is_better,10m,10007,mla_121m,4.875804424285889
train_loss,optimization,lower_is_better,10m,10007,mtp_121m,6.896725654602051
train_loss,optimization,lower_is_better,10m,10007,moe_220m,4.933835029602051
train_loss,optimization,lower_is_better,10m,10007,mla_moe_220m,4.980559825897217
train_loss,optimization,lower_is_better,10m,10007,v3_routing_220m,4.828364372253418
train_loss,optimization,lower_is_better,10m,11213,dense_121m,5.063938140869141
train_loss,optimization,lower_is_better,10m,11213,mla_121m,4.994078159332275
train_loss,optimization,lower_is_better,10m,11213,mtp_121m,7.0538787841796875
train_loss,optimization,lower_is_better,10m,11213,moe_220m,5.139350891113281
train_loss,optimization,lower_is_better,10m,11213,mla_moe_220m,5.188798427581787
train_loss,optimization,lower_is_better,10m,11213,v3_routing_220m,4.988927364349365
train_loss,optimization,lower_is_better,10m,12721,dense_121m,4.878689765930176
train_loss,optimization,lower_is_better,10m,12721,mla_121m,4.919567108154297
train_loss,optimization,lower_is_better,10m,12721,mtp_121m,6.7648186683654785
train_loss,optimization,lower_is_better,10m,12721,moe_220m,4.912929058074951
train_loss,optimization,lower_is_better,10m,12721,mla_moe_220m,4.998330593109131
train_loss,optimization,lower_is_better,10m,12721,v3_routing_220m,4.8082098960876465
train_loss,optimization,lower_is_better,25m,1337,dense_121m,4.54842472076416
train_loss,optimization,lower_is_better,25m,1337,mla_121m,4.564611434936523
train_loss,optimization,lower_is_better,25m,1337,mtp_121m,6.459316253662109
train_loss,optimization,lower_is_better,25m,1337,moe_220m,4.683833122253418
train_loss,optimization,lower_is_better,25m,1337,mla_moe_220m,4.650742530822754
train_loss,optimization,lower_is_better,25m,1337,v3_routing_220m,4.493775367736816
train_loss,optimization,lower_is_better,25m,2027,dense_121m,4.502302169799805
train_loss,optimization,lower_is_better,25m,2027,mla_121m,4.570327281951904
train_loss,optimization,lower_is_better,25m,2027,mtp_121m,6.52070426940918
train_loss,optimization,lower_is_better,25m,2027,moe_220m,4.646134376525879
train_loss,optimization,lower_is_better,25m,2027,mla_moe_220m,4.700523853302002
train_loss,optimization,lower_is_better,25m,2027,v3_routing_220m,4.524990081787109
train_loss,optimization,lower_is_better,25m,31415,dense_121m,4.571917533874512
train_loss,optimization,lower_is_better,25m,31415,mla_121m,4.653117656707764
train_loss,optimization,lower_is_better,25m,31415,mtp_121m,6.575118064880371
train_loss,optimization,lower_is_better,25m,31415,moe_220m,4.722128391265869
train_loss,optimization,lower_is_better,25m,31415,mla_moe_220m,4.782835960388184
train_loss,optimization,lower_is_better,25m,31415,v3_routing_220m,4.587863922119141
train_loss,optimization,lower_is_better,25m,4441,dense_121m,4.727557182312012
train_loss,optimization,lower_is_better,25m,4441,mla_121m,4.808928966522217
train_loss,optimization,lower_is_better,25m,4441,mtp_121m,6.779006004333496
train_loss,optimization,lower_is_better,25m,4441,moe_220m,4.8504862785339355
train_loss,optimization,lower_is_better,25m,4441,mla_moe_220m,4.8613362312316895
train_loss,optimization,lower_is_better,25m,4441,v3_routing_220m,4.7649922370910645
train_loss,optimization,lower_is_better,25m,5501,dense_121m,4.355335712432861
train_loss,optimization,lower_is_better,25m,5501,mla_121m,4.399806022644043
train_loss,optimization,lower_is_better,25m,5501,mtp_121m,6.338687419891357
train_loss,optimization,lower_is_better,25m,5501,moe_220m,4.470824718475342
train_loss,optimization,lower_is_better,25m,5501,mla_moe_220m,4.516546726226807
train_loss,optimization,lower_is_better,25m,5501,v3_routing_220m,4.3347015380859375
train_loss,optimization,lower_is_better,25m,6173,dense_121m,4.319053649902344
train_loss,optimization,lower_is_better,25m,6173,mla_121m,4.450374126434326
train_loss,optimization,lower_is_better,25m,6173,mtp_121m,6.243891716003418
train_loss,optimization,lower_is_better,25m,6173,moe_220m,4.457578182220459
train_loss,optimization,lower_is_better,25m,6173,mla_moe_220m,4.461749076843262
train_loss,optimization,lower_is_better,25m,6173,v3_routing_220m,4.326218128204346
train_loss,optimization,lower_is_better,25m,8191,dense_121m,4.912210464477539
train_loss,optimization,lower_is_better,25m,8191,mla_121m,4.953968048095703
train_loss,optimization,lower_is_better,25m,8191,mtp_121m,6.882096290588379
train_loss,optimization,lower_is_better,25m,8191,moe_220m,5.04425048828125
train_loss,optimization,lower_is_better,25m,8191,mla_moe_220m,5.060979843139648
train_loss,optimization,lower_is_better,25m,8191,v3_routing_220m,4.852590560913086
train_loss,optimization,lower_is_better,25m,10007,dense_121m,4.784292221069336
train_loss,optimization,lower_is_better,25m,10007,mla_121m,4.814696311950684
train_loss,optimization,lower_is_better,25m,10007,mtp_121m,6.802293300628662
train_loss,optimization,lower_is_better,25m,10007,moe_220m,4.9000983238220215
train_loss,optimization,lower_is_better,25m,10007,mla_moe_220m,4.908543109893799
train_loss,optimization,lower_is_better,25m,10007,v3_routing_220m,4.759875774383545
train_loss,optimization,lower_is_better,25m,11213,dense_121m,4.661306381225586
train_loss,optimization,lower_is_better,25m,11213,mla_121m,4.727997303009033
train_loss,optimization,lower_is_better,25m,11213,mtp_121m,6.59986686706543
train_loss,optimization,lower_is_better,25m,11213,moe_220m,4.788980960845947
train_loss,optimization,lower_is_better,25m,11213,mla_moe_220m,4.820135593414307
train_loss,optimization,lower_is_better,25m,11213,v3_routing_220m,4.628793716430664
train_loss,optimization,lower_is_better,25m,12721,dense_121m,4.808291912078857
train_loss,optimization,lower_is_better,25m,12721,mla_121m,4.829187393188477
train_loss,optimization,lower_is_better,25m,12721,mtp_121m,6.761941432952881
train_loss,optimization,lower_is_better,25m,12721,moe_220m,4.883914947509766
train_loss,optimization,lower_is_better,25m,12721,mla_moe_220m,5.000805854797363
train_loss,optimization,lower_is_better,25m,12721,v3_routing_220m,4.753916263580322
train_loss,optimization,lower_is_better,50m,1337,dense_121m,4.418280124664307
train_loss,optimization,lower_is_better,50m,1337,mla_121m,4.459622383117676
train_loss,optimization,lower_is_better,50m,1337,mtp_121m,6.404073238372803
train_loss,optimization,lower_is_better,50m,1337,moe_220m,4.516412734985352
train_loss,optimization,lower_is_better,50m,1337,mla_moe_220m,4.556689739227295
train_loss,optimization,lower_is_better,50m,1337,v3_routing_220m,4.415286540985107
train_loss,optimization,lower_is_better,50m,2027,dense_121m,4.479681968688965
train_loss,optimization,lower_is_better,50m,2027,mla_121m,4.575899600982666
train_loss,optimization,lower_is_better,50m,2027,mtp_121m,6.449969291687012
train_loss,optimization,lower_is_better,50m,2027,moe_220m,4.553750514984131
train_loss,optimization,lower_is_better,50m,2027,mla_moe_220m,4.600246429443359
train_loss,optimization,lower_is_better,50m,2027,v3_routing_220m,4.4435014724731445
train_loss,optimization,lower_is_better,50m,31415,dense_121m,4.708812236785889
train_loss,optimization,lower_is_better,50m,31415,mla_121m,4.808748245239258
train_loss,optimization,lower_is_better,50m,31415,mtp_121m,6.738745212554932
train_loss,optimization,lower_is_better,50m,31415,moe_220m,4.788602828979492
train_loss,optimization,lower_is_better,50m,31415,mla_moe_220m,4.825784206390381
train_loss,optimization,lower_is_better,50m,31415,v3_routing_220m,4.7390666007995605
train_loss,optimization,lower_is_better,50m,4441,dense_121m,4.798694133758545
train_loss,optimization,lower_is_better,50m,4441,mla_121m,4.830804347991943
train_loss,optimization,lower_is_better,50m,4441,mtp_121m,6.812649726867676
train_loss,optimization,lower_is_better,50m,4441,moe_220m,4.901474952697754
train_loss,optimization,lower_is_better,50m,4441,mla_moe_220m,4.890401840209961
train_loss,optimization,lower_is_better,50m,4441,v3_routing_220m,4.726370811462402
train_loss,optimization,lower_is_better,50m,5501,dense_121m,4.551538467407227
train_loss,optimization,lower_is_better,50m,5501,mla_121m,4.623826026916504
train_loss,optimization,lower_is_better,50m,5501,mtp_121m,6.607054710388184
train_loss,optimization,lower_is_better,50m,5501,moe_220m,4.654541969299316
train_loss,optimization,lower_is_better,50m,5501,mla_moe_220m,4.740800857543945
train_loss,optimization,lower_is_better,50m,5501,v3_routing_220m,4.5273756980896
train_loss,optimization,lower_is_better,50m,6173,dense_121m,4.479151725769043
train_loss,optimization,lower_is_better,50m,6173,mla_121m,4.55820369720459
train_loss,optimization,lower_is_better,50m,6173,mtp_121m,6.38269567489624
train_loss,optimization,lower_is_better,50m,6173,moe_220m,4.536038875579834
train_loss,optimization,lower_is_better,50m,6173,mla_moe_220m,4.633060455322266
train_loss,optimization,lower_is_better,50m,6173,v3_routing_220m,4.457089424133301
train_loss,optimization,lower_is_better,50m,8191,dense_121m,4.314378261566162
train_loss,optimization,lower_is_better,50m,8191,mla_121m,4.360620021820068
train_loss,optimization,lower_is_better,50m,8191,mtp_121m,6.19719123840332
train_loss,optimization,lower_is_better,50m,8191,moe_220m,4.439083099365234
train_loss,optimization,lower_is_better,50m,8191,mla_moe_220m,4.4322733879089355
train_loss,optimization,lower_is_better,50m,8191,v3_routing_220m,4.2914533615112305
train_loss,optimization,lower_is_better,50m,10007,dense_121m,4.18446159362793
train_loss,optimization,lower_is_better,50m,10007,mla_121m,4.279387474060059
train_loss,optimization,lower_is_better,50m,10007,mtp_121m,6.090059757232666
train_loss,optimization,lower_is_better,50m,10007,moe_220m,4.270902633666992
train_loss,optimization,lower_is_better,50m,10007,mla_moe_220m,4.371596813201904
train_loss,optimization,lower_is_better,50m,10007,v3_routing_220m,4.213029861450195
train_loss,optimization,lower_is_better,50m,11213,dense_121m,4.817912578582764
train_loss,optimization,lower_is_better,50m,11213,mla_121m,4.777510643005371
train_loss,optimization,lower_is_better,50m,11213,mtp_121m,6.80112361907959
train_loss,optimization,lower_is_better,50m,11213,moe_220m,4.913909435272217
train_loss,optimization,lower_is_better,50m,11213,mla_moe_220m,4.923166275024414
train_loss,optimization,lower_is_better,50m,11213,v3_routing_220m,4.75701379776001
train_loss,optimization,lower_is_better,50m,12721,dense_121m,4.652286052703857
train_loss,optimization,lower_is_better,50m,12721,mla_121m,4.69223690032959
train_loss,optimization,lower_is_better,50m,12721,mtp_121m,6.610606670379639
train_loss,optimization,lower_is_better,50m,12721,moe_220m,4.750505447387695
train_loss,optimization,lower_is_better,50m,12721,mla_moe_220m,4.767795085906982
train_loss,optimization,lower_is_better,50m,12721,v3_routing_220m,4.62764310836792
lm_loss,optimization,lower_is_better,10m,1337,dense_121m,5.131129741668701
lm_loss,optimization,lower_is_better,10m,1337,mla_121m,5.2342610359191895
lm_loss,optimization,lower_is_better,10m,1337,mtp_121m,5.162921905517578
lm_loss,optimization,lower_is_better,10m,1337,moe_220m,5.122633457183838
lm_loss,optimization,lower_is_better,10m,1337,mla_moe_220m,5.1143317222595215
lm_loss,optimization,lower_is_better,10m,1337,v3_routing_220m,5.046967029571533
lm_loss,optimization,lower_is_better,10m,2027,dense_121m,4.760186672210693
lm_loss,optimization,lower_is_better,10m,2027,mla_121m,4.772636413574219
lm_loss,optimization,lower_is_better,10m,2027,mtp_121m,4.751641273498535
lm_loss,optimization,lower_is_better,10m,2027,moe_220m,4.666083812713623
lm_loss,optimization,lower_is_better,10m,2027,mla_moe_220m,4.741405010223389
lm_loss,optimization,lower_is_better,10m,2027,v3_routing_220m,4.6898980140686035
lm_loss,optimization,lower_is_better,10m,31415,dense_121m,5.212094783782959
lm_loss,optimization,lower_is_better,10m,31415,mla_121m,5.218181610107422
lm_loss,optimization,lower_is_better,10m,31415,mtp_121m,5.234853267669678
lm_loss,optimization,lower_is_better,10m,31415,moe_220m,5.118762016296387
lm_loss,optimization,lower_is_better,10m,31415,mla_moe_220m,5.181750774383545
lm_loss,optimization,lower_is_better,10m,31415,v3_routing_220m,5.142045021057129
lm_loss,optimization,lower_is_better,10m,4441,dense_121m,4.876645565032959
lm_loss,optimization,lower_is_better,10m,4441,mla_121m,4.8786725997924805
lm_loss,optimization,lower_is_better,10m,4441,mtp_121m,4.929546356201172
lm_loss,optimization,lower_is_better,10m,4441,moe_220m,4.852490425109863
lm_loss,optimization,lower_is_better,10m,4441,mla_moe_220m,4.879983901977539
lm_loss,optimization,lower_is_better,10m,4441,v3_routing_220m,4.853201389312744
lm_loss,optimization,lower_is_better,10m,5501,dense_121m,5.071008682250977
lm_loss,optimization,lower_is_better,10m,5501,mla_121m,5.082636833190918
lm_loss,optimization,lower_is_better,10m,5501,mtp_121m,5.016901016235352
lm_loss,optimization,lower_is_better,10m,5501,moe_220m,4.972051620483398
lm_loss,optimization,lower_is_better,10m,5501,mla_moe_220m,5.0707926750183105
lm_loss,optimization,lower_is_better,10m,5501,v3_routing_220m,5.004938125610352
lm_loss,optimization,lower_is_better,10m,6173,dense_121m,5.1982421875
lm_loss,optimization,lower_is_better,10m,6173,mla_121m,5.314332008361816
lm_loss,optimization,lower_is_better,10m,6173,mtp_121m,5.117180824279785
lm_loss,optimization,lower_is_better,10m,6173,moe_220m,5.1424713134765625
lm_loss,optimization,lower_is_better,10m,6173,mla_moe_220m,5.167410373687744
lm_loss,optimization,lower_is_better,10m,6173,v3_routing_220m,5.193730354309082
lm_loss,optimization,lower_is_better,10m,8191,dense_121m,5.116351127624512
lm_loss,optimization,lower_is_better,10m,8191,mla_121m,5.150837421417236
lm_loss,optimization,lower_is_better,10m,8191,mtp_121m,5.097719192504883
lm_loss,optimization,lower_is_better,10m,8191,moe_220m,5.070943355560303
lm_loss,optimization,lower_is_better,10m,8191,mla_moe_220m,5.0720648765563965
lm_loss,optimization,lower_is_better,10m,8191,v3_routing_220m,5.064820289611816
lm_loss,optimization,lower_is_better,10m,10007,dense_121m,4.893977642059326
lm_loss,optimization,lower_is_better,10m,10007,mla_121m,4.875804424285889
lm_loss,optimization,lower_is_better,10m,10007,mtp_121m,4.8669843673706055
lm_loss,optimization,lower_is_better,10m,10007,moe_220m,4.811826705932617
lm_loss,optimization,lower_is_better,10m,10007,mla_moe_220m,4.85801887512207
lm_loss,optimization,lower_is_better,10m,10007,v3_routing_220m,4.828364372253418
lm_loss,optimization,lower_is_better,10m,11213,dense_121m,5.063938140869141
lm_loss,optimization,lower_is_better,10m,11213,mla_121m,4.994078159332275
lm_loss,optimization,lower_is_better,10m,11213,mtp_121m,5.007049083709717
lm_loss,optimization,lower_is_better,10m,11213,moe_220m,5.016705513000488
lm_loss,optimization,lower_is_better,10m,11213,mla_moe_220m,5.067155361175537
lm_loss,optimization,lower_is_better,10m,11213,v3_routing_220m,4.988927364349365
lm_loss,optimization,lower_is_better,10m,12721,dense_121m,4.878689765930176
lm_loss,optimization,lower_is_better,10m,12721,mla_121m,4.919567108154297
lm_loss,optimization,lower_is_better,10m,12721,mtp_121m,4.7996721267700195
lm_loss,optimization,lower_is_better,10m,12721,moe_220m,4.791445732116699
lm_loss,optimization,lower_is_better,10m,12721,mla_moe_220m,4.876607418060303
lm_loss,optimization,lower_is_better,10m,12721,v3_routing_220m,4.8082098960876465
lm_loss,optimization,lower_is_better,25m,1337,dense_121m,4.54842472076416
lm_loss,optimization,lower_is_better,25m,1337,mla_121m,4.564611434936523
lm_loss,optimization,lower_is_better,25m,1337,mtp_121m,4.5057220458984375
lm_loss,optimization,lower_is_better,25m,1337,moe_220m,4.562414646148682
lm_loss,optimization,lower_is_better,25m,1337,mla_moe_220m,4.529661655426025
lm_loss,optimization,lower_is_better,25m,1337,v3_routing_220m,4.493775367736816
lm_loss,optimization,lower_is_better,25m,2027,dense_121m,4.502302169799805
lm_loss,optimization,lower_is_better,25m,2027,mla_121m,4.570327281951904
lm_loss,optimization,lower_is_better,25m,2027,mtp_121m,4.53072452545166
lm_loss,optimization,lower_is_better,25m,2027,moe_220m,4.5243988037109375
lm_loss,optimization,lower_is_better,25m,2027,mla_moe_220m,4.579207897186279
lm_loss,optimization,lower_is_better,25m,2027,v3_routing_220m,4.524990081787109
lm_loss,optimization,lower_is_better,25m,31415,dense_121m,4.571917533874512
lm_loss,optimization,lower_is_better,25m,31415,mla_121m,4.653117656707764
lm_loss,optimization,lower_is_better,25m,31415,mtp_121m,4.5879411697387695
lm_loss,optimization,lower_is_better,25m,31415,moe_220m,4.599740028381348
lm_loss,optimization,lower_is_better,25m,31415,mla_moe_220m,4.660987377166748
lm_loss,optimization,lower_is_better,25m,31415,v3_routing_220m,4.587863922119141
lm_loss,optimization,lower_is_better,25m,4441,dense_121m,4.727557182312012
lm_loss,optimization,lower_is_better,25m,4441,mla_121m,4.808928966522217
lm_loss,optimization,lower_is_better,25m,4441,mtp_121m,4.737911224365234
lm_loss,optimization,lower_is_better,25m,4441,moe_220m,4.728077411651611
lm_loss,optimization,lower_is_better,25m,4441,mla_moe_220m,4.739340782165527
lm_loss,optimization,lower_is_better,25m,4441,v3_routing_220m,4.7649922370910645
lm_loss,optimization,lower_is_better,25m,5501,dense_121m,4.355335712432861
lm_loss,optimization,lower_is_better,25m,5501,mla_121m,4.399806022644043
lm_loss,optimization,lower_is_better,25m,5501,mtp_121m,4.3946356773376465
lm_loss,optimization,lower_is_better,25m,5501,moe_220m,4.349503993988037
lm_loss,optimization,lower_is_better,25m,5501,mla_moe_220m,4.395129203796387
lm_loss,optimization,lower_is_better,25m,5501,v3_routing_220m,4.3347015380859375
lm_loss,optimization,lower_is_better,25m,6173,dense_121m,4.319053649902344
lm_loss,optimization,lower_is_better,25m,6173,mla_121m,4.450374126434326
lm_loss,optimization,lower_is_better,25m,6173,mtp_121m,4.308104038238525
lm_loss,optimization,lower_is_better,25m,6173,moe_220m,4.336154937744141
lm_loss,optimization,lower_is_better,25m,6173,mla_moe_220m,4.3401947021484375
lm_loss,optimization,lower_is_better,25m,6173,v3_routing_220m,4.326218128204346
lm_loss,optimization,lower_is_better,25m,8191,dense_121m,4.912210464477539
lm_loss,optimization,lower_is_better,25m,8191,mla_121m,4.953968048095703
lm_loss,optimization,lower_is_better,25m,8191,mtp_121m,4.851064205169678
lm_loss,optimization,lower_is_better,25m,8191,moe_220m,4.922764778137207
lm_loss,optimization,lower_is_better,25m,8191,mla_moe_220m,4.939309597015381
lm_loss,optimization,lower_is_better,25m,8191,v3_routing_220m,4.852590560913086
lm_loss,optimization,lower_is_better,25m,10007,dense_121m,4.784292221069336
lm_loss,optimization,lower_is_better,25m,10007,mla_121m,4.814696311950684
lm_loss,optimization,lower_is_better,25m,10007,mtp_121m,4.764503002166748
lm_loss,optimization,lower_is_better,25m,10007,moe_220m,4.777963638305664
lm_loss,optimization,lower_is_better,25m,10007,mla_moe_220m,4.786635875701904
lm_loss,optimization,lower_is_better,25m,10007,v3_routing_220m,4.759875774383545
lm_loss,optimization,lower_is_better,25m,11213,dense_121m,4.661306381225586
lm_loss,optimization,lower_is_better,25m,11213,mla_121m,4.727997303009033
lm_loss,optimization,lower_is_better,25m,11213,mtp_121m,4.650914669036865
lm_loss,optimization,lower_is_better,25m,11213,moe_220m,4.667202472686768
lm_loss,optimization,lower_is_better,25m,11213,mla_moe_220m,4.697810649871826
lm_loss,optimization,lower_is_better,25m,11213,v3_routing_220m,4.628793716430664
lm_loss,optimization,lower_is_better,25m,12721,dense_121m,4.808291912078857
lm_loss,optimization,lower_is_better,25m,12721,mla_121m,4.829187393188477
lm_loss,optimization,lower_is_better,25m,12721,mtp_121m,4.794936180114746
lm_loss,optimization,lower_is_better,25m,12721,moe_220m,4.761346817016602
lm_loss,optimization,lower_is_better,25m,12721,mla_moe_220m,4.877588748931885
lm_loss,optimization,lower_is_better,25m,12721,v3_routing_220m,4.753916263580322
lm_loss,optimization,lower_is_better,50m,1337,dense_121m,4.418280124664307
lm_loss,optimization,lower_is_better,50m,1337,mla_121m,4.459622383117676
lm_loss,optimization,lower_is_better,50m,1337,mtp_121m,4.433495044708252
lm_loss,optimization,lower_is_better,50m,1337,moe_220m,4.395315647125244
lm_loss,optimization,lower_is_better,50m,1337,mla_moe_220m,4.435661315917969
lm_loss,optimization,lower_is_better,50m,1337,v3_routing_220m,4.415286540985107
lm_loss,optimization,lower_is_better,50m,2027,dense_121m,4.479681968688965
lm_loss,optimization,lower_is_better,50m,2027,mla_121m,4.575899600982666
lm_loss,optimization,lower_is_better,50m,2027,mtp_121m,4.457401275634766
lm_loss,optimization,lower_is_better,50m,2027,moe_220m,4.432579517364502
lm_loss,optimization,lower_is_better,50m,2027,mla_moe_220m,4.478518486022949
lm_loss,optimization,lower_is_better,50m,2027,v3_routing_220m,4.4435014724731445
lm_loss,optimization,lower_is_better,50m,31415,dense_121m,4.708812236785889
lm_loss,optimization,lower_is_better,50m,31415,mla_121m,4.808748245239258
lm_loss,optimization,lower_is_better,50m,31415,mtp_121m,4.716341972351074
lm_loss,optimization,lower_is_better,50m,31415,moe_220m,4.667572498321533
lm_loss,optimization,lower_is_better,50m,31415,mla_moe_220m,4.704317092895508
lm_loss,optimization,lower_is_better,50m,31415,v3_routing_220m,4.7390666007995605
lm_loss,optimization,lower_is_better,50m,4441,dense_121m,4.798694133758545
lm_loss,optimization,lower_is_better,50m,4441,mla_121m,4.830804347991943
lm_loss,optimization,lower_is_better,50m,4441,mtp_121m,4.749107360839844
lm_loss,optimization,lower_is_better,50m,4441,moe_220m,4.78029727935791
lm_loss,optimization,lower_is_better,50m,4441,mla_moe_220m,4.768514633178711
lm_loss,optimization,lower_is_better,50m,4441,v3_routing_220m,4.726370811462402
lm_loss,optimization,lower_is_better,50m,5501,dense_121m,4.551538467407227
lm_loss,optimization,lower_is_better,50m,5501,mla_121m,4.623826026916504
lm_loss,optimization,lower_is_better,50m,5501,mtp_121m,4.599475383758545
lm_loss,optimization,lower_is_better,50m,5501,moe_220m,4.5335283279418945
lm_loss,optimization,lower_is_better,50m,5501,mla_moe_220m,4.619642734527588
lm_loss,optimization,lower_is_better,50m,5501,v3_routing_220m,4.5273756980896
lm_loss,optimization,lower_is_better,50m,6173,dense_121m,4.479151725769043
lm_loss,optimization,lower_is_better,50m,6173,mla_121m,4.55820369720459
lm_loss,optimization,lower_is_better,50m,6173,mtp_121m,4.431812286376953
lm_loss,optimization,lower_is_better,50m,6173,moe_220m,4.414590358734131
lm_loss,optimization,lower_is_better,50m,6173,mla_moe_220m,4.511987686157227
lm_loss,optimization,lower_is_better,50m,6173,v3_routing_220m,4.457089424133301
lm_loss,optimization,lower_is_better,50m,8191,dense_121m,4.314378261566162
lm_loss,optimization,lower_is_better,50m,8191,mla_121m,4.360620021820068
lm_loss,optimization,lower_is_better,50m,8191,mtp_121m,4.285935401916504
lm_loss,optimization,lower_is_better,50m,8191,moe_220m,4.31832218170166
lm_loss,optimization,lower_is_better,50m,8191,mla_moe_220m,4.311244487762451
lm_loss,optimization,lower_is_better,50m,8191,v3_routing_220m,4.2914533615112305
lm_loss,optimization,lower_is_better,50m,10007,dense_121m,4.18446159362793
lm_loss,optimization,lower_is_better,50m,10007,mla_121m,4.279387474060059
lm_loss,optimization,lower_is_better,50m,10007,mtp_121m,4.180447101593018
lm_loss,optimization,lower_is_better,50m,10007,moe_220m,4.148901462554932
lm_loss,optimization,lower_is_better,50m,10007,mla_moe_220m,4.25002384185791
lm_loss,optimization,lower_is_better,50m,10007,v3_routing_220m,4.213029861450195
lm_loss,optimization,lower_is_better,50m,11213,dense_121m,4.817912578582764
lm_loss,optimization,lower_is_better,50m,11213,mla_121m,4.777510643005371
lm_loss,optimization,lower_is_better,50m,11213,mtp_121m,4.765608787536621
lm_loss,optimization,lower_is_better,50m,11213,moe_220m,4.792971611022949
lm_loss,optimization,lower_is_better,50m,11213,mla_moe_220m,4.802031993865967
lm_loss,optimization,lower_is_better,50m,11213,v3_routing_220m,4.75701379776001
lm_loss,optimization,lower_is_better,50m,12721,dense_121m,4.652286052703857
lm_loss,optimization,lower_is_better,50m,12721,mla_121m,4.69223690032959
lm_loss,optimization,lower_is_better,50m,12721,mtp_121m,4.627516269683838
lm_loss,optimization,lower_is_better,50m,12721,moe_220m,4.629323959350586
lm_loss,optimization,lower_is_better,50m,12721,mla_moe_220m,4.646460056304932
lm_loss,optimization,lower_is_better,50m,12721,v3_routing_220m,4.62764310836792
train_tokens_per_second,efficiency,higher_is_better,10m,1337,dense_121m,4204.116415524487
train_tokens_per_second,efficiency,higher_is_better,10m,1337,mla_121m,3661.25268330562
train_tokens_per_second,efficiency,higher_is_better,10m,1337,mtp_121m,3629.019410717108
train_tokens_per_second,efficiency,higher_is_better,10m,1337,moe_220m,2198.7399840262656
train_tokens_per_second,efficiency,higher_is_better,10m,1337,mla_moe_220m,2063.4532550523804
train_tokens_per_second,efficiency,higher_is_better,10m,1337,v3_routing_220m,2210.896321555481
train_tokens_per_second,efficiency,higher_is_better,10m,2027,dense_121m,4176.485923584752
train_tokens_per_second,efficiency,higher_is_better,10m,2027,mla_121m,3668.4387877562067
train_tokens_per_second,efficiency,higher_is_better,10m,2027,mtp_121m,3617.836507328225
train_tokens_per_second,efficiency,higher_is_better,10m,2027,moe_220m,2207.8873406713874
train_tokens_per_second,efficiency,higher_is_better,10m,2027,mla_moe_220m,2044.3208349143074
train_tokens_per_second,efficiency,higher_is_better,10m,2027,v3_routing_220m,2197.519196595498
train_tokens_per_second,efficiency,higher_is_better,10m,31415,dense_121m,4178.420355003024
train_tokens_per_second,efficiency,higher_is_better,10m,31415,mla_121m,3650.0937318890533
train_tokens_per_second,efficiency,higher_is_better,10m,31415,mtp_121m,3607.4915671169015
train_tokens_per_second,efficiency,higher_is_better,10m,31415,moe_220m,2183.940582477767
train_tokens_per_second,efficiency,higher_is_better,10m,31415,mla_moe_220m,2028.9362702060666
train_tokens_per_second,efficiency,higher_is_better,10m,31415,v3_routing_220m,2165.7553926153346
train_tokens_per_second,efficiency,higher_is_better,10m,4441,dense_121m,4196.8418431820055
train_tokens_per_second,efficiency,higher_is_better,10m,4441,mla_121m,3660.9552345821007
train_tokens_per_second,efficiency,higher_is_better,10m,4441,mtp_121m,3627.1696188060278
train_tokens_per_second,efficiency,higher_is_better,10m,4441,moe_220m,2168.2001783095366
train_tokens_per_second,efficiency,higher_is_better,10m,4441,mla_moe_220m,2032.0995685042446
train_tokens_per_second,efficiency,higher_is_better,10m,4441,v3_routing_220m,1811.421640045075
train_tokens_per_second,efficiency,higher_is_better,10m,5501,dense_121m,4193.626460116145
train_tokens_per_second,efficiency,higher_is_better,10m,5501,mla_121m,3661.827499800101
train_tokens_per_second,efficiency,higher_is_better,10m,5501,mtp_121m,3624.7926771701523
train_tokens_per_second,efficiency,higher_is_better,10m,5501,moe_220m,2176.849218849257
train_tokens_per_second,efficiency,higher_is_better,10m,5501,mla_moe_220m,2045.4874851196107
train_tokens_per_second,efficiency,higher_is_better,10m,5501,v3_routing_220m,2192.68867916316
train_tokens_per_second,efficiency,higher_is_better,10m,6173,dense_121m,4183.293218568243
train_tokens_per_second,efficiency,higher_is_better,10m,6173,mla_121m,3650.8653104797195
train_tokens_per_second,efficiency,higher_is_better,10m,6173,mtp_121m,3614.741717099135
train_tokens_per_second,efficiency,higher_is_better,10m,6173,moe_220m,2166.551815870884
train_tokens_per_second,efficiency,higher_is_better,10m,6173,mla_moe_220m,2038.2743376401284
train_tokens_per_second,efficiency,higher_is_better,10m,6173,v3_routing_220m,2182.5200069856487
train_tokens_per_second,efficiency,higher_is_better,10m,8191,dense_121m,4185.662931704765
train_tokens_per_second,efficiency,higher_is_better,10m,8191,mla_121m,3653.2107622805056
train_tokens_per_second,efficiency,higher_is_better,10m,8191,mtp_121m,3622.7586615286978
train_tokens_per_second,efficiency,higher_is_better,10m,8191,moe_220m,2185.5551844392103
train_tokens_per_second,efficiency,higher_is_better,10m,8191,mla_moe_220m,2043.4736111633651
train_tokens_per_second,efficiency,higher_is_better,10m,8191,v3_routing_220m,2193.2845828131967
train_tokens_per_second,efficiency,higher_is_better,10m,10007,dense_121m,4186.791827120883
train_tokens_per_second,efficiency,higher_is_better,10m,10007,mla_121m,3672.0104413215295
train_tokens_per_second,efficiency,higher_is_better,10m,10007,mtp_121m,3627.3366734853794
train_tokens_per_second,efficiency,higher_is_better,10m,10007,moe_220m,2183.392327898199
train_tokens_per_second,efficiency,higher_is_better,10m,10007,mla_moe_220m,2040.351059784136
train_tokens_per_second,efficiency,higher_is_better,10m,10007,v3_routing_220m,2190.6060368253006
train_tokens_per_second,efficiency,higher_is_better,10m,11213,dense_121m,4168.618700089197
train_tokens_per_second,efficiency,higher_is_better,10m,11213,mla_121m,3633.670225180627
train_tokens_per_second,efficiency,higher_is_better,10m,11213,mtp_121m,3617.969288191786
train_tokens_per_second,efficiency,higher_is_better,10m,11213,moe_220m,2179.2044073124503
train_tokens_per_second,efficiency,higher_is_better,10m,11213,mla_moe_220m,2035.4273462739536
train_tokens_per_second,efficiency,higher_is_better,10m,11213,v3_routing_220m,2163.4782499819275
train_tokens_per_second,efficiency,higher_is_better,10m,12721,dense_121m,4156.601341634665
train_tokens_per_second,efficiency,higher_is_better,10m,12721,mla_121m,3640.3411029978884
train_tokens_per_second,efficiency,higher_is_better,10m,12721,mtp_121m,3604.5335187072883
train_tokens_per_second,efficiency,higher_is_better,10m,12721,moe_220m,2154.0928590506187
train_tokens_per_second,efficiency,higher_is_better,10m,12721,mla_moe_220m,2027.736962649394
train_tokens_per_second,efficiency,higher_is_better,10m,12721,v3_routing_220m,2165.327350317063
train_tokens_per_second,efficiency,higher_is_better,25m,1337,dense_121m,4198.9161946424765
train_tokens_per_second,efficiency,higher_is_better,25m,1337,mla_121m,3664.5343017892064
train_tokens_per_second,efficiency,higher_is_better,25m,1337,mtp_121m,3617.6744064702907
train_tokens_per_second,efficiency,higher_is_better,25m,1337,moe_220m,2170.258606644957
train_tokens_per_second,efficiency,higher_is_better,25m,1337,mla_moe_220m,2033.8211810409582
train_tokens_per_second,efficiency,higher_is_better,25m,1337,v3_routing_220m,2183.9267091906536
train_tokens_per_second,efficiency,higher_is_better,25m,2027,dense_121m,4175.824855018423
train_tokens_per_second,efficiency,higher_is_better,25m,2027,mla_121m,3640.22162372351
train_tokens_per_second,efficiency,higher_is_better,25m,2027,mtp_121m,3615.2114930004395
train_tokens_per_second,efficiency,higher_is_better,25m,2027,moe_220m,2181.8938942600153
train_tokens_per_second,efficiency,higher_is_better,25m,2027,mla_moe_220m,2047.825960828256
train_tokens_per_second,efficiency,higher_is_better,25m,2027,v3_routing_220m,2184.6244110680336
train_tokens_per_second,efficiency,higher_is_better,25m,31415,dense_121m,4186.293331071511
train_tokens_per_second,efficiency,higher_is_better,25m,31415,mla_121m,3649.363561651568
train_tokens_per_second,efficiency,higher_is_better,25m,31415,mtp_121m,3595.6205218038876
train_tokens_per_second,efficiency,higher_is_better,25m,31415,moe_220m,2175.690242842796
train_tokens_per_second,efficiency,higher_is_better,25m,31415,mla_moe_220m,2028.1604940233344
train_tokens_per_second,efficiency,higher_is_better,25m,31415,v3_routing_220m,2166.7333504942544
train_tokens_per_second,efficiency,higher_is_better,25m,4441,dense_121m,4165.821950394605
train_tokens_per_second,efficiency,higher_is_better,25m,4441,mla_121m,3622.731699773301
train_tokens_per_second,efficiency,higher_is_better,25m,4441,mtp_121m,3603.2336699237953
train_tokens_per_second,efficiency,higher_is_better,25m,4441,moe_220m,2172.2237348527337
train_tokens_per_second,efficiency,higher_is_better,25m,4441,mla_moe_220m,2040.6703887013512
train_tokens_per_second,efficiency,higher_is_better,25m,4441,v3_routing_220m,2174.441592269998
train_tokens_per_second,efficiency,higher_is_better,25m,5501,dense_121m,4187.8682517244515
train_tokens_per_second,efficiency,higher_is_better,25m,5501,mla_121m,3663.7441278241695
train_tokens_per_second,efficiency,higher_is_better,25m,5501,mtp_121m,3592.029429847003
train_tokens_per_second,efficiency,higher_is_better,25m,5501,moe_220m,2173.665501080842
train_tokens_per_second,efficiency,higher_is_better,25m,5501,mla_moe_220m,2029.2884263285744
train_tokens_per_second,efficiency,higher_is_better,25m,5501,v3_routing_220m,2171.403627464527
train_tokens_per_second,efficiency,higher_is_better,25m,6173,dense_121m,4175.90437949018
train_tokens_per_second,efficiency,higher_is_better,25m,6173,mla_121m,3642.8108476586735
train_tokens_per_second,efficiency,higher_is_better,25m,6173,mtp_121m,3613.4752820211324
train_tokens_per_second,efficiency,higher_is_better,25m,6173,moe_220m,2181.760029047516
train_tokens_per_second,efficiency,higher_is_better,25m,6173,mla_moe_220m,2033.1566769716287
train_tokens_per_second,efficiency,higher_is_better,25m,6173,v3_routing_220m,2177.0663193949567
train_tokens_per_second,efficiency,higher_is_better,25m,8191,dense_121m,4196.671716753863
train_tokens_per_second,efficiency,higher_is_better,25m,8191,mla_121m,3673.0564226116753
train_tokens_per_second,efficiency,higher_is_better,25m,8191,mtp_121m,3630.069497908188
train_tokens_per_second,efficiency,higher_is_better,25m,8191,moe_220m,2181.9177506869746
train_tokens_per_second,efficiency,higher_is_better,25m,8191,mla_moe_220m,2047.4464176187557
train_tokens_per_second,efficiency,higher_is_better,25m,8191,v3_routing_220m,2194.123758057617
train_tokens_per_second,efficiency,higher_is_better,25m,10007,dense_121m,4185.121353818547
train_tokens_per_second,efficiency,higher_is_better,25m,10007,mla_121m,3650.254609372948
train_tokens_per_second,efficiency,higher_is_better,25m,10007,mtp_121m,3611.797183081281
train_tokens_per_second,efficiency,higher_is_better,25m,10007,moe_220m,2175.205461440184
train_tokens_per_second,efficiency,higher_is_better,25m,10007,mla_moe_220m,2050.3058964344373
train_tokens_per_second,efficiency,higher_is_better,25m,10007,v3_routing_220m,2184.9226778325155
train_tokens_per_second,efficiency,higher_is_better,25m,11213,dense_121m,4206.24517023494
train_tokens_per_second,efficiency,higher_is_better,25m,11213,mla_121m,3672.2348269335957
train_tokens_per_second,efficiency,higher_is_better,25m,11213,mtp_121m,3632.977016819761
train_tokens_per_second,efficiency,higher_is_better,25m,11213,moe_220m,2193.0700390294405
train_tokens_per_second,efficiency,higher_is_better,25m,11213,mla_moe_220m,2046.9888500692848
train_tokens_per_second,efficiency,higher_is_better,25m,11213,v3_routing_220m,2172.2519873197584
train_tokens_per_second,efficiency,higher_is_better,25m,12721,dense_121m,4200.113507457757
train_tokens_per_second,efficiency,higher_is_better,25m,12721,mla_121m,3658.0469610347404
train_tokens_per_second,efficiency,higher_is_better,25m,12721,mtp_121m,3624.627746107786
train_tokens_per_second,efficiency,higher_is_better,25m,12721,moe_220m,2187.0771250884904
train_tokens_per_second,efficiency,higher_is_better,25m,12721,mla_moe_220m,2047.0707437431051
train_tokens_per_second,efficiency,higher_is_better,25m,12721,v3_routing_220m,2192.0277199585207
train_tokens_per_second,efficiency,higher_is_better,50m,1337,dense_121m,4193.886122094697
train_tokens_per_second,efficiency,higher_is_better,50m,1337,mla_121m,3656.7666842928825
train_tokens_per_second,efficiency,higher_is_better,50m,1337,mtp_121m,3629.8246746524446
train_tokens_per_second,efficiency,higher_is_better,50m,1337,moe_220m,2175.172365353566
train_tokens_per_second,efficiency,higher_is_better,50m,1337,mla_moe_220m,2043.4518358621144
train_tokens_per_second,efficiency,higher_is_better,50m,1337,v3_routing_220m,2188.3629402397974
train_tokens_per_second,efficiency,higher_is_better,50m,2027,dense_121m,4183.019802769981
train_tokens_per_second,efficiency,higher_is_better,50m,2027,mla_121m,3653.502748513355
train_tokens_per_second,efficiency,higher_is_better,50m,2027,mtp_121m,3629.494129976643
train_tokens_per_second,efficiency,higher_is_better,50m,2027,moe_220m,2173.8448822905207
train_tokens_per_second,efficiency,higher_is_better,50m,2027,mla_moe_220m,2050.4004375731197
train_tokens_per_second,efficiency,higher_is_better,50m,2027,v3_routing_220m,2180.9653494864647
train_tokens_per_second,efficiency,higher_is_better,50m,31415,dense_121m,4199.201256528807
train_tokens_per_second,efficiency,higher_is_better,50m,31415,mla_121m,3661.25241457829
train_tokens_per_second,efficiency,higher_is_better,50m,31415,mtp_121m,3636.82908805562
train_tokens_per_second,efficiency,higher_is_better,50m,31415,moe_220m,2192.9843234143827
train_tokens_per_second,efficiency,higher_is_better,50m,31415,mla_moe_220m,2056.058397434891
train_tokens_per_second,efficiency,higher_is_better,50m,31415,v3_routing_220m,2202.8750871451502
train_tokens_per_second,efficiency,higher_is_better,50m,4441,dense_121m,4195.956885395025
train_tokens_per_second,efficiency,higher_is_better,50m,4441,mla_121m,3664.9191091262073
train_tokens_per_second,efficiency,higher_is_better,50m,4441,mtp_121m,3638.9147520523557
train_tokens_per_second,efficiency,higher_is_better,50m,4441,moe_220m,2188.9835615620264
train_tokens_per_second,efficiency,higher_is_better,50m,4441,mla_moe_220m,2051.665130483931
train_tokens_per_second,efficiency,higher_is_better,50m,4441,v3_routing_220m,2203.375101651922
train_tokens_per_second,efficiency,higher_is_better,50m,5501,dense_121m,4200.153290454216
train_tokens_per_second,efficiency,higher_is_better,50m,5501,mla_121m,3665.202260562399
train_tokens_per_second,efficiency,higher_is_better,50m,5501,mtp_121m,3637.657226282913
train_tokens_per_second,efficiency,higher_is_better,50m,5501,moe_220m,2216.020552246868
train_tokens_per_second,efficiency,higher_is_better,50m,5501,mla_moe_220m,2063.5890077278777
train_tokens_per_second,efficiency,higher_is_better,50m,5501,v3_routing_220m,2180.573609079482
train_tokens_per_second,efficiency,higher_is_better,50m,6173,dense_121m,4200.797150822354
train_tokens_per_second,efficiency,higher_is_better,50m,6173,mla_121m,3663.71561040387
train_tokens_per_second,efficiency,higher_is_better,50m,6173,mtp_121m,3639.6375288820036
train_tokens_per_second,efficiency,higher_is_better,50m,6173,moe_220m,2187.715241084142
train_tokens_per_second,efficiency,higher_is_better,50m,6173,mla_moe_220m,2027.7805930860334
train_tokens_per_second,efficiency,higher_is_better,50m,6173,v3_routing_220m,2184.1147122401994
train_tokens_per_second,efficiency,higher_is_better,50m,8191,dense_121m,4199.6056785404
train_tokens_per_second,efficiency,higher_is_better,50m,8191,mla_121m,3658.657148133964
train_tokens_per_second,efficiency,higher_is_better,50m,8191,mtp_121m,3641.6490814237936
train_tokens_per_second,efficiency,higher_is_better,50m,8191,moe_220m,2188.0211219171642
train_tokens_per_second,efficiency,higher_is_better,50m,8191,mla_moe_220m,2040.9280876576772
train_tokens_per_second,efficiency,higher_is_better,50m,8191,v3_routing_220m,2180.7289171688353
train_tokens_per_second,efficiency,higher_is_better,50m,10007,dense_121m,4194.2703626511375
train_tokens_per_second,efficiency,higher_is_better,50m,10007,mla_121m,3653.860123330521
train_tokens_per_second,efficiency,higher_is_better,50m,10007,mtp_121m,3620.248078773263
train_tokens_per_second,efficiency,higher_is_better,50m,10007,moe_220m,2181.4136296093757
train_tokens_per_second,efficiency,higher_is_better,50m,10007,mla_moe_220m,2047.4175277652785
train_tokens_per_second,efficiency,higher_is_better,50m,10007,v3_routing_220m,2187.9240819929855
train_tokens_per_second,efficiency,higher_is_better,50m,11213,dense_121m,4199.816839657726
train_tokens_per_second,efficiency,higher_is_better,50m,11213,mla_121m,3654.903657505502
train_tokens_per_second,efficiency,higher_is_better,50m,11213,mtp_121m,3623.140472634241
train_tokens_per_second,efficiency,higher_is_better,50m,11213,moe_220m,2178.030775895324
train_tokens_per_second,efficiency,higher_is_better,50m,11213,mla_moe_220m,2035.6301944430331
train_tokens_per_second,efficiency,higher_is_better,50m,11213,v3_routing_220m,2185.2502294447104
train_tokens_per_second,efficiency,higher_is_better,50m,12721,dense_121m,4202.504160977891
train_tokens_per_second,efficiency,higher_is_better,50m,12721,mla_121m,3663.7707242331335
train_tokens_per_second,efficiency,higher_is_better,50m,12721,mtp_121m,3624.234513674034
train_tokens_per_second,efficiency,higher_is_better,50m,12721,moe_220m,2186.0158750872038
train_tokens_per_second,efficiency,higher_is_better,50m,12721,mla_moe_220m,2057.8622116419488
train_tokens_per_second,efficiency,higher_is_better,50m,12721,v3_routing_220m,2192.9658225448493
peak_memory_bytes,efficiency,lower_is_better,10m,1337,dense_121m,3090290688.0
peak_memory_bytes,efficiency,lower_is_better,10m,1337,mla_121m,3553236992.0
peak_memory_bytes,efficiency,lower_is_better,10m,1337,mtp_121m,3488620032.0
peak_memory_bytes,efficiency,lower_is_better,10m,1337,moe_220m,4654879744.0
peak_memory_bytes,efficiency,lower_is_better,10m,1337,mla_moe_220m,4995514368.0
peak_memory_bytes,efficiency,lower_is_better,10m,1337,v3_routing_220m,4655881216.0
peak_memory_bytes,efficiency,lower_is_better,10m,2027,dense_121m,3090290688.0
peak_memory_bytes,efficiency,lower_is_better,10m,2027,mla_121m,3553236992.0
peak_memory_bytes,efficiency,lower_is_better,10m,2027,mtp_121m,3488620032.0
peak_memory_bytes,efficiency,lower_is_better,10m,2027,moe_220m,4654347264.0
peak_memory_bytes,efficiency,lower_is_better,10m,2027,mla_moe_220m,4985453568.0
peak_memory_bytes,efficiency,lower_is_better,10m,2027,v3_routing_220m,4652377088.0
peak_memory_bytes,efficiency,lower_is_better,10m,31415,dense_121m,3090290688.0
peak_memory_bytes,efficiency,lower_is_better,10m,31415,mla_121m,3553236992.0
peak_memory_bytes,efficiency,lower_is_better,10m,31415,mtp_121m,3488620032.0
peak_memory_bytes,efficiency,lower_is_better,10m,31415,moe_220m,4655413248.0
peak_memory_bytes,efficiency,lower_is_better,10m,31415,mla_moe_220m,4985416704.0
peak_memory_bytes,efficiency,lower_is_better,10m,31415,v3_routing_220m,4654015488.0
peak_memory_bytes,efficiency,lower_is_better,10m,4441,dense_121m,3090290688.0
peak_memory_bytes,efficiency,lower_is_better,10m,4441,mla_121m,3553236992.0
peak_memory_bytes,efficiency,lower_is_better,10m,4441,mtp_121m,3488620032.0
peak_memory_bytes,efficiency,lower_is_better,10m,4441,moe_220m,4660452352.0
peak_memory_bytes,efficiency,lower_is_better,10m,4441,mla_moe_220m,4984298496.0
peak_memory_bytes,efficiency,lower_is_better,10m,4441,v3_routing_220m,4660792320.0
peak_memory_bytes,efficiency,lower_is_better,10m,5501,dense_121m,3090290688.0
peak_memory_bytes,efficiency,lower_is_better,10m,5501,mla_121m,3553236992.0
peak_memory_bytes,efficiency,lower_is_better,10m,5501,mtp_121m,3488620032.0
peak_memory_bytes,efficiency,lower_is_better,10m,5501,moe_220m,4659177472.0
peak_memory_bytes,efficiency,lower_is_better,10m,5501,mla_moe_220m,4984268800.0
peak_memory_bytes,efficiency,lower_is_better,10m,5501,v3_routing_220m,4658183168.0
peak_memory_bytes,efficiency,lower_is_better,10m,6173,dense_121m,3090290688.0
peak_memory_bytes,efficiency,lower_is_better,10m,6173,mla_121m,3553236992.0
peak_memory_bytes,efficiency,lower_is_better,10m,6173,mtp_121m,3488620032.0
peak_memory_bytes,efficiency,lower_is_better,10m,6173,moe_220m,4653139968.0
peak_memory_bytes,efficiency,lower_is_better,10m,6173,mla_moe_220m,4987759616.0
peak_memory_bytes,efficiency,lower_is_better,10m,6173,v3_routing_220m,4652175360.0
peak_memory_bytes,efficiency,lower_is_better,10m,8191,dense_121m,3090290688.0
peak_memory_bytes,efficiency,lower_is_better,10m,8191,mla_121m,3553236992.0
peak_memory_bytes,efficiency,lower_is_better,10m,8191,mtp_121m,3488620032.0
peak_memory_bytes,efficiency,lower_is_better,10m,8191,moe_220m,4651116544.0
peak_memory_bytes,efficiency,lower_is_better,10m,8191,mla_moe_220m,4992602112.0
peak_memory_bytes,efficiency,lower_is_better,10m,8191,v3_routing_220m,4650484736.0
peak_memory_bytes,efficiency,lower_is_better,10m,10007,dense_121m,3090290688.0
peak_memory_bytes,efficiency,lower_is_better,10m,10007,mla_121m,3553236992.0
peak_memory_bytes,efficiency,lower_is_better,10m,10007,mtp_121m,3488620032.0
peak_memory_bytes,efficiency,lower_is_better,10m,10007,moe_220m,4661227520.0
peak_memory_bytes,efficiency,lower_is_better,10m,10007,mla_moe_220m,4983399424.0
peak_memory_bytes,efficiency,lower_is_better,10m,10007,v3_routing_220m,4654790656.0
peak_memory_bytes,efficiency,lower_is_better,10m,11213,dense_121m,3090290688.0
peak_memory_bytes,efficiency,lower_is_better,10m,11213,mla_121m,3553236992.0
peak_memory_bytes,efficiency,lower_is_better,10m,11213,mtp_121m,3488620032.0
peak_memory_bytes,efficiency,lower_is_better,10m,11213,moe_220m,4655453184.0
peak_memory_bytes,efficiency,lower_is_better,10m,11213,mla_moe_220m,4985872384.0
peak_memory_bytes,efficiency,lower_is_better,10m,11213,v3_routing_220m,4660621312.0
peak_memory_bytes,efficiency,lower_is_better,10m,12721,dense_121m,3090290688.0
peak_memory_bytes,efficiency,lower_is_better,10m,12721,mla_121m,3553236992.0
peak_memory_bytes,efficiency,lower_is_better,10m,12721,mtp_121m,3488620032.0
peak_memory_bytes,efficiency,lower_is_better,10m,12721,moe_220m,4656500736.0
peak_memory_bytes,efficiency,lower_is_better,10m,12721,mla_moe_220m,4983198720.0
peak_memory_bytes,efficiency,lower_is_better,10m,12721,v3_routing_220m,4653510656.0
peak_memory_bytes,efficiency,lower_is_better,25m,1337,dense_121m,3090290688.0
peak_memory_bytes,efficiency,lower_is_better,25m,1337,mla_121m,3553236992.0
peak_memory_bytes,efficiency,lower_is_better,25m,1337,mtp_121m,3488620032.0
peak_memory_bytes,efficiency,lower_is_better,25m,1337,moe_220m,4654879744.0
peak_memory_bytes,efficiency,lower_is_better,25m,1337,mla_moe_220m,4995514368.0
peak_memory_bytes,efficiency,lower_is_better,25m,1337,v3_routing_220m,4655881216.0
peak_memory_bytes,efficiency,lower_is_better,25m,2027,dense_121m,3090290688.0
peak_memory_bytes,efficiency,lower_is_better,25m,2027,mla_121m,3553236992.0
peak_memory_bytes,efficiency,lower_is_better,25m,2027,mtp_121m,3488620032.0
peak_memory_bytes,efficiency,lower_is_better,25m,2027,moe_220m,4654347264.0
peak_memory_bytes,efficiency,lower_is_better,25m,2027,mla_moe_220m,4985453568.0
peak_memory_bytes,efficiency,lower_is_better,25m,2027,v3_routing_220m,4652377088.0
peak_memory_bytes,efficiency,lower_is_better,25m,31415,dense_121m,3090290688.0
peak_memory_bytes,efficiency,lower_is_better,25m,31415,mla_121m,3553236992.0
peak_memory_bytes,efficiency,lower_is_better,25m,31415,mtp_121m,3488620032.0
peak_memory_bytes,efficiency,lower_is_better,25m,31415,moe_220m,4655413248.0
peak_memory_bytes,efficiency,lower_is_better,25m,31415,mla_moe_220m,4985416704.0
peak_memory_bytes,efficiency,lower_is_better,25m,31415,v3_routing_220m,4654015488.0
peak_memory_bytes,efficiency,lower_is_better,25m,4441,dense_121m,3090290688.0
peak_memory_bytes,efficiency,lower_is_better,25m,4441,mla_121m,3553236992.0
peak_memory_bytes,efficiency,lower_is_better,25m,4441,mtp_121m,3488620032.0
peak_memory_bytes,efficiency,lower_is_better,25m,4441,moe_220m,4660452352.0
peak_memory_bytes,efficiency,lower_is_better,25m,4441,mla_moe_220m,4984298496.0
peak_memory_bytes,efficiency,lower_is_better,25m,4441,v3_routing_220m,4660792320.0
peak_memory_bytes,efficiency,lower_is_better,25m,5501,dense_121m,3090290688.0
peak_memory_bytes,efficiency,lower_is_better,25m,5501,mla_121m,3553236992.0
peak_memory_bytes,efficiency,lower_is_better,25m,5501,mtp_121m,3488620032.0
peak_memory_bytes,efficiency,lower_is_better,25m,5501,moe_220m,4659177472.0
peak_memory_bytes,efficiency,lower_is_better,25m,5501,mla_moe_220m,4984268800.0
peak_memory_bytes,efficiency,lower_is_better,25m,5501,v3_routing_220m,4659429376.0
peak_memory_bytes,efficiency,lower_is_better,25m,6173,dense_121m,3090290688.0
peak_memory_bytes,efficiency,lower_is_better,25m,6173,mla_121m,3553236992.0
peak_memory_bytes,efficiency,lower_is_better,25m,6173,mtp_121m,3488620032.0
peak_memory_bytes,efficiency,lower_is_better,25m,6173,moe_220m,4653139968.0
peak_memory_bytes,efficiency,lower_is_better,25m,6173,mla_moe_220m,4987759616.0
peak_memory_bytes,efficiency,lower_is_better,25m,6173,v3_routing_220m,4652175360.0
peak_memory_bytes,efficiency,lower_is_better,25m,8191,dense_121m,3090290688.0
peak_memory_bytes,efficiency,lower_is_better,25m,8191,mla_121m,3553236992.0
peak_memory_bytes,efficiency,lower_is_better,25m,8191,mtp_121m,3488620032.0
peak_memory_bytes,efficiency,lower_is_better,25m,8191,moe_220m,4651116544.0
peak_memory_bytes,efficiency,lower_is_better,25m,8191,mla_moe_220m,4992602112.0
peak_memory_bytes,efficiency,lower_is_better,25m,8191,v3_routing_220m,4650484736.0
peak_memory_bytes,efficiency,lower_is_better,25m,10007,dense_121m,3090290688.0
peak_memory_bytes,efficiency,lower_is_better,25m,10007,mla_121m,3553236992.0
peak_memory_bytes,efficiency,lower_is_better,25m,10007,mtp_121m,3488620032.0
peak_memory_bytes,efficiency,lower_is_better,25m,10007,moe_220m,4661227520.0
peak_memory_bytes,efficiency,lower_is_better,25m,10007,mla_moe_220m,4983399424.0
peak_memory_bytes,efficiency,lower_is_better,25m,10007,v3_routing_220m,4654840832.0
peak_memory_bytes,efficiency,lower_is_better,25m,11213,dense_121m,3090290688.0
peak_memory_bytes,efficiency,lower_is_better,25m,11213,mla_121m,3553236992.0
peak_memory_bytes,efficiency,lower_is_better,25m,11213,mtp_121m,3488620032.0
peak_memory_bytes,efficiency,lower_is_better,25m,11213,moe_220m,4655453184.0
peak_memory_bytes,efficiency,lower_is_better,25m,11213,mla_moe_220m,4985872384.0
peak_memory_bytes,efficiency,lower_is_better,25m,11213,v3_routing_220m,4660621312.0
peak_memory_bytes,efficiency,lower_is_better,25m,12721,dense_121m,3090290688.0
peak_memory_bytes,efficiency,lower_is_better,25m,12721,mla_121m,3553236992.0
peak_memory_bytes,efficiency,lower_is_better,25m,12721,mtp_121m,3488620032.0
peak_memory_bytes,efficiency,lower_is_better,25m,12721,moe_220m,4656500736.0
peak_memory_bytes,efficiency,lower_is_better,25m,12721,mla_moe_220m,4983198720.0
peak_memory_bytes,efficiency,lower_is_better,25m,12721,v3_routing_220m,4654388224.0
peak_memory_bytes,efficiency,lower_is_better,50m,1337,dense_121m,3090290688.0
peak_memory_bytes,efficiency,lower_is_better,50m,1337,mla_121m,3553236992.0
peak_memory_bytes,efficiency,lower_is_better,50m,1337,mtp_121m,3488620032.0
peak_memory_bytes,efficiency,lower_is_better,50m,1337,moe_220m,4654879744.0
peak_memory_bytes,efficiency,lower_is_better,50m,1337,mla_moe_220m,4995514368.0
peak_memory_bytes,efficiency,lower_is_better,50m,1337,v3_routing_220m,4655881216.0
peak_memory_bytes,efficiency,lower_is_better,50m,2027,dense_121m,3090290688.0
peak_memory_bytes,efficiency,lower_is_better,50m,2027,mla_121m,3553236992.0
peak_memory_bytes,efficiency,lower_is_better,50m,2027,mtp_121m,3488620032.0
peak_memory_bytes,efficiency,lower_is_better,50m,2027,moe_220m,4654347264.0
peak_memory_bytes,efficiency,lower_is_better,50m,2027,mla_moe_220m,4985453568.0
peak_memory_bytes,efficiency,lower_is_better,50m,2027,v3_routing_220m,4652640256.0
peak_memory_bytes,efficiency,lower_is_better,50m,31415,dense_121m,3090290688.0
peak_memory_bytes,efficiency,lower_is_better,50m,31415,mla_121m,3553236992.0
peak_memory_bytes,efficiency,lower_is_better,50m,31415,mtp_121m,3488620032.0
peak_memory_bytes,efficiency,lower_is_better,50m,31415,moe_220m,4655413248.0
peak_memory_bytes,efficiency,lower_is_better,50m,31415,mla_moe_220m,4985416704.0
peak_memory_bytes,efficiency,lower_is_better,50m,31415,v3_routing_220m,4654713856.0
peak_memory_bytes,efficiency,lower_is_better,50m,4441,dense_121m,3090290688.0
peak_memory_bytes,efficiency,lower_is_better,50m,4441,mla_121m,3553236992.0
peak_memory_bytes,efficiency,lower_is_better,50m,4441,mtp_121m,3488620032.0
peak_memory_bytes,efficiency,lower_is_better,50m,4441,moe_220m,4660452352.0
peak_memory_bytes,efficiency,lower_is_better,50m,4441,mla_moe_220m,4984298496.0
peak_memory_bytes,efficiency,lower_is_better,50m,4441,v3_routing_220m,4660792320.0
peak_memory_bytes,efficiency,lower_is_better,50m,5501,dense_121m,3090290688.0
peak_memory_bytes,efficiency,lower_is_better,50m,5501,mla_121m,3553236992.0
peak_memory_bytes,efficiency,lower_is_better,50m,5501,mtp_121m,3488620032.0
peak_memory_bytes,efficiency,lower_is_better,50m,5501,moe_220m,4659177472.0
peak_memory_bytes,efficiency,lower_is_better,50m,5501,mla_moe_220m,4984268800.0
peak_memory_bytes,efficiency,lower_is_better,50m,5501,v3_routing_220m,4659564544.0
peak_memory_bytes,efficiency,lower_is_better,50m,6173,dense_121m,3090290688.0
peak_memory_bytes,efficiency,lower_is_better,50m,6173,mla_121m,3553236992.0
peak_memory_bytes,efficiency,lower_is_better,50m,6173,mtp_121m,3488620032.0
peak_memory_bytes,efficiency,lower_is_better,50m,6173,moe_220m,4653139968.0
peak_memory_bytes,efficiency,lower_is_better,50m,6173,mla_moe_220m,4987759616.0
peak_memory_bytes,efficiency,lower_is_better,50m,6173,v3_routing_220m,4652175360.0
peak_memory_bytes,efficiency,lower_is_better,50m,8191,dense_121m,3090290688.0
peak_memory_bytes,efficiency,lower_is_better,50m,8191,mla_121m,3553236992.0
peak_memory_bytes,efficiency,lower_is_better,50m,8191,mtp_121m,3488620032.0
peak_memory_bytes,efficiency,lower_is_better,50m,8191,moe_220m,4651116544.0
peak_memory_bytes,efficiency,lower_is_better,50m,8191,mla_moe_220m,4992602112.0
peak_memory_bytes,efficiency,lower_is_better,50m,8191,v3_routing_220m,4651111424.0
peak_memory_bytes,efficiency,lower_is_better,50m,10007,dense_121m,3090290688.0
peak_memory_bytes,efficiency,lower_is_better,50m,10007,mla_121m,3553236992.0
peak_memory_bytes,efficiency,lower_is_better,50m,10007,mtp_121m,3488620032.0
peak_memory_bytes,efficiency,lower_is_better,50m,10007,moe_220m,4661227520.0
peak_memory_bytes,efficiency,lower_is_better,50m,10007,mla_moe_220m,4983399424.0
peak_memory_bytes,efficiency,lower_is_better,50m,10007,v3_routing_220m,4654840832.0
peak_memory_bytes,efficiency,lower_is_better,50m,11213,dense_121m,3090290688.0
peak_memory_bytes,efficiency,lower_is_better,50m,11213,mla_121m,3553236992.0
peak_memory_bytes,efficiency,lower_is_better,50m,11213,mtp_121m,3488620032.0
peak_memory_bytes,efficiency,lower_is_better,50m,11213,moe_220m,4655456256.0
peak_memory_bytes,efficiency,lower_is_better,50m,11213,mla_moe_220m,4985872384.0
peak_memory_bytes,efficiency,lower_is_better,50m,11213,v3_routing_220m,4660621312.0
peak_memory_bytes,efficiency,lower_is_better,50m,12721,dense_121m,3090290688.0
peak_memory_bytes,efficiency,lower_is_better,50m,12721,mla_121m,3553236992.0
peak_memory_bytes,efficiency,lower_is_better,50m,12721,mtp_121m,3488620032.0
peak_memory_bytes,efficiency,lower_is_better,50m,12721,moe_220m,4656500736.0
peak_memory_bytes,efficiency,lower_is_better,50m,12721,mla_moe_220m,4983198720.0
peak_memory_bytes,efficiency,lower_is_better,50m,12721,v3_routing_220m,4654395392.0
