metric,metric_group,metric_direction,budget,seed,contrast_id,contrast_family,model_a,model_b,model_a_value,model_b_value,difference_model_b_minus_model_a,model_b_better
validation_loss,quality,lower_is_better,10m,1337,mla_vs_dense,attention_mechanism,dense_121m,mla_121m,5.010542912483215,5.082375574111938,0.07183266162872304,False
validation_loss,quality,lower_is_better,10m,2027,mla_vs_dense,attention_mechanism,dense_121m,mla_121m,5.03985182762146,5.088137555122375,0.04828572750091542,False
validation_loss,quality,lower_is_better,10m,31415,mla_vs_dense,attention_mechanism,dense_121m,mla_121m,5.002737498283386,5.076140112876892,0.0734026145935065,False
validation_loss,quality,lower_is_better,10m,4441,mla_vs_dense,attention_mechanism,dense_121m,mla_121m,5.00126169204712,5.016890120506287,0.015628428459167232,False
validation_loss,quality,lower_is_better,10m,5501,mla_vs_dense,attention_mechanism,dense_121m,mla_121m,5.028018565177917,5.081126089096069,0.05310752391815221,False
validation_loss,quality,lower_is_better,10m,6173,mla_vs_dense,attention_mechanism,dense_121m,mla_121m,5.023905034065247,5.138198909759521,0.1142938756942744,False
validation_loss,quality,lower_is_better,10m,8191,mla_vs_dense,attention_mechanism,dense_121m,mla_121m,5.010300731658935,5.084102411270141,0.07380167961120598,False
validation_loss,quality,lower_is_better,10m,10007,mla_vs_dense,attention_mechanism,dense_121m,mla_121m,5.021801533699036,5.070838432312012,0.04903689861297611,False
validation_loss,quality,lower_is_better,10m,11213,mla_vs_dense,attention_mechanism,dense_121m,mla_121m,5.039705038070679,5.040488882064819,0.0007838439941405539,False
validation_loss,quality,lower_is_better,10m,12721,mla_vs_dense,attention_mechanism,dense_121m,mla_121m,5.049073481559754,5.08952679157257,0.0404533100128166,False
validation_loss,quality,lower_is_better,10m,1337,moe_vs_dense,sparse_ffn_mechanism,dense_121m,moe_220m,5.010542912483215,4.982740073204041,-0.027802839279174485,True
validation_loss,quality,lower_is_better,10m,2027,moe_vs_dense,sparse_ffn_mechanism,dense_121m,moe_220m,5.03985182762146,4.967903270721435,-0.07194855690002466,True
validation_loss,quality,lower_is_better,10m,31415,moe_vs_dense,sparse_ffn_mechanism,dense_121m,moe_220m,5.002737498283386,4.961135277748108,-0.04160222053527818,True
validation_loss,quality,lower_is_better,10m,4441,moe_vs_dense,sparse_ffn_mechanism,dense_121m,moe_220m,5.00126169204712,4.976585335731507,-0.024676356315612935,True
validation_loss,quality,lower_is_better,10m,5501,moe_vs_dense,sparse_ffn_mechanism,dense_121m,moe_220m,5.028018565177917,4.968844532966614,-0.05917403221130346,True
validation_loss,quality,lower_is_better,10m,6173,moe_vs_dense,sparse_ffn_mechanism,dense_121m,moe_220m,5.023905034065247,4.983359966278076,-0.040545067787170375,True
validation_loss,quality,lower_is_better,10m,8191,moe_vs_dense,sparse_ffn_mechanism,dense_121m,moe_220m,5.010300731658935,4.9708214855194095,-0.03947924613952569,True
validation_loss,quality,lower_is_better,10m,10007,moe_vs_dense,sparse_ffn_mechanism,dense_121m,moe_220m,5.021801533699036,4.97149151802063,-0.05031001567840576,True
validation_loss,quality,lower_is_better,10m,11213,moe_vs_dense,sparse_ffn_mechanism,dense_121m,moe_220m,5.039705038070679,4.960887570381164,-0.07881746768951459,True
validation_loss,quality,lower_is_better,10m,12721,moe_vs_dense,sparse_ffn_mechanism,dense_121m,moe_220m,5.049073481559754,4.956976222991943,-0.09209725856781059,True
validation_loss,quality,lower_is_better,10m,1337,mla_moe_vs_dense,composition_supporting,dense_121m,mla_moe_220m,5.010542912483215,5.0005859804153445,-0.009956932067870738,True
validation_loss,quality,lower_is_better,10m,2027,mla_moe_vs_dense,composition_supporting,dense_121m,mla_moe_220m,5.03985182762146,5.024278535842895,-0.015573291778564702,True
validation_loss,quality,lower_is_better,10m,31415,mla_moe_vs_dense,composition_supporting,dense_121m,mla_moe_220m,5.002737498283386,5.037221875190735,0.034484376907348846,False
validation_loss,quality,lower_is_better,10m,4441,mla_moe_vs_dense,composition_supporting,dense_121m,mla_moe_220m,5.00126169204712,4.994745092391968,-0.0065165996551517225,True
validation_loss,quality,lower_is_better,10m,5501,mla_moe_vs_dense,composition_supporting,dense_121m,mla_moe_220m,5.028018565177917,5.026114430427551,-0.0019041347503661044,True
validation_loss,quality,lower_is_better,10m,6173,mla_moe_vs_dense,composition_supporting,dense_121m,mla_moe_220m,5.023905034065247,4.992975482940674,-0.030929551124573074,True
validation_loss,quality,lower_is_better,10m,8191,mla_moe_vs_dense,composition_supporting,dense_121m,mla_moe_220m,5.010300731658935,5.000658626556397,-0.0096421051025386,True
validation_loss,quality,lower_is_better,10m,10007,mla_moe_vs_dense,composition_supporting,dense_121m,mla_moe_220m,5.021801533699036,5.03117329120636,0.009371757507324219,False
validation_loss,quality,lower_is_better,10m,11213,mla_moe_vs_dense,composition_supporting,dense_121m,mla_moe_220m,5.039705038070679,5.0577370023727415,0.018031964302062775,False
validation_loss,quality,lower_is_better,10m,12721,mla_moe_vs_dense,composition_supporting,dense_121m,mla_moe_220m,5.049073481559754,5.0509145021438595,0.0018410205841057348,False
validation_loss,quality,lower_is_better,10m,1337,mla_moe_vs_mla,composition_mechanism,mla_121m,mla_moe_220m,5.082375574111938,5.0005859804153445,-0.08178959369659378,True
validation_loss,quality,lower_is_better,10m,2027,mla_moe_vs_mla,composition_mechanism,mla_121m,mla_moe_220m,5.088137555122375,5.024278535842895,-0.06385901927948012,True
validation_loss,quality,lower_is_better,10m,31415,mla_moe_vs_mla,composition_mechanism,mla_121m,mla_moe_220m,5.076140112876892,5.037221875190735,-0.03891823768615765,True
validation_loss,quality,lower_is_better,10m,4441,mla_moe_vs_mla,composition_mechanism,mla_121m,mla_moe_220m,5.016890120506287,4.994745092391968,-0.022145028114318954,True
validation_loss,quality,lower_is_better,10m,5501,mla_moe_vs_mla,composition_mechanism,mla_121m,mla_moe_220m,5.081126089096069,5.026114430427551,-0.055011658668518315,True
validation_loss,quality,lower_is_better,10m,6173,mla_moe_vs_mla,composition_mechanism,mla_121m,mla_moe_220m,5.138198909759521,4.992975482940674,-0.14522342681884748,True
validation_loss,quality,lower_is_better,10m,8191,mla_moe_vs_mla,composition_mechanism,mla_121m,mla_moe_220m,5.084102411270141,5.000658626556397,-0.08344378471374458,True
validation_loss,quality,lower_is_better,10m,10007,mla_moe_vs_mla,composition_mechanism,mla_121m,mla_moe_220m,5.070838432312012,5.03117329120636,-0.03966514110565189,True
validation_loss,quality,lower_is_better,10m,11213,mla_moe_vs_mla,composition_mechanism,mla_121m,mla_moe_220m,5.040488882064819,5.0577370023727415,0.01724812030792222,False
validation_loss,quality,lower_is_better,10m,12721,mla_moe_vs_mla,composition_mechanism,mla_121m,mla_moe_220m,5.08952679157257,5.0509145021438595,-0.038612289428710866,True
validation_loss,quality,lower_is_better,10m,1337,mla_moe_vs_moe,composition_mechanism,moe_220m,mla_moe_220m,4.982740073204041,5.0005859804153445,0.017845907211303746,False
validation_loss,quality,lower_is_better,10m,2027,mla_moe_vs_moe,composition_mechanism,moe_220m,mla_moe_220m,4.967903270721435,5.024278535842895,0.05637526512145996,False
validation_loss,quality,lower_is_better,10m,31415,mla_moe_vs_moe,composition_mechanism,moe_220m,mla_moe_220m,4.961135277748108,5.037221875190735,0.07608659744262702,False
validation_loss,quality,lower_is_better,10m,4441,mla_moe_vs_moe,composition_mechanism,moe_220m,mla_moe_220m,4.976585335731507,4.994745092391968,0.018159756660461213,False
validation_loss,quality,lower_is_better,10m,5501,mla_moe_vs_moe,composition_mechanism,moe_220m,mla_moe_220m,4.968844532966614,5.026114430427551,0.05726989746093736,False
validation_loss,quality,lower_is_better,10m,6173,mla_moe_vs_moe,composition_mechanism,moe_220m,mla_moe_220m,4.983359966278076,4.992975482940674,0.009615516662597301,False
validation_loss,quality,lower_is_better,10m,8191,mla_moe_vs_moe,composition_mechanism,moe_220m,mla_moe_220m,4.9708214855194095,5.000658626556397,0.02983714103698709,False
validation_loss,quality,lower_is_better,10m,10007,mla_moe_vs_moe,composition_mechanism,moe_220m,mla_moe_220m,4.97149151802063,5.03117329120636,0.05968177318572998,False
validation_loss,quality,lower_is_better,10m,11213,mla_moe_vs_moe,composition_mechanism,moe_220m,mla_moe_220m,4.960887570381164,5.0577370023727415,0.09684943199157736,False
validation_loss,quality,lower_is_better,10m,12721,mla_moe_vs_moe,composition_mechanism,moe_220m,mla_moe_220m,4.956976222991943,5.0509145021438595,0.09393827915191633,False
validation_loss,quality,lower_is_better,10m,1337,v3_routing_vs_moe,routing_mechanism,moe_220m,v3_routing_220m,4.982740073204041,4.955051074028015,-0.027688999176025852,True
validation_loss,quality,lower_is_better,10m,2027,v3_routing_vs_moe,routing_mechanism,moe_220m,v3_routing_220m,4.967903270721435,4.973963537216187,0.006060266494751332,False
validation_loss,quality,lower_is_better,10m,31415,v3_routing_vs_moe,routing_mechanism,moe_220m,v3_routing_220m,4.961135277748108,4.969941239356995,0.008805961608887358,False
validation_loss,quality,lower_is_better,10m,4441,v3_routing_vs_moe,routing_mechanism,moe_220m,v3_routing_220m,4.976585335731507,4.985671200752258,0.009085865020751704,False
validation_loss,quality,lower_is_better,10m,5501,v3_routing_vs_moe,routing_mechanism,moe_220m,v3_routing_220m,4.968844532966614,4.985244517326355,0.016399984359741104,False
validation_loss,quality,lower_is_better,10m,6173,v3_routing_vs_moe,routing_mechanism,moe_220m,v3_routing_220m,4.983359966278076,4.991824941635132,0.008464975357055593,False
validation_loss,quality,lower_is_better,10m,8191,v3_routing_vs_moe,routing_mechanism,moe_220m,v3_routing_220m,4.9708214855194095,4.980957555770874,0.010136070251464346,False
validation_loss,quality,lower_is_better,10m,10007,v3_routing_vs_moe,routing_mechanism,moe_220m,v3_routing_220m,4.97149151802063,4.974135565757751,0.0026440477371210136,False
validation_loss,quality,lower_is_better,10m,11213,v3_routing_vs_moe,routing_mechanism,moe_220m,v3_routing_220m,4.960887570381164,4.970754518508911,0.009866948127746689,False
validation_loss,quality,lower_is_better,10m,12721,v3_routing_vs_moe,routing_mechanism,moe_220m,v3_routing_220m,4.956976222991943,5.006309819221497,0.04933359622955358,False
validation_loss,quality,lower_is_better,10m,1337,mtp_vs_dense,objective_mechanism,dense_121m,mtp_121m,5.010542912483215,5.009670815467834,-0.0008720970153808238,True
validation_loss,quality,lower_is_better,10m,2027,mtp_vs_dense,objective_mechanism,dense_121m,mtp_121m,5.03985182762146,5.045757584571838,0.005905756950378205,False
validation_loss,quality,lower_is_better,10m,31415,mtp_vs_dense,objective_mechanism,dense_121m,mtp_121m,5.002737498283386,5.054121799468994,0.05138430118560855,False
validation_loss,quality,lower_is_better,10m,4441,mtp_vs_dense,objective_mechanism,dense_121m,mtp_121m,5.00126169204712,5.029954085350036,0.02869239330291684,False
validation_loss,quality,lower_is_better,10m,5501,mtp_vs_dense,objective_mechanism,dense_121m,mtp_121m,5.028018565177917,4.991040110588074,-0.0369784545898435,True
validation_loss,quality,lower_is_better,10m,6173,mtp_vs_dense,objective_mechanism,dense_121m,mtp_121m,5.023905034065247,5.011355180740356,-0.01254985332489067,True
validation_loss,quality,lower_is_better,10m,8191,mtp_vs_dense,objective_mechanism,dense_121m,mtp_121m,5.010300731658935,4.989459028244019,-0.020841703414916424,True
validation_loss,quality,lower_is_better,10m,10007,mtp_vs_dense,objective_mechanism,dense_121m,mtp_121m,5.021801533699036,5.025440711975097,0.0036391782760611946,False
validation_loss,quality,lower_is_better,10m,11213,mtp_vs_dense,objective_mechanism,dense_121m,mtp_121m,5.039705038070679,5.035873055458069,-0.0038319826126098633,True
validation_loss,quality,lower_is_better,10m,12721,mtp_vs_dense,objective_mechanism,dense_121m,mtp_121m,5.049073481559754,5.028060746192932,-0.021012735366821467,True
validation_loss,quality,lower_is_better,25m,1337,mla_vs_dense,attention_mechanism,dense_121m,mla_121m,4.591437788009643,4.636013627052307,0.04457583904266382,False
validation_loss,quality,lower_is_better,25m,2027,mla_vs_dense,attention_mechanism,dense_121m,mla_121m,4.598965830802918,4.638378939628601,0.039413108825683274,False
validation_loss,quality,lower_is_better,25m,31415,mla_vs_dense,attention_mechanism,dense_121m,mla_121m,4.585212154388428,4.641139874458313,0.05592772006988511,False
validation_loss,quality,lower_is_better,25m,4441,mla_vs_dense,attention_mechanism,dense_121m,mla_121m,4.591076664924621,4.620917696952819,0.0298410320281981,False
validation_loss,quality,lower_is_better,25m,5501,mla_vs_dense,attention_mechanism,dense_121m,mla_121m,4.591331214904785,4.640361032485962,0.04902981758117697,False
validation_loss,quality,lower_is_better,25m,6173,mla_vs_dense,attention_mechanism,dense_121m,mla_121m,4.6034186697006225,4.675508689880371,0.07209002017974875,False
validation_loss,quality,lower_is_better,25m,8191,mla_vs_dense,attention_mechanism,dense_121m,mla_121m,4.596622920036316,4.6468532228469845,0.05023030281066898,False
validation_loss,quality,lower_is_better,25m,10007,mla_vs_dense,attention_mechanism,dense_121m,mla_121m,4.595331959724426,4.645402798652649,0.05007083892822273,False
validation_loss,quality,lower_is_better,25m,11213,mla_vs_dense,attention_mechanism,dense_121m,mla_121m,4.5933767557144165,4.61867467880249,0.02529792308807366,False
validation_loss,quality,lower_is_better,25m,12721,mla_vs_dense,attention_mechanism,dense_121m,mla_121m,4.621394553184509,4.6554359483718875,0.03404139518737814,False
validation_loss,quality,lower_is_better,25m,1337,moe_vs_dense,sparse_ffn_mechanism,dense_121m,moe_220m,4.591437788009643,4.597828526496887,0.006390738487243475,False
validation_loss,quality,lower_is_better,25m,2027,moe_vs_dense,sparse_ffn_mechanism,dense_121m,moe_220m,4.598965830802918,4.554027361869812,-0.044938468933105824,True
validation_loss,quality,lower_is_better,25m,31415,moe_vs_dense,sparse_ffn_mechanism,dense_121m,moe_220m,4.585212154388428,4.563076300621033,-0.02213585376739502,True
validation_loss,quality,lower_is_better,25m,4441,moe_vs_dense,sparse_ffn_mechanism,dense_121m,moe_220m,4.591076664924621,4.581375322341919,-0.009701342582702388,True
validation_loss,quality,lower_is_better,25m,5501,moe_vs_dense,sparse_ffn_mechanism,dense_121m,moe_220m,4.591331214904785,4.5742539167404175,-0.017077298164367427,True
validation_loss,quality,lower_is_better,25m,6173,moe_vs_dense,sparse_ffn_mechanism,dense_121m,moe_220m,4.6034186697006225,4.588406610488891,-0.0150120592117311,True
validation_loss,quality,lower_is_better,25m,8191,moe_vs_dense,sparse_ffn_mechanism,dense_121m,moe_220m,4.596622920036316,4.5880322265625,-0.008590693473815136,True
validation_loss,quality,lower_is_better,25m,10007,moe_vs_dense,sparse_ffn_mechanism,dense_121m,moe_220m,4.595331959724426,4.571568922996521,-0.023763036727904918,True
validation_loss,quality,lower_is_better,25m,11213,moe_vs_dense,sparse_ffn_mechanism,dense_121m,moe_220m,4.5933767557144165,4.557565808296204,-0.03581094741821289,True
validation_loss,quality,lower_is_better,25m,12721,moe_vs_dense,sparse_ffn_mechanism,dense_121m,moe_220m,4.621394553184509,4.563816108703613,-0.057578444480895996,True
validation_loss,quality,lower_is_better,25m,1337,mla_moe_vs_dense,composition_supporting,dense_121m,mla_moe_220m,4.591437788009643,4.605242600440979,0.013804812431335911,False
validation_loss,quality,lower_is_better,25m,2027,mla_moe_vs_dense,composition_supporting,dense_121m,mla_moe_220m,4.598965830802918,4.615014266967774,0.01604843616485585,False
validation_loss,quality,lower_is_better,25m,31415,mla_moe_vs_dense,composition_supporting,dense_121m,mla_moe_220m,4.585212154388428,4.621018161773682,0.03580600738525419,False
validation_loss,quality,lower_is_better,25m,4441,mla_moe_vs_dense,composition_supporting,dense_121m,mla_moe_220m,4.591076664924621,4.610363845825195,0.019287180900573908,False
validation_loss,quality,lower_is_better,25m,5501,mla_moe_vs_dense,composition_supporting,dense_121m,mla_moe_220m,4.591331214904785,4.613008084297181,0.02167686939239566,False
validation_loss,quality,lower_is_better,25m,6173,mla_moe_vs_dense,composition_supporting,dense_121m,mla_moe_220m,4.6034186697006225,4.610475754737854,0.007057085037231126,False
validation_loss,quality,lower_is_better,25m,8191,mla_moe_vs_dense,composition_supporting,dense_121m,mla_moe_220m,4.596622920036316,4.601074109077453,0.004451189041137837,False
validation_loss,quality,lower_is_better,25m,10007,mla_moe_vs_dense,composition_supporting,dense_121m,mla_moe_220m,4.595331959724426,4.619457764625549,0.02412580490112326,False
validation_loss,quality,lower_is_better,25m,11213,mla_moe_vs_dense,composition_supporting,dense_121m,mla_moe_220m,4.5933767557144165,4.615940542221069,0.022563786506652583,False
validation_loss,quality,lower_is_better,25m,12721,mla_moe_vs_dense,composition_supporting,dense_121m,mla_moe_220m,4.621394553184509,4.640058860778809,0.0186643075942996,False
validation_loss,quality,lower_is_better,25m,1337,mla_moe_vs_mla,composition_mechanism,mla_121m,mla_moe_220m,4.636013627052307,4.605242600440979,-0.030771026611327912,True
validation_loss,quality,lower_is_better,25m,2027,mla_moe_vs_mla,composition_mechanism,mla_121m,mla_moe_220m,4.638378939628601,4.615014266967774,-0.023364672660827424,True
validation_loss,quality,lower_is_better,25m,31415,mla_moe_vs_mla,composition_mechanism,mla_121m,mla_moe_220m,4.641139874458313,4.621018161773682,-0.02012171268463092,True
validation_loss,quality,lower_is_better,25m,4441,mla_moe_vs_mla,composition_mechanism,mla_121m,mla_moe_220m,4.620917696952819,4.610363845825195,-0.010553851127624192,True
validation_loss,quality,lower_is_better,25m,5501,mla_moe_vs_mla,composition_mechanism,mla_121m,mla_moe_220m,4.640361032485962,4.613008084297181,-0.027352948188781312,True
validation_loss,quality,lower_is_better,25m,6173,mla_moe_vs_mla,composition_mechanism,mla_121m,mla_moe_220m,4.675508689880371,4.610475754737854,-0.06503293514251762,True
validation_loss,quality,lower_is_better,25m,8191,mla_moe_vs_mla,composition_mechanism,mla_121m,mla_moe_220m,4.6468532228469845,4.601074109077453,-0.04577911376953114,True
validation_loss,quality,lower_is_better,25m,10007,mla_moe_vs_mla,composition_mechanism,mla_121m,mla_moe_220m,4.645402798652649,4.619457764625549,-0.025945034027099467,True
validation_loss,quality,lower_is_better,25m,11213,mla_moe_vs_mla,composition_mechanism,mla_121m,mla_moe_220m,4.61867467880249,4.615940542221069,-0.002734136581421076,True
validation_loss,quality,lower_is_better,25m,12721,mla_moe_vs_mla,composition_mechanism,mla_121m,mla_moe_220m,4.6554359483718875,4.640058860778809,-0.015377087593078542,True
validation_loss,quality,lower_is_better,25m,1337,mla_moe_vs_moe,composition_mechanism,moe_220m,mla_moe_220m,4.597828526496887,4.605242600440979,0.007414073944092436,False
validation_loss,quality,lower_is_better,25m,2027,mla_moe_vs_moe,composition_mechanism,moe_220m,mla_moe_220m,4.554027361869812,4.615014266967774,0.060986905097961674,False
validation_loss,quality,lower_is_better,25m,31415,mla_moe_vs_moe,composition_mechanism,moe_220m,mla_moe_220m,4.563076300621033,4.621018161773682,0.05794186115264921,False
validation_loss,quality,lower_is_better,25m,4441,mla_moe_vs_moe,composition_mechanism,moe_220m,mla_moe_220m,4.581375322341919,4.610363845825195,0.028988523483276296,False
validation_loss,quality,lower_is_better,25m,5501,mla_moe_vs_moe,composition_mechanism,moe_220m,mla_moe_220m,4.5742539167404175,4.613008084297181,0.038754167556763086,False
validation_loss,quality,lower_is_better,25m,6173,mla_moe_vs_moe,composition_mechanism,moe_220m,mla_moe_220m,4.588406610488891,4.610475754737854,0.022069144248962225,False
validation_loss,quality,lower_is_better,25m,8191,mla_moe_vs_moe,composition_mechanism,moe_220m,mla_moe_220m,4.5880322265625,4.601074109077453,0.013041882514952974,False
validation_loss,quality,lower_is_better,25m,10007,mla_moe_vs_moe,composition_mechanism,moe_220m,mla_moe_220m,4.571568922996521,4.619457764625549,0.04788884162902818,False
validation_loss,quality,lower_is_better,25m,11213,mla_moe_vs_moe,composition_mechanism,moe_220m,mla_moe_220m,4.557565808296204,4.615940542221069,0.058374733924865474,False
validation_loss,quality,lower_is_better,25m,12721,mla_moe_vs_moe,composition_mechanism,moe_220m,mla_moe_220m,4.563816108703613,4.640058860778809,0.0762427520751956,False
validation_loss,quality,lower_is_better,25m,1337,v3_routing_vs_moe,routing_mechanism,moe_220m,v3_routing_220m,4.597828526496887,4.568220481872559,-0.029608044624327867,True
validation_loss,quality,lower_is_better,25m,2027,v3_routing_vs_moe,routing_mechanism,moe_220m,v3_routing_220m,4.554027361869812,4.567547717094421,0.013520355224609482,False
validation_loss,quality,lower_is_better,25m,31415,v3_routing_vs_moe,routing_mechanism,moe_220m,v3_routing_220m,4.563076300621033,4.578520503044128,0.015444202423095632,False
validation_loss,quality,lower_is_better,25m,4441,v3_routing_vs_moe,routing_mechanism,moe_220m,v3_routing_220m,4.581375322341919,4.582013196945191,0.0006378746032718041,False
validation_loss,quality,lower_is_better,25m,5501,v3_routing_vs_moe,routing_mechanism,moe_220m,v3_routing_220m,4.5742539167404175,4.572850742340088,-0.0014031744003295543,True
validation_loss,quality,lower_is_better,25m,6173,v3_routing_vs_moe,routing_mechanism,moe_220m,v3_routing_220m,4.588406610488891,4.588345732688904,-6.087779998775744e-05,True
validation_loss,quality,lower_is_better,25m,8191,v3_routing_vs_moe,routing_mechanism,moe_220m,v3_routing_220m,4.5880322265625,4.5800872421264645,-0.007944984436035973,True
validation_loss,quality,lower_is_better,25m,10007,v3_routing_vs_moe,routing_mechanism,moe_220m,v3_routing_220m,4.571568922996521,4.574943222999573,0.0033743000030517223,False
validation_loss,quality,lower_is_better,25m,11213,v3_routing_vs_moe,routing_mechanism,moe_220m,v3_routing_220m,4.557565808296204,4.567799167633057,0.010233359336853098,False
validation_loss,quality,lower_is_better,25m,12721,v3_routing_vs_moe,routing_mechanism,moe_220m,v3_routing_220m,4.563816108703613,4.57842291355133,0.014606804847717036,False
validation_loss,quality,lower_is_better,25m,1337,mtp_vs_dense,objective_mechanism,dense_121m,mtp_121m,4.591437788009643,4.587740163803101,-0.0036976242065422937,True
validation_loss,quality,lower_is_better,25m,2027,mtp_vs_dense,objective_mechanism,dense_121m,mtp_121m,4.598965830802918,4.595658249855042,-0.0033075809478759766,True
validation_loss,quality,lower_is_better,25m,31415,mtp_vs_dense,objective_mechanism,dense_121m,mtp_121m,4.585212154388428,4.58462516784668,-0.0005869865417480469,True
validation_loss,quality,lower_is_better,25m,4441,mtp_vs_dense,objective_mechanism,dense_121m,mtp_121m,4.591076664924621,4.59845272064209,0.007376055717468688,False
validation_loss,quality,lower_is_better,25m,5501,mtp_vs_dense,objective_mechanism,dense_121m,mtp_121m,4.591331214904785,4.5947574567794796,0.0034262418746946466,False
validation_loss,quality,lower_is_better,25m,6173,mtp_vs_dense,objective_mechanism,dense_121m,mtp_121m,4.6034186697006225,4.582125868797302,-0.02129280090332042,True
validation_loss,quality,lower_is_better,25m,8191,mtp_vs_dense,objective_mechanism,dense_121m,mtp_121m,4.596622920036316,4.559765419960022,-0.036857500076293626,True
validation_loss,quality,lower_is_better,25m,10007,mtp_vs_dense,objective_mechanism,dense_121m,mtp_121m,4.595331959724426,4.587992253303528,-0.0073397064208977625,True
validation_loss,quality,lower_is_better,25m,11213,mtp_vs_dense,objective_mechanism,dense_121m,mtp_121m,4.5933767557144165,4.580157718658447,-0.013219037055969274,True
validation_loss,quality,lower_is_better,25m,12721,mtp_vs_dense,objective_mechanism,dense_121m,mtp_121m,4.621394553184509,4.604061307907105,-0.01733324527740443,True
validation_loss,quality,lower_is_better,50m,1337,mla_vs_dense,attention_mechanism,dense_121m,mla_121m,4.413815379142761,4.457189702987671,0.04337432384491002,False
validation_loss,quality,lower_is_better,50m,2027,mla_vs_dense,attention_mechanism,dense_121m,mla_121m,4.41679119348526,4.45543247461319,0.03864128112792997,False
validation_loss,quality,lower_is_better,50m,31415,mla_vs_dense,attention_mechanism,dense_121m,mla_121m,4.410975000858307,4.462382535934449,0.05140753507614182,False
validation_loss,quality,lower_is_better,50m,4441,mla_vs_dense,attention_mechanism,dense_121m,mla_121m,4.415515968799591,4.457079436779022,0.04156346797943122,False
validation_loss,quality,lower_is_better,50m,5501,mla_vs_dense,attention_mechanism,dense_121m,mla_121m,4.414704790115357,4.4633503246307376,0.048645534515380895,False
validation_loss,quality,lower_is_better,50m,6173,mla_vs_dense,attention_mechanism,dense_121m,mla_121m,4.418850474357605,4.485051980018616,0.06620150566101124,False
validation_loss,quality,lower_is_better,50m,8191,mla_vs_dense,attention_mechanism,dense_121m,mla_121m,4.425653915405274,4.481629219055176,0.055975303649901775,False
validation_loss,quality,lower_is_better,50m,10007,mla_vs_dense,attention_mechanism,dense_121m,mla_121m,4.425504629611969,4.473752200603485,0.04824757099151622,False
validation_loss,quality,lower_is_better,50m,11213,mla_vs_dense,attention_mechanism,dense_121m,mla_121m,4.408506515026093,4.44751650094986,0.0390099859237667,False
validation_loss,quality,lower_is_better,50m,12721,mla_vs_dense,attention_mechanism,dense_121m,mla_121m,4.422677891254425,4.471390347480774,0.04871245622634923,False
validation_loss,quality,lower_is_better,50m,1337,moe_vs_dense,sparse_ffn_mechanism,dense_121m,moe_220m,4.413815379142761,4.3878645324707035,-0.025950846672057715,True
validation_loss,quality,lower_is_better,50m,2027,moe_vs_dense,sparse_ffn_mechanism,dense_121m,moe_220m,4.41679119348526,4.377377479076386,-0.03941371440887398,True
validation_loss,quality,lower_is_better,50m,31415,moe_vs_dense,sparse_ffn_mechanism,dense_121m,moe_220m,4.410975000858307,4.383457946777344,-0.027517054080963277,True
validation_loss,quality,lower_is_better,50m,4441,moe_vs_dense,sparse_ffn_mechanism,dense_121m,moe_220m,4.415515968799591,4.384979677200318,-0.03053629159927329,True
validation_loss,quality,lower_is_better,50m,5501,moe_vs_dense,sparse_ffn_mechanism,dense_121m,moe_220m,4.414704790115357,4.385798540115356,-0.028906250000000355,True
validation_loss,quality,lower_is_better,50m,6173,moe_vs_dense,sparse_ffn_mechanism,dense_121m,moe_220m,4.418850474357605,4.385251336097717,-0.033599138259887695,True
validation_loss,quality,lower_is_better,50m,8191,moe_vs_dense,sparse_ffn_mechanism,dense_121m,moe_220m,4.425653915405274,4.400483725070953,-0.025170190334320885,True
validation_loss,quality,lower_is_better,50m,10007,moe_vs_dense,sparse_ffn_mechanism,dense_121m,moe_220m,4.425504629611969,4.389926397800446,-0.035578231811522976,True
validation_loss,quality,lower_is_better,50m,11213,moe_vs_dense,sparse_ffn_mechanism,dense_121m,moe_220m,4.408506515026093,4.380976192951202,-0.02753032207489081,True
validation_loss,quality,lower_is_better,50m,12721,moe_vs_dense,sparse_ffn_mechanism,dense_121m,moe_220m,4.422677891254425,4.388684496879578,-0.03399339437484716,True
validation_loss,quality,lower_is_better,50m,1337,mla_moe_vs_dense,composition_supporting,dense_121m,mla_moe_220m,4.413815379142761,4.427925455570221,0.01411007642745954,False
validation_loss,quality,lower_is_better,50m,2027,mla_moe_vs_dense,composition_supporting,dense_121m,mla_moe_220m,4.41679119348526,4.429646024703979,0.012854831218719553,False
validation_loss,quality,lower_is_better,50m,31415,mla_moe_vs_dense,composition_supporting,dense_121m,mla_moe_220m,4.410975000858307,4.437074370384217,0.026099369525909744,False
validation_loss,quality,lower_is_better,50m,4441,mla_moe_vs_dense,composition_supporting,dense_121m,mla_moe_220m,4.415515968799591,4.428687889575958,0.013171920776366974,False
validation_loss,quality,lower_is_better,50m,5501,mla_moe_vs_dense,composition_supporting,dense_121m,mla_moe_220m,4.414704790115357,4.4384384441375735,0.023733654022216832,False
validation_loss,quality,lower_is_better,50m,6173,mla_moe_vs_dense,composition_supporting,dense_121m,mla_moe_220m,4.418850474357605,4.4289761471748355,0.010125672817230758,False
validation_loss,quality,lower_is_better,50m,8191,mla_moe_vs_dense,composition_supporting,dense_121m,mla_moe_220m,4.425653915405274,4.434100689888001,0.008446774482727015,False
validation_loss,quality,lower_is_better,50m,10007,mla_moe_vs_dense,composition_supporting,dense_121m,mla_moe_220m,4.425504629611969,4.433446598052979,0.007941968441009806,False
validation_loss,quality,lower_is_better,50m,11213,mla_moe_vs_dense,composition_supporting,dense_121m,mla_moe_220m,4.408506515026093,4.427776000499725,0.019269485473632386,False
validation_loss,quality,lower_is_better,50m,12721,mla_moe_vs_dense,composition_supporting,dense_121m,mla_moe_220m,4.422677891254425,4.443242726325988,0.02056483507156326,False
validation_loss,quality,lower_is_better,50m,1337,mla_moe_vs_mla,composition_mechanism,mla_121m,mla_moe_220m,4.457189702987671,4.427925455570221,-0.029264247417450484,True
validation_loss,quality,lower_is_better,50m,2027,mla_moe_vs_mla,composition_mechanism,mla_121m,mla_moe_220m,4.45543247461319,4.429646024703979,-0.025786449909210418,True
validation_loss,quality,lower_is_better,50m,31415,mla_moe_vs_mla,composition_mechanism,mla_121m,mla_moe_220m,4.462382535934449,4.437074370384217,-0.025308165550232076,True
validation_loss,quality,lower_is_better,50m,4441,mla_moe_vs_mla,composition_mechanism,mla_121m,mla_moe_220m,4.457079436779022,4.428687889575958,-0.02839154720306425,True
validation_loss,quality,lower_is_better,50m,5501,mla_moe_vs_mla,composition_mechanism,mla_121m,mla_moe_220m,4.4633503246307376,4.4384384441375735,-0.024911880493164062,True
validation_loss,quality,lower_is_better,50m,6173,mla_moe_vs_mla,composition_mechanism,mla_121m,mla_moe_220m,4.485051980018616,4.4289761471748355,-0.05607583284378048,True
validation_loss,quality,lower_is_better,50m,8191,mla_moe_vs_mla,composition_mechanism,mla_121m,mla_moe_220m,4.481629219055176,4.434100689888001,-0.04752852916717476,True
validation_loss,quality,lower_is_better,50m,10007,mla_moe_vs_mla,composition_mechanism,mla_121m,mla_moe_220m,4.473752200603485,4.433446598052979,-0.040305602550506414,True
validation_loss,quality,lower_is_better,50m,11213,mla_moe_vs_mla,composition_mechanism,mla_121m,mla_moe_220m,4.44751650094986,4.427776000499725,-0.019740500450134313,True
validation_loss,quality,lower_is_better,50m,12721,mla_moe_vs_mla,composition_mechanism,mla_121m,mla_moe_220m,4.471390347480774,4.443242726325988,-0.028147621154785973,True
validation_loss,quality,lower_is_better,50m,1337,mla_moe_vs_moe,composition_mechanism,moe_220m,mla_moe_220m,4.3878645324707035,4.427925455570221,0.040060923099517254,False
validation_loss,quality,lower_is_better,50m,2027,mla_moe_vs_moe,composition_mechanism,moe_220m,mla_moe_220m,4.377377479076386,4.429646024703979,0.05226854562759353,False
validation_loss,quality,lower_is_better,50m,31415,mla_moe_vs_moe,composition_mechanism,moe_220m,mla_moe_220m,4.383457946777344,4.437074370384217,0.05361642360687302,False
validation_loss,quality,lower_is_better,50m,4441,mla_moe_vs_moe,composition_mechanism,moe_220m,mla_moe_220m,4.384979677200318,4.428687889575958,0.043708212375640265,False
validation_loss,quality,lower_is_better,50m,5501,mla_moe_vs_moe,composition_mechanism,moe_220m,mla_moe_220m,4.385798540115356,4.4384384441375735,0.05263990402221719,False
validation_loss,quality,lower_is_better,50m,6173,mla_moe_vs_moe,composition_mechanism,moe_220m,mla_moe_220m,4.385251336097717,4.4289761471748355,0.04372481107711845,False
validation_loss,quality,lower_is_better,50m,8191,mla_moe_vs_moe,composition_mechanism,moe_220m,mla_moe_220m,4.400483725070953,4.434100689888001,0.0336169648170479,False
validation_loss,quality,lower_is_better,50m,10007,mla_moe_vs_moe,composition_mechanism,moe_220m,mla_moe_220m,4.389926397800446,4.433446598052979,0.04352020025253278,False
validation_loss,quality,lower_is_better,50m,11213,mla_moe_vs_moe,composition_mechanism,moe_220m,mla_moe_220m,4.380976192951202,4.427776000499725,0.0467998075485232,False
validation_loss,quality,lower_is_better,50m,12721,mla_moe_vs_moe,composition_mechanism,moe_220m,mla_moe_220m,4.388684496879578,4.443242726325988,0.05455822944641042,False
validation_loss,quality,lower_is_better,50m,1337,v3_routing_vs_moe,routing_mechanism,moe_220m,v3_routing_220m,4.3878645324707035,4.389537134170532,0.0016726016998287463,False
validation_loss,quality,lower_is_better,50m,2027,v3_routing_vs_moe,routing_mechanism,moe_220m,v3_routing_220m,4.377377479076386,4.389232478141785,0.011854999065398886,False
validation_loss,quality,lower_is_better,50m,31415,v3_routing_vs_moe,routing_mechanism,moe_220m,v3_routing_220m,4.383457946777344,4.386140849590301,0.002682902812957799,False
validation_loss,quality,lower_is_better,50m,4441,v3_routing_vs_moe,routing_mechanism,moe_220m,v3_routing_220m,4.384979677200318,4.39297039270401,0.007990715503692236,False
validation_loss,quality,lower_is_better,50m,5501,v3_routing_vs_moe,routing_mechanism,moe_220m,v3_routing_220m,4.385798540115356,4.386574988365173,0.0007764482498169301,False
validation_loss,quality,lower_is_better,50m,6173,v3_routing_vs_moe,routing_mechanism,moe_220m,v3_routing_220m,4.385251336097717,4.3907927536964415,0.005541417598724507,False
validation_loss,quality,lower_is_better,50m,8191,v3_routing_vs_moe,routing_mechanism,moe_220m,v3_routing_220m,4.400483725070953,4.4089886403083804,0.008504915237427468,False
validation_loss,quality,lower_is_better,50m,10007,v3_routing_vs_moe,routing_mechanism,moe_220m,v3_routing_220m,4.389926397800446,4.3941803598403935,0.004253962039947545,False
validation_loss,quality,lower_is_better,50m,11213,v3_routing_vs_moe,routing_mechanism,moe_220m,v3_routing_220m,4.380976192951202,4.385808789730072,0.004832596778870268,False
validation_loss,quality,lower_is_better,50m,12721,v3_routing_vs_moe,routing_mechanism,moe_220m,v3_routing_220m,4.388684496879578,4.389738433361053,0.0010539364814752261,False
validation_loss,quality,lower_is_better,50m,1337,mtp_vs_dense,objective_mechanism,dense_121m,mtp_121m,4.413815379142761,4.396453225612641,-0.017362153530120494,True
validation_loss,quality,lower_is_better,50m,2027,mtp_vs_dense,objective_mechanism,dense_121m,mtp_121m,4.41679119348526,4.40369558095932,-0.013095612525940048,True
validation_loss,quality,lower_is_better,50m,31415,mtp_vs_dense,objective_mechanism,dense_121m,mtp_121m,4.410975000858307,4.392371289730072,-0.018603711128235112,True
validation_loss,quality,lower_is_better,50m,4441,mtp_vs_dense,objective_mechanism,dense_121m,mtp_121m,4.415515968799591,4.410480535030365,-0.005035433769226216,True
validation_loss,quality,lower_is_better,50m,5501,mtp_vs_dense,objective_mechanism,dense_121m,mtp_121m,4.414704790115357,4.421631121635437,0.0069263315200807085,False
validation_loss,quality,lower_is_better,50m,6173,mtp_vs_dense,objective_mechanism,dense_121m,mtp_121m,4.418850474357605,4.394934310913086,-0.02391616344451908,True
validation_loss,quality,lower_is_better,50m,8191,mtp_vs_dense,objective_mechanism,dense_121m,mtp_121m,4.425653915405274,4.393142654895782,-0.03251126050949171,True
validation_loss,quality,lower_is_better,50m,10007,mtp_vs_dense,objective_mechanism,dense_121m,mtp_121m,4.425504629611969,4.388782823085785,-0.03672180652618362,True
validation_loss,quality,lower_is_better,50m,11213,mtp_vs_dense,objective_mechanism,dense_121m,mtp_121m,4.408506515026093,4.389464988708496,-0.019041526317597146,True
validation_loss,quality,lower_is_better,50m,12721,mtp_vs_dense,objective_mechanism,dense_121m,mtp_121m,4.422677891254425,4.406814534664154,-0.015863356590271493,True
test_loss,quality,lower_is_better,10m,1337,mla_vs_dense,attention_mechanism,dense_121m,mla_121m,4.98093719959259,5.057644391059876,0.07670719146728544,False
test_loss,quality,lower_is_better,10m,2027,mla_vs_dense,attention_mechanism,dense_121m,mla_121m,5.01153522491455,5.060748615264893,0.04921339035034222,False
test_loss,quality,lower_is_better,10m,31415,mla_vs_dense,attention_mechanism,dense_121m,mla_121m,4.981083612442017,5.055389552116394,0.07430593967437726,False
test_loss,quality,lower_is_better,10m,4441,mla_vs_dense,attention_mechanism,dense_121m,mla_121m,4.982637810707092,5.006461253166199,0.023823442459106836,False
test_loss,quality,lower_is_better,10m,5501,mla_vs_dense,attention_mechanism,dense_121m,mla_121m,5.0108515787124634,5.062279238700866,0.05142765998840293,False
test_loss,quality,lower_is_better,10m,6173,mla_vs_dense,attention_mechanism,dense_121m,mla_121m,4.986044526100159,5.114432282447815,0.12838775634765653,False
test_loss,quality,lower_is_better,10m,8191,mla_vs_dense,attention_mechanism,dense_121m,mla_121m,4.997298421859742,5.0691881322860715,0.07188971042632986,False
test_loss,quality,lower_is_better,10m,10007,mla_vs_dense,attention_mechanism,dense_121m,mla_121m,4.990591192245484,5.043753395080566,0.05316220283508244,False
test_loss,quality,lower_is_better,10m,11213,mla_vs_dense,attention_mechanism,dense_121m,mla_121m,5.013829193115234,5.026043920516968,0.012214727401733683,False
test_loss,quality,lower_is_better,10m,12721,mla_vs_dense,attention_mechanism,dense_121m,mla_121m,5.019692482948304,5.0553870153427125,0.035694532394408895,False
test_loss,quality,lower_is_better,10m,1337,moe_vs_dense,sparse_ffn_mechanism,dense_121m,moe_220m,4.98093719959259,4.9556202220916745,-0.025316977500915883,True
test_loss,quality,lower_is_better,10m,2027,moe_vs_dense,sparse_ffn_mechanism,dense_121m,moe_220m,5.01153522491455,4.942556142807007,-0.06897908210754355,True
test_loss,quality,lower_is_better,10m,31415,moe_vs_dense,sparse_ffn_mechanism,dense_121m,moe_220m,4.981083612442017,4.937805209159851,-0.04327840328216581,True
test_loss,quality,lower_is_better,10m,4441,moe_vs_dense,sparse_ffn_mechanism,dense_121m,moe_220m,4.982637810707092,4.9590047836303714,-0.02363302707672066,True
test_loss,quality,lower_is_better,10m,5501,moe_vs_dense,sparse_ffn_mechanism,dense_121m,moe_220m,5.0108515787124634,4.947788066864014,-0.0630635118484495,True
test_loss,quality,lower_is_better,10m,6173,moe_vs_dense,sparse_ffn_mechanism,dense_121m,moe_220m,4.986044526100159,4.94702100276947,-0.03902352333068837,True
test_loss,quality,lower_is_better,10m,8191,moe_vs_dense,sparse_ffn_mechanism,dense_121m,moe_220m,4.997298421859742,4.951770820617676,-0.045527601242065785,True
test_loss,quality,lower_is_better,10m,10007,moe_vs_dense,sparse_ffn_mechanism,dense_121m,moe_220m,4.990591192245484,4.937734346389771,-0.05285684585571282,True
test_loss,quality,lower_is_better,10m,11213,moe_vs_dense,sparse_ffn_mechanism,dense_121m,moe_220m,5.013829193115234,4.935662884712219,-0.07816630840301553,True
test_loss,quality,lower_is_better,10m,12721,moe_vs_dense,sparse_ffn_mechanism,dense_121m,moe_220m,5.019692482948304,4.920693316459656,-0.09899916648864782,True
test_loss,quality,lower_is_better,10m,1337,mla_moe_vs_dense,composition_supporting,dense_121m,mla_moe_220m,4.98093719959259,4.975300846099853,-0.005636353492737278,True
test_loss,quality,lower_is_better,10m,2027,mla_moe_vs_dense,composition_supporting,dense_121m,mla_moe_220m,5.01153522491455,4.994600296020508,-0.016934928894042578,True
test_loss,quality,lower_is_better,10m,31415,mla_moe_vs_dense,composition_supporting,dense_121m,mla_moe_220m,4.981083612442017,5.010563569068909,0.029479956626891735,False
test_loss,quality,lower_is_better,10m,4441,mla_moe_vs_dense,composition_supporting,dense_121m,mla_moe_220m,4.982637810707092,4.976225805282593,-0.0064120054244991564,True
test_loss,quality,lower_is_better,10m,5501,mla_moe_vs_dense,composition_supporting,dense_121m,mla_moe_220m,5.0108515787124634,5.0054989385604856,-0.005352640151977894,True
test_loss,quality,lower_is_better,10m,6173,mla_moe_vs_dense,composition_supporting,dense_121m,mla_moe_220m,4.986044526100159,4.9624495029449465,-0.023595023155212225,True
test_loss,quality,lower_is_better,10m,8191,mla_moe_vs_dense,composition_supporting,dense_121m,mla_moe_220m,4.997298421859742,4.988126230239868,-0.00917219161987326,True
test_loss,quality,lower_is_better,10m,10007,mla_moe_vs_dense,composition_supporting,dense_121m,mla_moe_220m,4.990591192245484,5.0032300806045535,0.012638888359069789,False
test_loss,quality,lower_is_better,10m,11213,mla_moe_vs_dense,composition_supporting,dense_121m,mla_moe_220m,5.013829193115234,5.0375270175933835,0.023697824478149165,False
test_loss,quality,lower_is_better,10m,12721,mla_moe_vs_dense,composition_supporting,dense_121m,mla_moe_220m,5.019692482948304,5.02160578250885,0.0019132995605462,False
test_loss,quality,lower_is_better,10m,1337,mla_moe_vs_mla,composition_mechanism,mla_121m,mla_moe_220m,5.057644391059876,4.975300846099853,-0.08234354496002272,True
test_loss,quality,lower_is_better,10m,2027,mla_moe_vs_mla,composition_mechanism,mla_121m,mla_moe_220m,5.060748615264893,4.994600296020508,-0.0661483192443848,True
test_loss,quality,lower_is_better,10m,31415,mla_moe_vs_mla,composition_mechanism,mla_121m,mla_moe_220m,5.055389552116394,5.010563569068909,-0.04482598304748553,True
test_loss,quality,lower_is_better,10m,4441,mla_moe_vs_mla,composition_mechanism,mla_121m,mla_moe_220m,5.006461253166199,4.976225805282593,-0.030235447883605993,True
test_loss,quality,lower_is_better,10m,5501,mla_moe_vs_mla,composition_mechanism,mla_121m,mla_moe_220m,5.062279238700866,5.0054989385604856,-0.056780300140380824,True
test_loss,quality,lower_is_better,10m,6173,mla_moe_vs_mla,composition_mechanism,mla_121m,mla_moe_220m,5.114432282447815,4.9624495029449465,-0.15198277950286876,True
test_loss,quality,lower_is_better,10m,8191,mla_moe_vs_mla,composition_mechanism,mla_121m,mla_moe_220m,5.0691881322860715,4.988126230239868,-0.08106190204620312,True
test_loss,quality,lower_is_better,10m,10007,mla_moe_vs_mla,composition_mechanism,mla_121m,mla_moe_220m,5.043753395080566,5.0032300806045535,-0.04052331447601265,True
test_loss,quality,lower_is_better,10m,11213,mla_moe_vs_mla,composition_mechanism,mla_121m,mla_moe_220m,5.026043920516968,5.0375270175933835,0.011483097076415483,False
test_loss,quality,lower_is_better,10m,12721,mla_moe_vs_mla,composition_mechanism,mla_121m,mla_moe_220m,5.0553870153427125,5.02160578250885,-0.033781232833862695,True
test_loss,quality,lower_is_better,10m,1337,mla_moe_vs_moe,composition_mechanism,moe_220m,mla_moe_220m,4.9556202220916745,4.975300846099853,0.019680624008178604,False
test_loss,quality,lower_is_better,10m,2027,mla_moe_vs_moe,composition_mechanism,moe_220m,mla_moe_220m,4.942556142807007,4.994600296020508,0.05204415321350098,False
test_loss,quality,lower_is_better,10m,31415,mla_moe_vs_moe,composition_mechanism,moe_220m,mla_moe_220m,4.937805209159851,5.010563569068909,0.07275835990905755,False
test_loss,quality,lower_is_better,10m,4441,mla_moe_vs_moe,composition_mechanism,moe_220m,mla_moe_220m,4.9590047836303714,4.976225805282593,0.017221021652221502,False
test_loss,quality,lower_is_better,10m,5501,mla_moe_vs_moe,composition_mechanism,moe_220m,mla_moe_220m,4.947788066864014,5.0054989385604856,0.0577108716964716,False
test_loss,quality,lower_is_better,10m,6173,mla_moe_vs_moe,composition_mechanism,moe_220m,mla_moe_220m,4.94702100276947,4.9624495029449465,0.015428500175476145,False
test_loss,quality,lower_is_better,10m,8191,mla_moe_vs_moe,composition_mechanism,moe_220m,mla_moe_220m,4.951770820617676,4.988126230239868,0.036355409622192525,False
test_loss,quality,lower_is_better,10m,10007,mla_moe_vs_moe,composition_mechanism,moe_220m,mla_moe_220m,4.937734346389771,5.0032300806045535,0.06549573421478261,False
test_loss,quality,lower_is_better,10m,11213,mla_moe_vs_moe,composition_mechanism,moe_220m,mla_moe_220m,4.935662884712219,5.0375270175933835,0.10186413288116469,False
test_loss,quality,lower_is_better,10m,12721,mla_moe_vs_moe,composition_mechanism,moe_220m,mla_moe_220m,4.920693316459656,5.02160578250885,0.10091246604919402,False
test_loss,quality,lower_is_better,10m,1337,v3_routing_vs_moe,routing_mechanism,moe_220m,v3_routing_220m,4.9556202220916745,4.92473473072052,-0.030885491371154927,True
test_loss,quality,lower_is_better,10m,2027,v3_routing_vs_moe,routing_mechanism,moe_220m,v3_routing_220m,4.942556142807007,4.94677966594696,0.0042235231399532225,False
test_loss,quality,lower_is_better,10m,31415,v3_routing_vs_moe,routing_mechanism,moe_220m,v3_routing_220m,4.937805209159851,4.938903489112854,0.001098279953002823,False
test_loss,quality,lower_is_better,10m,4441,v3_routing_vs_moe,routing_mechanism,moe_220m,v3_routing_220m,4.9590047836303714,4.964154543876648,0.005149760246276891,False
test_loss,quality,lower_is_better,10m,5501,v3_routing_vs_moe,routing_mechanism,moe_220m,v3_routing_220m,4.947788066864014,4.96031165599823,0.012523589134215918,False
test_loss,quality,lower_is_better,10m,6173,v3_routing_vs_moe,routing_mechanism,moe_220m,v3_routing_220m,4.94702100276947,4.961460537910462,0.014439535140991389,False
test_loss,quality,lower_is_better,10m,8191,v3_routing_vs_moe,routing_mechanism,moe_220m,v3_routing_220m,4.951770820617676,4.957535381317139,0.005764560699462962,False
test_loss,quality,lower_is_better,10m,10007,v3_routing_vs_moe,routing_mechanism,moe_220m,v3_routing_220m,4.937734346389771,4.946623644828796,0.008889298439025417,False
test_loss,quality,lower_is_better,10m,11213,v3_routing_vs_moe,routing_mechanism,moe_220m,v3_routing_220m,4.935662884712219,4.951768755912781,0.01610587120056195,False
test_loss,quality,lower_is_better,10m,12721,v3_routing_vs_moe,routing_mechanism,moe_220m,v3_routing_220m,4.920693316459656,4.962845268249512,0.04215195178985631,False
test_loss,quality,lower_is_better,10m,1337,mtp_vs_dense,objective_mechanism,dense_121m,mtp_121m,4.98093719959259,4.984927258491516,0.003990058898925675,False
test_loss,quality,lower_is_better,10m,2027,mtp_vs_dense,objective_mechanism,dense_121m,mtp_121m,5.01153522491455,5.022641386985779,0.011106162071228276,False
test_loss,quality,lower_is_better,10m,31415,mtp_vs_dense,objective_mechanism,dense_121m,mtp_121m,4.981083612442017,5.029318642616272,0.04823503017425512,False
test_loss,quality,lower_is_better,10m,4441,mtp_vs_dense,objective_mechanism,dense_121m,mtp_121m,4.982637810707092,5.009028248786926,0.026390438079833878,False
test_loss,quality,lower_is_better,10m,5501,mtp_vs_dense,objective_mechanism,dense_121m,mtp_121m,5.0108515787124634,4.96822991847992,-0.04262166023254377,True
test_loss,quality,lower_is_better,10m,6173,mtp_vs_dense,objective_mechanism,dense_121m,mtp_121m,4.986044526100159,4.979006390571595,-0.007038135528564027,True
test_loss,quality,lower_is_better,10m,8191,mtp_vs_dense,objective_mechanism,dense_121m,mtp_121m,4.997298421859742,4.975269618034363,-0.022028803825378418,True
test_loss,quality,lower_is_better,10m,10007,mtp_vs_dense,objective_mechanism,dense_121m,mtp_121m,4.990591192245484,4.9982624340057376,0.0076712417602538,False
test_loss,quality,lower_is_better,10m,11213,mtp_vs_dense,objective_mechanism,dense_121m,mtp_121m,5.013829193115234,5.012810754776001,-0.0010184383392335405,True
test_loss,quality,lower_is_better,10m,12721,mtp_vs_dense,objective_mechanism,dense_121m,mtp_121m,5.019692482948304,4.997881088256836,-0.021811394691467534,True
test_loss,quality,lower_is_better,25m,1337,mla_vs_dense,attention_mechanism,dense_121m,mla_121m,4.559668226242065,4.596735014915466,0.03706678867340063,False
test_loss,quality,lower_is_better,25m,2027,mla_vs_dense,attention_mechanism,dense_121m,mla_121m,4.556402339935302,4.59549572467804,0.03909338474273749,False
test_loss,quality,lower_is_better,25m,31415,mla_vs_dense,attention_mechanism,dense_121m,mla_121m,4.551598389148712,4.609473357200622,0.057874968051910614,False
test_loss,quality,lower_is_better,25m,4441,mla_vs_dense,attention_mechanism,dense_121m,mla_121m,4.5473325324058536,4.582543549537658,0.035211017131804745,False
test_loss,quality,lower_is_better,25m,5501,mla_vs_dense,attention_mechanism,dense_121m,mla_121m,4.553715810775757,4.597088627815246,0.04337281703948914,False
test_loss,quality,lower_is_better,25m,6173,mla_vs_dense,attention_mechanism,dense_121m,mla_121m,4.5584601879119875,4.6285189485549925,0.07005876064300498,False
test_loss,quality,lower_is_better,25m,8191,mla_vs_dense,attention_mechanism,dense_121m,mla_121m,4.560905327796936,4.610872278213501,0.049966950416564515,False
test_loss,quality,lower_is_better,25m,10007,mla_vs_dense,attention_mechanism,dense_121m,mla_121m,4.566771466732025,4.6150144100189205,0.04824294328689582,False
test_loss,quality,lower_is_better,25m,11213,mla_vs_dense,attention_mechanism,dense_121m,mla_121m,4.558523049354553,4.58735577583313,0.028832726478576376,False
test_loss,quality,lower_is_better,25m,12721,mla_vs_dense,attention_mechanism,dense_121m,mla_121m,4.586898398399353,4.621560287475586,0.03466188907623291,False
test_loss,quality,lower_is_better,25m,1337,moe_vs_dense,sparse_ffn_mechanism,dense_121m,moe_220m,4.559668226242065,4.557487230300904,-0.002180995941161612,True
test_loss,quality,lower_is_better,25m,2027,moe_vs_dense,sparse_ffn_mechanism,dense_121m,moe_220m,4.556402339935302,4.520900359153748,-0.03550198078155464,True
test_loss,quality,lower_is_better,25m,31415,moe_vs_dense,sparse_ffn_mechanism,dense_121m,moe_220m,4.551598389148712,4.5371862363815305,-0.014412152767181219,True
test_loss,quality,lower_is_better,25m,4441,moe_vs_dense,sparse_ffn_mechanism,dense_121m,moe_220m,4.5473325324058536,4.538250508308411,-0.00908202409744252,True
test_loss,quality,lower_is_better,25m,5501,moe_vs_dense,sparse_ffn_mechanism,dense_121m,moe_220m,4.553715810775757,4.537363939285278,-0.01635187149047912,True
test_loss,quality,lower_is_better,25m,6173,moe_vs_dense,sparse_ffn_mechanism,dense_121m,moe_220m,4.5584601879119875,4.5389330768585205,-0.01952711105346694,True
test_loss,quality,lower_is_better,25m,8191,moe_vs_dense,sparse_ffn_mechanism,dense_121m,moe_220m,4.560905327796936,4.551823134422302,-0.009082193374633896,True
test_loss,quality,lower_is_better,25m,10007,moe_vs_dense,sparse_ffn_mechanism,dense_121m,moe_220m,4.566771466732025,4.534740009307861,-0.032031457424163357,True
test_loss,quality,lower_is_better,25m,11213,moe_vs_dense,sparse_ffn_mechanism,dense_121m,moe_220m,4.558523049354553,4.531413204669953,-0.02710984468460076,True
test_loss,quality,lower_is_better,25m,12721,moe_vs_dense,sparse_ffn_mechanism,dense_121m,moe_220m,4.586898398399353,4.532688474655151,-0.05420992374420219,True
test_loss,quality,lower_is_better,25m,1337,mla_moe_vs_dense,composition_supporting,dense_121m,mla_moe_220m,4.559668226242065,4.571116642951965,0.011448416709900044,False
test_loss,quality,lower_is_better,25m,2027,mla_moe_vs_dense,composition_supporting,dense_121m,mla_moe_220m,4.556402339935302,4.578341851234436,0.021939511299133407,False
test_loss,quality,lower_is_better,25m,31415,mla_moe_vs_dense,composition_supporting,dense_121m,mla_moe_220m,4.551598389148712,4.588338017463684,0.03673962831497235,False
test_loss,quality,lower_is_better,25m,4441,mla_moe_vs_dense,composition_supporting,dense_121m,mla_moe_220m,4.5473325324058536,4.5684409427642825,0.02110841035842892,False
test_loss,quality,lower_is_better,25m,5501,mla_moe_vs_dense,composition_supporting,dense_121m,mla_moe_220m,4.553715810775757,4.578378801345825,0.024662990570067933,False
test_loss,quality,lower_is_better,25m,6173,mla_moe_vs_dense,composition_supporting,dense_121m,mla_moe_220m,4.5584601879119875,4.564995393753052,0.006535205841064595,False
test_loss,quality,lower_is_better,25m,8191,mla_moe_vs_dense,composition_supporting,dense_121m,mla_moe_220m,4.560905327796936,4.567454433441162,0.006549105644225506,False
test_loss,quality,lower_is_better,25m,10007,mla_moe_vs_dense,composition_supporting,dense_121m,mla_moe_220m,4.566771466732025,4.589117784500122,0.022346317768096924,False
test_loss,quality,lower_is_better,25m,11213,mla_moe_vs_dense,composition_supporting,dense_121m,mla_moe_220m,4.558523049354553,4.588997535705566,0.030474486351012686,False
test_loss,quality,lower_is_better,25m,12721,mla_moe_vs_dense,composition_supporting,dense_121m,mla_moe_220m,4.586898398399353,4.60919683933258,0.02229844093322697,False
test_loss,quality,lower_is_better,25m,1337,mla_moe_vs_mla,composition_mechanism,mla_121m,mla_moe_220m,4.596735014915466,4.571116642951965,-0.025618371963500586,True
test_loss,quality,lower_is_better,25m,2027,mla_moe_vs_mla,composition_mechanism,mla_121m,mla_moe_220m,4.59549572467804,4.578341851234436,-0.017153873443604084,True
test_loss,quality,lower_is_better,25m,31415,mla_moe_vs_mla,composition_mechanism,mla_121m,mla_moe_220m,4.609473357200622,4.588338017463684,-0.021135339736938263,True
test_loss,quality,lower_is_better,25m,4441,mla_moe_vs_mla,composition_mechanism,mla_121m,mla_moe_220m,4.582543549537658,4.5684409427642825,-0.014102606773375825,True
test_loss,quality,lower_is_better,25m,5501,mla_moe_vs_mla,composition_mechanism,mla_121m,mla_moe_220m,4.597088627815246,4.578378801345825,-0.01870982646942121,True
test_loss,quality,lower_is_better,25m,6173,mla_moe_vs_mla,composition_mechanism,mla_121m,mla_moe_220m,4.6285189485549925,4.564995393753052,-0.06352355480194039,True
test_loss,quality,lower_is_better,25m,8191,mla_moe_vs_mla,composition_mechanism,mla_121m,mla_moe_220m,4.610872278213501,4.567454433441162,-0.04341784477233901,True
test_loss,quality,lower_is_better,25m,10007,mla_moe_vs_mla,composition_mechanism,mla_121m,mla_moe_220m,4.6150144100189205,4.589117784500122,-0.0258966255187989,True
test_loss,quality,lower_is_better,25m,11213,mla_moe_vs_mla,composition_mechanism,mla_121m,mla_moe_220m,4.58735577583313,4.588997535705566,0.0016417598724363103,False
test_loss,quality,lower_is_better,25m,12721,mla_moe_vs_mla,composition_mechanism,mla_121m,mla_moe_220m,4.621560287475586,4.60919683933258,-0.01236344814300594,True
test_loss,quality,lower_is_better,25m,1337,mla_moe_vs_moe,composition_mechanism,moe_220m,mla_moe_220m,4.557487230300904,4.571116642951965,0.013629412651061656,False
test_loss,quality,lower_is_better,25m,2027,mla_moe_vs_moe,composition_mechanism,moe_220m,mla_moe_220m,4.520900359153748,4.578341851234436,0.05744149208068805,False
test_loss,quality,lower_is_better,25m,31415,mla_moe_vs_moe,composition_mechanism,moe_220m,mla_moe_220m,4.5371862363815305,4.588338017463684,0.05115178108215357,False
test_loss,quality,lower_is_better,25m,4441,mla_moe_vs_moe,composition_mechanism,moe_220m,mla_moe_220m,4.538250508308411,4.5684409427642825,0.03019043445587144,False
test_loss,quality,lower_is_better,25m,5501,mla_moe_vs_moe,composition_mechanism,moe_220m,mla_moe_220m,4.537363939285278,4.578378801345825,0.04101486206054705,False
test_loss,quality,lower_is_better,25m,6173,mla_moe_vs_moe,composition_mechanism,moe_220m,mla_moe_220m,4.5389330768585205,4.564995393753052,0.026062316894531534,False
test_loss,quality,lower_is_better,25m,8191,mla_moe_vs_moe,composition_mechanism,moe_220m,mla_moe_220m,4.551823134422302,4.567454433441162,0.0156312990188594,False
test_loss,quality,lower_is_better,25m,10007,mla_moe_vs_moe,composition_mechanism,moe_220m,mla_moe_220m,4.534740009307861,4.589117784500122,0.05437777519226028,False
test_loss,quality,lower_is_better,25m,11213,mla_moe_vs_moe,composition_mechanism,moe_220m,mla_moe_220m,4.531413204669953,4.588997535705566,0.057584331035613445,False
test_loss,quality,lower_is_better,25m,12721,mla_moe_vs_moe,composition_mechanism,moe_220m,mla_moe_220m,4.532688474655151,4.60919683933258,0.07650836467742916,False
test_loss,quality,lower_is_better,25m,1337,v3_routing_vs_moe,routing_mechanism,moe_220m,v3_routing_220m,4.557487230300904,4.533169131278992,-0.02431809902191162,True
test_loss,quality,lower_is_better,25m,2027,v3_routing_vs_moe,routing_mechanism,moe_220m,v3_routing_220m,4.520900359153748,4.533535008430481,0.012634649276733079,False
test_loss,quality,lower_is_better,25m,31415,v3_routing_vs_moe,routing_mechanism,moe_220m,v3_routing_220m,4.5371862363815305,4.541315162181855,0.00412892580032409,False
test_loss,quality,lower_is_better,25m,4441,v3_routing_vs_moe,routing_mechanism,moe_220m,v3_routing_220m,4.538250508308411,4.5353090190887455,-0.0029414892196655273,True
test_loss,quality,lower_is_better,25m,5501,v3_routing_vs_moe,routing_mechanism,moe_220m,v3_routing_220m,4.537363939285278,4.533975195884705,-0.0033887434005732686,True
test_loss,quality,lower_is_better,25m,6173,v3_routing_vs_moe,routing_mechanism,moe_220m,v3_routing_220m,4.5389330768585205,4.541857461929322,0.002924385070801172,False
test_loss,quality,lower_is_better,25m,8191,v3_routing_vs_moe,routing_mechanism,moe_220m,v3_routing_220m,4.551823134422302,4.54500009059906,-0.006823043823242614,True
test_loss,quality,lower_is_better,25m,10007,v3_routing_vs_moe,routing_mechanism,moe_220m,v3_routing_220m,4.534740009307861,4.543082468509674,0.008342459201812424,False
test_loss,quality,lower_is_better,25m,11213,v3_routing_vs_moe,routing_mechanism,moe_220m,v3_routing_220m,4.531413204669953,4.538183310031891,0.006770105361938228,False
test_loss,quality,lower_is_better,25m,12721,v3_routing_vs_moe,routing_mechanism,moe_220m,v3_routing_220m,4.532688474655151,4.543990888595581,0.011302413940430078,False
test_loss,quality,lower_is_better,25m,1337,mtp_vs_dense,objective_mechanism,dense_121m,mtp_121m,4.559668226242065,4.548240580558777,-0.011427645683288468,True
test_loss,quality,lower_is_better,25m,2027,mtp_vs_dense,objective_mechanism,dense_121m,mtp_121m,4.556402339935302,4.554399228096008,-0.002003111839294469,True
test_loss,quality,lower_is_better,25m,31415,mtp_vs_dense,objective_mechanism,dense_121m,mtp_121m,4.551598389148712,4.549923920631409,-0.0016744685173026852,True
test_loss,quality,lower_is_better,25m,4441,mtp_vs_dense,objective_mechanism,dense_121m,mtp_121m,4.5473325324058536,4.552958743572235,0.005626211166381623,False
test_loss,quality,lower_is_better,25m,5501,mtp_vs_dense,objective_mechanism,dense_121m,mtp_121m,4.553715810775757,4.560664045810699,0.00694823503494213,False
test_loss,quality,lower_is_better,25m,6173,mtp_vs_dense,objective_mechanism,dense_121m,mtp_121m,4.5584601879119875,4.534046697616577,-0.02441349029541051,True
test_loss,quality,lower_is_better,25m,8191,mtp_vs_dense,objective_mechanism,dense_121m,mtp_121m,4.560905327796936,4.527747197151184,-0.03315813064575224,True
test_loss,quality,lower_is_better,25m,10007,mtp_vs_dense,objective_mechanism,dense_121m,mtp_121m,4.566771466732025,4.55489461183548,-0.011876854896544664,True
test_loss,quality,lower_is_better,25m,11213,mtp_vs_dense,objective_mechanism,dense_121m,mtp_121m,4.558523049354553,4.554262471199036,-0.004260578155517614,True
test_loss,quality,lower_is_better,25m,12721,mtp_vs_dense,objective_mechanism,dense_121m,mtp_121m,4.586898398399353,4.572208597660064,-0.014689800739288827,True
test_loss,quality,lower_is_better,50m,1337,mla_vs_dense,attention_mechanism,dense_121m,mla_121m,4.368580937385559,4.4190924048423765,0.05051146745681745,False
test_loss,quality,lower_is_better,50m,2027,mla_vs_dense,attention_mechanism,dense_121m,mla_121m,4.3841725754737855,4.424974074363709,0.04080149888992324,False
test_loss,quality,lower_is_better,50m,31415,mla_vs_dense,attention_mechanism,dense_121m,mla_121m,4.389096040725708,4.439769589900971,0.05067354917526323,False
test_loss,quality,lower_is_better,50m,4441,mla_vs_dense,attention_mechanism,dense_121m,mla_121m,4.3731245732307436,4.415917935371399,0.042793362140655766,False
test_loss,quality,lower_is_better,50m,5501,mla_vs_dense,attention_mechanism,dense_121m,mla_121m,4.376217577457428,4.422588503360748,0.046370925903319815,False
test_loss,quality,lower_is_better,50m,6173,mla_vs_dense,attention_mechanism,dense_121m,mla_121m,4.3715614986419675,4.44539293050766,0.07383143186569274,False
test_loss,quality,lower_is_better,50m,8191,mla_vs_dense,attention_mechanism,dense_121m,mla_121m,4.381881213188171,4.437835395336151,0.05595418214798009,False
test_loss,quality,lower_is_better,50m,10007,mla_vs_dense,attention_mechanism,dense_121m,mla_121m,4.38505642414093,4.4353622269630435,0.0503058028221135,False
test_loss,quality,lower_is_better,50m,11213,mla_vs_dense,attention_mechanism,dense_121m,mla_121m,4.382335021495819,4.416437129974366,0.03410210847854689,False
test_loss,quality,lower_is_better,50m,12721,mla_vs_dense,attention_mechanism,dense_121m,mla_121m,4.377224540710449,4.422314887046814,0.045090346336364995,False
test_loss,quality,lower_is_better,50m,1337,moe_vs_dense,sparse_ffn_mechanism,dense_121m,moe_220m,4.368580937385559,4.351948599815369,-0.016632337570190003,True
test_loss,quality,lower_is_better,50m,2027,moe_vs_dense,sparse_ffn_mechanism,dense_121m,moe_220m,4.3841725754737855,4.3509077453613285,-0.033264830112456956,True
test_loss,quality,lower_is_better,50m,31415,moe_vs_dense,sparse_ffn_mechanism,dense_121m,moe_220m,4.389096040725708,4.362795360088349,-0.02630068063735891,True
test_loss,quality,lower_is_better,50m,4441,moe_vs_dense,sparse_ffn_mechanism,dense_121m,moe_220m,4.3731245732307436,4.353256869316101,-0.019867703914642654,True
test_loss,quality,lower_is_better,50m,5501,moe_vs_dense,sparse_ffn_mechanism,dense_121m,moe_220m,4.376217577457428,4.346222908496856,-0.02999466896057168,True
test_loss,quality,lower_is_better,50m,6173,moe_vs_dense,sparse_ffn_mechanism,dense_121m,moe_220m,4.3715614986419675,4.349330341815948,-0.022231156826019394,True
test_loss,quality,lower_is_better,50m,8191,moe_vs_dense,sparse_ffn_mechanism,dense_121m,moe_220m,4.381881213188171,4.364976580142975,-0.01690463304519607,True
test_loss,quality,lower_is_better,50m,10007,moe_vs_dense,sparse_ffn_mechanism,dense_121m,moe_220m,4.38505642414093,4.354154121875763,-0.03090230226516688,True
test_loss,quality,lower_is_better,50m,11213,moe_vs_dense,sparse_ffn_mechanism,dense_121m,moe_220m,4.382335021495819,4.347143068313598,-0.03519195318222046,True
test_loss,quality,lower_is_better,50m,12721,moe_vs_dense,sparse_ffn_mechanism,dense_121m,moe_220m,4.377224540710449,4.3377180004119875,-0.039506540298461346,True
test_loss,quality,lower_is_better,50m,1337,mla_moe_vs_dense,composition_supporting,dense_121m,mla_moe_220m,4.368580937385559,4.383444731235504,0.014863793849944962,False
test_loss,quality,lower_is_better,50m,2027,mla_moe_vs_dense,composition_supporting,dense_121m,mla_moe_220m,4.3841725754737855,4.3991041231155394,0.014931547641753973,False
test_loss,quality,lower_is_better,50m,31415,mla_moe_vs_dense,composition_supporting,dense_121m,mla_moe_220m,4.389096040725708,4.411459701061249,0.02236366033554127,False
test_loss,quality,lower_is_better,50m,4441,mla_moe_vs_dense,composition_supporting,dense_121m,mla_moe_220m,4.3731245732307436,4.387184388637543,0.014059815406799459,False
test_loss,quality,lower_is_better,50m,5501,mla_moe_vs_dense,composition_supporting,dense_121m,mla_moe_220m,4.376217577457428,4.395386440753937,0.019168863296508576,False
test_loss,quality,lower_is_better,50m,6173,mla_moe_vs_dense,composition_supporting,dense_121m,mla_moe_220m,4.3715614986419675,4.395835366249084,0.024273867607116806,False
test_loss,quality,lower_is_better,50m,8191,mla_moe_vs_dense,composition_supporting,dense_121m,mla_moe_220m,4.381881213188171,4.396445088386535,0.014563875198364329,False
test_loss,quality,lower_is_better,50m,10007,mla_moe_vs_dense,composition_supporting,dense_121m,mla_moe_220m,4.38505642414093,4.401279494762421,0.016223070621490976,False
test_loss,quality,lower_is_better,50m,11213,mla_moe_vs_dense,composition_supporting,dense_121m,mla_moe_220m,4.382335021495819,4.3995625376701355,0.017227516174316726,False
test_loss,quality,lower_is_better,50m,12721,mla_moe_vs_dense,composition_supporting,dense_121m,mla_moe_220m,4.377224540710449,4.396140525341034,0.01891598463058486,False
test_loss,quality,lower_is_better,50m,1337,mla_moe_vs_mla,composition_mechanism,mla_121m,mla_moe_220m,4.4190924048423765,4.383444731235504,-0.03564767360687249,True
test_loss,quality,lower_is_better,50m,2027,mla_moe_vs_mla,composition_mechanism,mla_121m,mla_moe_220m,4.424974074363709,4.3991041231155394,-0.025869951248169265,True
test_loss,quality,lower_is_better,50m,31415,mla_moe_vs_mla,composition_mechanism,mla_121m,mla_moe_220m,4.439769589900971,4.411459701061249,-0.028309888839721964,True
test_loss,quality,lower_is_better,50m,4441,mla_moe_vs_mla,composition_mechanism,mla_121m,mla_moe_220m,4.415917935371399,4.387184388637543,-0.028733546733856308,True
test_loss,quality,lower_is_better,50m,5501,mla_moe_vs_mla,composition_mechanism,mla_121m,mla_moe_220m,4.422588503360748,4.395386440753937,-0.02720206260681124,True
test_loss,quality,lower_is_better,50m,6173,mla_moe_vs_mla,composition_mechanism,mla_121m,mla_moe_220m,4.44539293050766,4.395835366249084,-0.04955756425857594,True
test_loss,quality,lower_is_better,50m,8191,mla_moe_vs_mla,composition_mechanism,mla_121m,mla_moe_220m,4.437835395336151,4.396445088386535,-0.04139030694961576,True
test_loss,quality,lower_is_better,50m,10007,mla_moe_vs_mla,composition_mechanism,mla_121m,mla_moe_220m,4.4353622269630435,4.401279494762421,-0.03408273220062252,True
test_loss,quality,lower_is_better,50m,11213,mla_moe_vs_mla,composition_mechanism,mla_121m,mla_moe_220m,4.416437129974366,4.3995625376701355,-0.016874592304230163,True
test_loss,quality,lower_is_better,50m,12721,mla_moe_vs_mla,composition_mechanism,mla_121m,mla_moe_220m,4.422314887046814,4.396140525341034,-0.026174361705780136,True
test_loss,quality,lower_is_better,50m,1337,mla_moe_vs_moe,composition_mechanism,moe_220m,mla_moe_220m,4.351948599815369,4.383444731235504,0.031496131420134965,False
test_loss,quality,lower_is_better,50m,2027,mla_moe_vs_moe,composition_mechanism,moe_220m,mla_moe_220m,4.3509077453613285,4.3991041231155394,0.04819637775421093,False
test_loss,quality,lower_is_better,50m,31415,mla_moe_vs_moe,composition_mechanism,moe_220m,mla_moe_220m,4.362795360088349,4.411459701061249,0.04866434097290018,False
test_loss,quality,lower_is_better,50m,4441,mla_moe_vs_moe,composition_mechanism,moe_220m,mla_moe_220m,4.353256869316101,4.387184388637543,0.03392751932144211,False
test_loss,quality,lower_is_better,50m,5501,mla_moe_vs_moe,composition_mechanism,moe_220m,mla_moe_220m,4.346222908496856,4.395386440753937,0.049163532257080256,False
test_loss,quality,lower_is_better,50m,6173,mla_moe_vs_moe,composition_mechanism,moe_220m,mla_moe_220m,4.349330341815948,4.395835366249084,0.0465050244331362,False
test_loss,quality,lower_is_better,50m,8191,mla_moe_vs_moe,composition_mechanism,moe_220m,mla_moe_220m,4.364976580142975,4.396445088386535,0.0314685082435604,False
test_loss,quality,lower_is_better,50m,10007,mla_moe_vs_moe,composition_mechanism,moe_220m,mla_moe_220m,4.354154121875763,4.401279494762421,0.04712537288665786,False
test_loss,quality,lower_is_better,50m,11213,mla_moe_vs_moe,composition_mechanism,moe_220m,mla_moe_220m,4.347143068313598,4.3995625376701355,0.052419469356537185,False
test_loss,quality,lower_is_better,50m,12721,mla_moe_vs_moe,composition_mechanism,moe_220m,mla_moe_220m,4.3377180004119875,4.396140525341034,0.058422524929046205,False
test_loss,quality,lower_is_better,50m,1337,v3_routing_vs_moe,routing_mechanism,moe_220m,v3_routing_220m,4.351948599815369,4.344422643184662,-0.00752595663070732,True
test_loss,quality,lower_is_better,50m,2027,v3_routing_vs_moe,routing_mechanism,moe_220m,v3_routing_220m,4.3509077453613285,4.357397704124451,0.0064899587631224165,False
test_loss,quality,lower_is_better,50m,31415,v3_routing_vs_moe,routing_mechanism,moe_220m,v3_routing_220m,4.362795360088349,4.365656147003174,0.002860786914824942,False
test_loss,quality,lower_is_better,50m,4441,v3_routing_vs_moe,routing_mechanism,moe_220m,v3_routing_220m,4.353256869316101,4.3505235767364505,-0.0027332925796503815,True
test_loss,quality,lower_is_better,50m,5501,v3_routing_vs_moe,routing_mechanism,moe_220m,v3_routing_220m,4.346222908496856,4.359897792339325,0.01367488384246851,False
test_loss,quality,lower_is_better,50m,6173,v3_routing_vs_moe,routing_mechanism,moe_220m,v3_routing_220m,4.349330341815948,4.356368937492371,0.00703859567642251,False
test_loss,quality,lower_is_better,50m,8191,v3_routing_vs_moe,routing_mechanism,moe_220m,v3_routing_220m,4.364976580142975,4.361165997982025,-0.0038105821609502044,True
test_loss,quality,lower_is_better,50m,10007,v3_routing_vs_moe,routing_mechanism,moe_220m,v3_routing_220m,4.354154121875763,4.355939884185791,0.0017857623100274722,False
test_loss,quality,lower_is_better,50m,11213,v3_routing_vs_moe,routing_mechanism,moe_220m,v3_routing_220m,4.347143068313598,4.354556338787079,0.007413270473480615,False
test_loss,quality,lower_is_better,50m,12721,v3_routing_vs_moe,routing_mechanism,moe_220m,v3_routing_220m,4.3377180004119875,4.34248486995697,0.0047668695449827325,False
test_loss,quality,lower_is_better,50m,1337,mtp_vs_dense,objective_mechanism,dense_121m,mtp_121m,4.368580937385559,4.359034402370453,-0.009546535015106272,True
test_loss,quality,lower_is_better,50m,2027,mtp_vs_dense,objective_mechanism,dense_121m,mtp_121m,4.3841725754737855,4.373787515163421,-0.010385060310364125,True
test_loss,quality,lower_is_better,50m,31415,mtp_vs_dense,objective_mechanism,dense_121m,mtp_121m,4.389096040725708,4.36645409822464,-0.022641942501067547,True
test_loss,quality,lower_is_better,50m,4441,mtp_vs_dense,objective_mechanism,dense_121m,mtp_121m,4.3731245732307436,4.369357187747955,-0.0037673854827886544,True
test_loss,quality,lower_is_better,50m,5501,mtp_vs_dense,objective_mechanism,dense_121m,mtp_121m,4.376217577457428,4.384311652183532,0.008094074726104239,False
test_loss,quality,lower_is_better,50m,6173,mtp_vs_dense,objective_mechanism,dense_121m,mtp_121m,4.3715614986419675,4.35964717388153,-0.01191432476043719,True
test_loss,quality,lower_is_better,50m,8191,mtp_vs_dense,objective_mechanism,dense_121m,mtp_121m,4.381881213188171,4.356437284946441,-0.025443928241729807,True
test_loss,quality,lower_is_better,50m,10007,mtp_vs_dense,objective_mechanism,dense_121m,mtp_121m,4.38505642414093,4.35151941537857,-0.033537008762359655,True
test_loss,quality,lower_is_better,50m,11213,mtp_vs_dense,objective_mechanism,dense_121m,mtp_121m,4.382335021495819,4.3593060445785525,-0.023028976917266242,True
test_loss,quality,lower_is_better,50m,12721,mtp_vs_dense,objective_mechanism,dense_121m,mtp_121m,4.377224540710449,4.360231485366821,-0.016993055343627717,True
validation_perplexity,quality,lower_is_better,10m,1337,mla_vs_dense,attention_mechanism,dense_121m,mla_121m,149.9861433981014,161.15644062550837,11.170297227406962,False
validation_perplexity,quality,lower_is_better,10m,2027,mla_vs_dense,attention_mechanism,dense_121m,mla_121m,154.4471285319663,162.0877013528961,7.640572820929776,False
validation_perplexity,quality,lower_is_better,10m,31415,mla_vs_dense,attention_mechanism,dense_121m,mla_121m,148.8199964750898,160.1546823454474,11.334685870357617,False
validation_perplexity,quality,lower_is_better,10m,4441,mla_vs_dense,attention_mechanism,dense_121m,mla_121m,148.6005289817918,150.94116430275577,2.340635320963969,False
validation_perplexity,quality,lower_is_better,10m,5501,mla_vs_dense,attention_mechanism,dense_121m,mla_121m,152.63028591455063,160.95520381510678,8.324917900556159,False
validation_perplexity,quality,lower_is_better,10m,6173,mla_vs_dense,attention_mechanism,dense_121m,mla_121m,152.0037260549521,170.40857054560524,18.404844490653147,False
validation_perplexity,quality,lower_is_better,10m,8191,mla_vs_dense,attention_mechanism,dense_121m,mla_121m,149.94982402836763,161.4349719753923,11.485147947024672,False
validation_perplexity,quality,lower_is_better,10m,10007,mla_vs_dense,attention_mechanism,dense_121m,mla_121m,151.6843222123526,159.30784020551212,7.62351799315951,False
validation_perplexity,quality,lower_is_better,10m,11213,mla_vs_dense,attention_mechanism,dense_121m,mla_121m,154.4244589712177,154.5455511084029,0.12109213718520095,False
validation_perplexity,quality,lower_is_better,10m,12721,mla_vs_dense,attention_mechanism,dense_121m,mla_121m,155.87797374296116,162.31303598104242,6.435062238081258,False
validation_perplexity,quality,lower_is_better,10m,1337,moe_vs_dense,sparse_ffn_mechanism,dense_121m,moe_220m,149.9861433981014,145.8735387187033,-4.1126046793981175,True
validation_perplexity,quality,lower_is_better,10m,2027,moe_vs_dense,sparse_ffn_mechanism,dense_121m,moe_220m,154.4471285319663,143.72521834892214,-10.721910183044173,True
validation_perplexity,quality,lower_is_better,10m,31415,moe_vs_dense,sparse_ffn_mechanism,dense_121m,moe_220m,148.8199964750898,142.75577138667683,-6.064225088412968,True
validation_perplexity,quality,lower_is_better,10m,4441,moe_vs_dense,sparse_ffn_mechanism,dense_121m,moe_220m,148.6005289817918,144.97848262678573,-3.622046355006063,True
validation_perplexity,quality,lower_is_better,10m,5501,moe_vs_dense,sparse_ffn_mechanism,dense_121m,moe_220m,152.63028591455063,143.86056515906242,-8.769720755488208,True
validation_perplexity,quality,lower_is_better,10m,6173,moe_vs_dense,sparse_ffn_mechanism,dense_121m,moe_220m,152.0037260549521,145.96399274805668,-6.039733306895414,True
validation_perplexity,quality,lower_is_better,10m,8191,moe_vs_dense,sparse_ffn_mechanism,dense_121m,moe_220m,149.94982402836763,144.14525198405184,-5.80457204431579,True
validation_perplexity,quality,lower_is_better,10m,10007,moe_vs_dense,sparse_ffn_mechanism,dense_121m,moe_220m,151.6843222123526,144.24186635154643,-7.442455860806177,True
validation_perplexity,quality,lower_is_better,10m,11213,moe_vs_dense,sparse_ffn_mechanism,dense_121m,moe_220m,154.4244589712177,142.7204141097404,-11.704044861477286,True
validation_perplexity,quality,lower_is_better,10m,12721,moe_vs_dense,sparse_ffn_mechanism,dense_121m,moe_220m,155.87797374296116,142.16327528266072,-13.71469846030044,True
validation_perplexity,quality,lower_is_better,10m,1337,mla_moe_vs_dense,composition_supporting,dense_121m,mla_moe_220m,149.9861433981014,148.50015179270721,-1.4859916053941902,True
validation_perplexity,quality,lower_is_better,10m,2027,mla_moe_vs_dense,composition_supporting,dense_121m,mla_moe_220m,154.4471285319663,152.0605103206948,-2.386618211271525,True
validation_perplexity,quality,lower_is_better,10m,31415,mla_moe_vs_dense,composition_supporting,dense_121m,mla_moe_220m,148.8199964750898,154.04147359127822,5.221477116188424,False
validation_perplexity,quality,lower_is_better,10m,4441,mla_moe_vs_dense,composition_supporting,dense_121m,mla_moe_220m,148.6005289817918,147.63530722352445,-0.9652217582673472,True
validation_perplexity,quality,lower_is_better,10m,5501,mla_moe_vs_dense,composition_supporting,dense_121m,mla_moe_220m,152.63028591455063,152.33993380568074,-0.2903521088698824,True
validation_perplexity,quality,lower_is_better,10m,6173,mla_moe_vs_dense,composition_supporting,dense_121m,mla_moe_220m,152.0037260549521,147.37428141350443,-4.629444641447662,True
validation_perplexity,quality,lower_is_better,10m,8191,mla_moe_vs_dense,composition_supporting,dense_121m,mla_moe_220m,149.94982402836763,148.51094014754204,-1.4388838808255855,True
validation_perplexity,quality,lower_is_better,10m,10007,mla_moe_vs_dense,composition_supporting,dense_121m,mla_moe_220m,151.6843222123526,153.1125529604832,1.428230748130602,False
validation_perplexity,quality,lower_is_better,10m,11213,mla_moe_vs_dense,composition_supporting,dense_121m,mla_moe_220m,154.4244589712177,157.2342925776176,2.8098336063999056,False
validation_perplexity,quality,lower_is_better,10m,12721,mla_moe_vs_dense,composition_supporting,dense_121m,mla_moe_220m,155.87797374296116,156.16521262644957,0.2872388834884134,False
validation_perplexity,quality,lower_is_better,10m,1337,mla_moe_vs_mla,composition_mechanism,mla_121m,mla_moe_220m,161.15644062550837,148.50015179270721,-12.656288832801152,True
validation_perplexity,quality,lower_is_better,10m,2027,mla_moe_vs_mla,composition_mechanism,mla_121m,mla_moe_220m,162.0877013528961,152.0605103206948,-10.027191032201301,True
validation_perplexity,quality,lower_is_better,10m,31415,mla_moe_vs_mla,composition_mechanism,mla_121m,mla_moe_220m,160.1546823454474,154.04147359127822,-6.113208754169193,True
validation_perplexity,quality,lower_is_better,10m,4441,mla_moe_vs_mla,composition_mechanism,mla_121m,mla_moe_220m,150.94116430275577,147.63530722352445,-3.305857079231316,True
validation_perplexity,quality,lower_is_better,10m,5501,mla_moe_vs_mla,composition_mechanism,mla_121m,mla_moe_220m,160.95520381510678,152.33993380568074,-8.615270009426041,True
validation_perplexity,quality,lower_is_better,10m,6173,mla_moe_vs_mla,composition_mechanism,mla_121m,mla_moe_220m,170.40857054560524,147.37428141350443,-23.03428913210081,True
validation_perplexity,quality,lower_is_better,10m,8191,mla_moe_vs_mla,composition_mechanism,mla_121m,mla_moe_220m,161.4349719753923,148.51094014754204,-12.924031827850257,True
validation_perplexity,quality,lower_is_better,10m,10007,mla_moe_vs_mla,composition_mechanism,mla_121m,mla_moe_220m,159.30784020551212,153.1125529604832,-6.195287245028908,True
validation_perplexity,quality,lower_is_better,10m,11213,mla_moe_vs_mla,composition_mechanism,mla_121m,mla_moe_220m,154.5455511084029,157.2342925776176,2.6887414692147047,False
validation_perplexity,quality,lower_is_better,10m,12721,mla_moe_vs_mla,composition_mechanism,mla_121m,mla_moe_220m,162.31303598104242,156.16521262644957,-6.147823354592845,True
validation_perplexity,quality,lower_is_better,10m,1337,mla_moe_vs_moe,composition_mechanism,moe_220m,mla_moe_220m,145.8735387187033,148.50015179270721,2.6266130740039273,False
validation_perplexity,quality,lower_is_better,10m,2027,mla_moe_vs_moe,composition_mechanism,moe_220m,mla_moe_220m,143.72521834892214,152.0605103206948,8.335291971772648,False
validation_perplexity,quality,lower_is_better,10m,31415,mla_moe_vs_moe,composition_mechanism,moe_220m,mla_moe_220m,142.75577138667683,154.04147359127822,11.285702204601392,False
validation_perplexity,quality,lower_is_better,10m,4441,mla_moe_vs_moe,composition_mechanism,moe_220m,mla_moe_220m,144.97848262678573,147.63530722352445,2.6568245967387156,False
validation_perplexity,quality,lower_is_better,10m,5501,mla_moe_vs_moe,composition_mechanism,moe_220m,mla_moe_220m,143.86056515906242,152.33993380568074,8.479368646618326,False
validation_perplexity,quality,lower_is_better,10m,6173,mla_moe_vs_moe,composition_mechanism,moe_220m,mla_moe_220m,145.96399274805668,147.37428141350443,1.4102886654477516,False
validation_perplexity,quality,lower_is_better,10m,8191,mla_moe_vs_moe,composition_mechanism,moe_220m,mla_moe_220m,144.14525198405184,148.51094014754204,4.365688163490205,False
validation_perplexity,quality,lower_is_better,10m,10007,mla_moe_vs_moe,composition_mechanism,moe_220m,mla_moe_220m,144.24186635154643,153.1125529604832,8.87068660893678,False
validation_perplexity,quality,lower_is_better,10m,11213,mla_moe_vs_moe,composition_mechanism,moe_220m,mla_moe_220m,142.7204141097404,157.2342925776176,14.513878467877191,False
validation_perplexity,quality,lower_is_better,10m,12721,mla_moe_vs_moe,composition_mechanism,moe_220m,mla_moe_220m,142.16327528266072,156.16521262644957,14.001937343788853,False
validation_perplexity,quality,lower_is_better,10m,1337,v3_routing_vs_moe,routing_mechanism,moe_220m,v3_routing_220m,145.8735387187033,141.8898530742287,-3.9836856444745763,True
validation_perplexity,quality,lower_is_better,10m,2027,v3_routing_vs_moe,routing_mechanism,moe_220m,v3_routing_220m,143.72521834892214,144.5988760996419,0.873657750719758,False
validation_perplexity,quality,lower_is_better,10m,31415,v3_routing_vs_moe,routing_mechanism,moe_220m,v3_routing_220m,142.75577138667683,144.01842450705178,1.2626531203749494,False
validation_perplexity,quality,lower_is_better,10m,4441,v3_routing_vs_moe,routing_mechanism,moe_220m,v3_routing_220m,144.97848262678573,146.30173991618625,1.323257289400516,False
validation_perplexity,quality,lower_is_better,10m,5501,v3_routing_vs_moe,routing_mechanism,moe_220m,v3_routing_220m,143.86056515906242,146.23932870444486,2.3787635453824407,False
validation_perplexity,quality,lower_is_better,10m,6173,v3_routing_vs_moe,routing_mechanism,moe_220m,v3_routing_220m,145.96399274805668,147.20481872097122,1.2408259729145357,False
validation_perplexity,quality,lower_is_better,10m,8191,v3_routing_vs_moe,routing_mechanism,moe_220m,v3_routing_220m,144.14525198405184,145.61374820224924,1.4684962181974015,False
validation_perplexity,quality,lower_is_better,10m,10007,v3_routing_vs_moe,routing_mechanism,moe_220m,v3_routing_220m,144.24186635154643,144.6237533731484,0.38188702160195476,False
validation_perplexity,quality,lower_is_better,10m,11213,v3_routing_vs_moe,routing_mechanism,moe_220m,v3_routing_220m,142.7204141097404,144.1355993306572,1.4151852209167828,False
validation_perplexity,quality,lower_is_better,10m,12721,v3_routing_vs_moe,routing_mechanism,moe_220m,v3_routing_220m,142.16327528266072,149.35257997772703,7.189304695066312,False
validation_perplexity,quality,lower_is_better,10m,1337,mtp_vs_dense,objective_mechanism,dense_121m,mtp_121m,149.9861433981014,149.85539794973965,-0.1307454483617505,True
validation_perplexity,quality,lower_is_better,10m,2027,mtp_vs_dense,objective_mechanism,dense_121m,mtp_121m,154.4471285319663,155.36195444557146,0.9148259136051422,False
validation_perplexity,quality,lower_is_better,10m,31415,mtp_vs_dense,objective_mechanism,dense_121m,mtp_121m,148.8199964750898,156.66688497132208,7.846888496232282,False
validation_perplexity,quality,lower_is_better,10m,4441,mtp_vs_dense,objective_mechanism,dense_121m,mtp_121m,148.6005289817918,152.9259909910697,4.3254620092779135,False
validation_perplexity,quality,lower_is_better,10m,5501,mtp_vs_dense,objective_mechanism,dense_121m,mtp_121m,152.63028591455063,147.08933313322768,-5.540952781322943,True
validation_perplexity,quality,lower_is_better,10m,6173,mtp_vs_dense,objective_mechanism,dense_121m,mtp_121m,152.0037260549521,150.10802187370203,-1.8957041812500677,True
validation_perplexity,quality,lower_is_better,10m,8191,mtp_vs_dense,objective_mechanism,dense_121m,mtp_121m,149.94982402836763,146.85695653728675,-3.092867491080881,True
validation_perplexity,quality,lower_is_better,10m,10007,mtp_vs_dense,objective_mechanism,dense_121m,mtp_121m,151.6843222123526,152.23733414675277,0.5530119344001605,False
validation_perplexity,quality,lower_is_better,10m,11213,mtp_vs_dense,objective_mechanism,dense_121m,mtp_121m,154.4244589712177,153.83383947402595,-0.5906194971917387,True
validation_perplexity,quality,lower_is_better,10m,12721,mtp_vs_dense,objective_mechanism,dense_121m,mtp_121m,155.87797374296116,152.63672415071724,-3.2412495922439177,True
validation_perplexity,quality,lower_is_better,25m,1337,mla_vs_dense,attention_mechanism,dense_121m,mla_121m,98.63614612699413,103.13240282543137,4.496256698437236,False
validation_perplexity,quality,lower_is_better,25m,2027,mla_vs_dense,attention_mechanism,dense_121m,mla_121m,99.38148520830242,103.37663192006653,3.9951467117641073,False
validation_perplexity,quality,lower_is_better,25m,31415,mla_vs_dense,attention_mechanism,dense_121m,mla_121m,98.02398115403327,103.66244243425918,5.638461280225911,False
validation_perplexity,quality,lower_is_better,25m,4441,mla_vs_dense,attention_mechanism,dense_121m,mla_121m,98.60053276840007,101.58721564413428,2.9866828757342034,False
validation_perplexity,quality,lower_is_better,25m,5501,mla_vs_dense,attention_mechanism,dense_121m,mla_121m,98.62563472677635,103.58173720552435,4.956102478747994,False
validation_perplexity,quality,lower_is_better,25m,6173,mla_vs_dense,attention_mechanism,dense_121m,mla_121m,99.82500167220228,107.28712909016203,7.462127417959749,False
validation_perplexity,quality,lower_is_better,25m,8191,mla_vs_dense,attention_mechanism,dense_121m,mla_121m,99.14891580766891,104.25639720229277,5.107481394623861,False
validation_perplexity,quality,lower_is_better,25m,10007,mla_vs_dense,attention_mechanism,dense_121m,mla_121m,99.0210010765799,104.10529081204903,5.084289735469127,False
validation_perplexity,quality,lower_is_better,25m,11213,mla_vs_dense,attention_mechanism,dense_121m,mla_121m,98.82758396477273,101.35960903390854,2.5320250691358126,False
validation_perplexity,quality,lower_is_better,25m,12721,mla_vs_dense,attention_mechanism,dense_121m,mla_121m,101.63566969286357,105.15505218173539,3.5193824888718126,False
validation_perplexity,quality,lower_is_better,25m,1337,moe_vs_dense,sparse_ffn_mechanism,dense_121m,moe_220m,98.63614612699413,99.26852246591801,0.6323763389238763,False
validation_perplexity,quality,lower_is_better,25m,2027,moe_vs_dense,sparse_ffn_mechanism,dense_121m,moe_220m,99.38148520830242,95.01429575109654,-4.367189457205882,True
validation_perplexity,quality,lower_is_better,25m,31415,moe_vs_dense,sparse_ffn_mechanism,dense_121m,moe_220m,98.02398115403327,95.87797609570025,-2.1460050583330172,True
validation_perplexity,quality,lower_is_better,25m,4441,moe_vs_dense,sparse_ffn_mechanism,dense_121m,moe_220m,98.60053276840007,97.64860019916098,-0.9519325692390908,True
validation_perplexity,quality,lower_is_better,25m,5501,moe_vs_dense,sparse_ffn_mechanism,dense_121m,moe_220m,98.62563472677635,96.95567513936348,-1.669959587412876,True
validation_perplexity,quality,lower_is_better,25m,6173,moe_vs_dense,sparse_ffn_mechanism,dense_121m,moe_220m,99.82500167220228,98.33761513690972,-1.4873865352925577,True
validation_perplexity,quality,lower_is_better,25m,8191,moe_vs_dense,sparse_ffn_mechanism,dense_121m,moe_220m,99.14891580766891,98.30080600524639,-0.8481098024225275,True
validation_perplexity,quality,lower_is_better,25m,10007,moe_vs_dense,sparse_ffn_mechanism,dense_121m,moe_220m,99.0210010765799,96.69569893160956,-2.325302144970351,True
validation_perplexity,quality,lower_is_better,25m,11213,moe_vs_dense,sparse_ffn_mechanism,dense_121m,moe_220m,98.82758396477273,95.35109426669513,-3.4764896980776,True
validation_perplexity,quality,lower_is_better,25m,12721,moe_vs_dense,sparse_ffn_mechanism,dense_121m,moe_220m,101.63566969286357,95.94893364160396,-5.686736051259615,True
validation_perplexity,quality,lower_is_better,25m,1337,mla_moe_vs_dense,composition_supporting,dense_121m,mla_moe_220m,98.63614612699413,100.00724170748776,1.3710955804936305,False
validation_perplexity,quality,lower_is_better,25m,2027,mla_moe_vs_dense,composition_supporting,dense_121m,mla_moe_220m,99.38148520830242,100.98926933285404,1.607784124551614,False
validation_perplexity,quality,lower_is_better,25m,31415,mla_moe_vs_dense,composition_supporting,dense_121m,mla_moe_220m,98.02398115403327,101.59742209824208,3.573440944208812,False
validation_perplexity,quality,lower_is_better,25m,4441,mla_moe_vs_dense,composition_supporting,dense_121m,mla_moe_220m,98.60053276840007,100.5207170267756,1.920184258375528,False
validation_perplexity,quality,lower_is_better,25m,5501,mla_moe_vs_dense,composition_supporting,dense_121m,mla_moe_220m,98.62563472677635,100.78686950420138,2.1612347774250225,False
validation_perplexity,quality,lower_is_better,25m,6173,mla_moe_vs_dense,composition_supporting,dense_121m,mla_moe_220m,99.82500167220228,100.53196682038207,0.7069651481797905,False
validation_perplexity,quality,lower_is_better,25m,8191,mla_moe_vs_dense,composition_supporting,dense_121m,mla_moe_220m,99.14891580766891,99.5912300570219,0.44231424935298946,False
validation_perplexity,quality,lower_is_better,25m,10007,mla_moe_vs_dense,composition_supporting,dense_121m,mla_moe_220m,99.0210010765799,101.43901339293001,2.418012316350101,False
validation_perplexity,quality,lower_is_better,25m,11213,mla_moe_vs_dense,composition_supporting,dense_121m,mla_moe_220m,98.82758396477273,101.08285653094688,2.255272566174156,False
validation_perplexity,quality,lower_is_better,25m,12721,mla_moe_vs_dense,composition_supporting,dense_121m,mla_moe_220m,101.63566969286357,103.550442463594,1.9147727707304227,False
validation_perplexity,quality,lower_is_better,25m,1337,mla_moe_vs_mla,composition_mechanism,mla_121m,mla_moe_220m,103.13240282543137,100.00724170748776,-3.1251611179436054,True
validation_perplexity,quality,lower_is_better,25m,2027,mla_moe_vs_mla,composition_mechanism,mla_121m,mla_moe_220m,103.37663192006653,100.98926933285404,-2.3873625872124933,True
validation_perplexity,quality,lower_is_better,25m,31415,mla_moe_vs_mla,composition_mechanism,mla_121m,mla_moe_220m,103.66244243425918,101.59742209824208,-2.065020336017099,True
validation_perplexity,quality,lower_is_better,25m,4441,mla_moe_vs_mla,composition_mechanism,mla_121m,mla_moe_220m,101.58721564413428,100.5207170267756,-1.0664986173586755,True
validation_perplexity,quality,lower_is_better,25m,5501,mla_moe_vs_mla,composition_mechanism,mla_121m,mla_moe_220m,103.58173720552435,100.78686950420138,-2.7948677013229712,True
validation_perplexity,quality,lower_is_better,25m,6173,mla_moe_vs_mla,composition_mechanism,mla_121m,mla_moe_220m,107.28712909016203,100.53196682038207,-6.755162269779959,True
validation_perplexity,quality,lower_is_better,25m,8191,mla_moe_vs_mla,composition_mechanism,mla_121m,mla_moe_220m,104.25639720229277,99.5912300570219,-4.665167145270871,True
validation_perplexity,quality,lower_is_better,25m,10007,mla_moe_vs_mla,composition_mechanism,mla_121m,mla_moe_220m,104.10529081204903,101.43901339293001,-2.6662774191190266,True
validation_perplexity,quality,lower_is_better,25m,11213,mla_moe_vs_mla,composition_mechanism,mla_121m,mla_moe_220m,101.35960903390854,101.08285653094688,-0.27675250296165643,True
validation_perplexity,quality,lower_is_better,25m,12721,mla_moe_vs_mla,composition_mechanism,mla_121m,mla_moe_220m,105.15505218173539,103.550442463594,-1.6046097181413899,True
validation_perplexity,quality,lower_is_better,25m,1337,mla_moe_vs_moe,composition_mechanism,moe_220m,mla_moe_220m,99.26852246591801,100.00724170748776,0.7387192415697541,False
validation_perplexity,quality,lower_is_better,25m,2027,mla_moe_vs_moe,composition_mechanism,moe_220m,mla_moe_220m,95.01429575109654,100.98926933285404,5.974973581757496,False
validation_perplexity,quality,lower_is_better,25m,31415,mla_moe_vs_moe,composition_mechanism,moe_220m,mla_moe_220m,95.87797609570025,101.59742209824208,5.719446002541829,False
validation_perplexity,quality,lower_is_better,25m,4441,mla_moe_vs_moe,composition_mechanism,moe_220m,mla_moe_220m,97.64860019916098,100.5207170267756,2.8721168276146187,False
validation_perplexity,quality,lower_is_better,25m,5501,mla_moe_vs_moe,composition_mechanism,moe_220m,mla_moe_220m,96.95567513936348,100.78686950420138,3.8311943648378985,False
validation_perplexity,quality,lower_is_better,25m,6173,mla_moe_vs_moe,composition_mechanism,moe_220m,mla_moe_220m,98.33761513690972,100.53196682038207,2.194351683472348,False
validation_perplexity,quality,lower_is_better,25m,8191,mla_moe_vs_moe,composition_mechanism,moe_220m,mla_moe_220m,98.30080600524639,99.5912300570219,1.290424051775517,False
validation_perplexity,quality,lower_is_better,25m,10007,mla_moe_vs_moe,composition_mechanism,moe_220m,mla_moe_220m,96.69569893160956,101.43901339293001,4.743314461320452,False
validation_perplexity,quality,lower_is_better,25m,11213,mla_moe_vs_moe,composition_mechanism,moe_220m,mla_moe_220m,95.35109426669513,101.08285653094688,5.731762264251756,False
validation_perplexity,quality,lower_is_better,25m,12721,mla_moe_vs_moe,composition_mechanism,moe_220m,mla_moe_220m,95.94893364160396,103.550442463594,7.601508821990038,False
validation_perplexity,quality,lower_is_better,25m,1337,v3_routing_vs_moe,routing_mechanism,moe_220m,v3_routing_220m,99.26852246591801,96.37246055115357,-2.896061914764445,True
validation_perplexity,quality,lower_is_better,25m,2027,v3_routing_vs_moe,routing_mechanism,moe_220m,v3_routing_220m,95.01429575109654,96.30764635890979,1.2933506078132524,False
validation_perplexity,quality,lower_is_better,25m,31415,v3_routing_vs_moe,routing_mechanism,moe_220m,v3_routing_220m,95.87797609570025,97.37022863023415,1.492252534533904,False
validation_perplexity,quality,lower_is_better,25m,4441,v3_routing_vs_moe,routing_mechanism,moe_220m,v3_routing_220m,97.64860019916098,97.7109076313247,0.06230743216372048,False
validation_perplexity,quality,lower_is_better,25m,5501,v3_routing_vs_moe,routing_mechanism,moe_220m,v3_routing_220m,96.95567513936348,96.81972482135026,-0.1359503180132151,True
validation_perplexity,quality,lower_is_better,25m,6173,v3_routing_vs_moe,routing_mechanism,moe_220m,v3_routing_220m,98.33761513690972,98.33162874146528,-0.005986395444438131,True
validation_perplexity,quality,lower_is_better,25m,8191,v3_routing_vs_moe,routing_mechanism,moe_220m,v3_routing_220m,98.30080600524639,97.52290194127653,-0.7779040639698565,True
validation_perplexity,quality,lower_is_better,25m,10007,v3_routing_vs_moe,routing_mechanism,moe_220m,v3_routing_220m,96.69569893160956,97.022530332302,0.3268314006924413,False
validation_perplexity,quality,lower_is_better,25m,11213,v3_routing_vs_moe,routing_mechanism,moe_220m,v3_routing_220m,95.35109426669513,96.3318660133564,0.9807717466612758,False
validation_perplexity,quality,lower_is_better,25m,12721,v3_routing_vs_moe,routing_mechanism,moe_220m,v3_routing_220m,95.94893364160396,97.3607267826563,1.4117931410523425,False
validation_perplexity,quality,lower_is_better,25m,1337,mtp_vs_dense,objective_mechanism,dense_121m,mtp_121m,98.63614612699413,98.27210019274676,-0.36404593424737186,True
validation_perplexity,quality,lower_is_better,25m,2027,mtp_vs_dense,objective_mechanism,dense_121m,mtp_121m,99.38148520830242,99.05331592367602,-0.32816928462639794,True
validation_perplexity,quality,lower_is_better,25m,31415,mtp_vs_dense,objective_mechanism,dense_121m,mtp_121m,98.02398115403327,97.96645928026177,-0.05752187377149198,True
validation_perplexity,quality,lower_is_better,25m,4441,mtp_vs_dense,objective_mechanism,dense_121m,mtp_121m,98.60053276840007,99.3305046388865,0.7299718704864233,False
validation_perplexity,quality,lower_is_better,25m,5501,mtp_vs_dense,objective_mechanism,dense_121m,mtp_121m,98.62563472677635,98.96412955784159,0.33849483106523337,False
validation_perplexity,quality,lower_is_better,25m,6173,mtp_vs_dense,objective_mechanism,dense_121m,mtp_121m,99.82500167220228,97.72191752049966,-2.1030841517026175,True
validation_perplexity,quality,lower_is_better,25m,8191,mtp_vs_dense,objective_mechanism,dense_121m,mtp_121m,99.14891580766891,95.56106048321494,-3.587855324453969,True
validation_perplexity,quality,lower_is_better,25m,10007,mtp_vs_dense,objective_mechanism,dense_121m,mtp_121m,99.0210010765799,98.29687668020526,-0.7241243963746484,True
validation_perplexity,quality,lower_is_better,25m,11213,mtp_vs_dense,objective_mechanism,dense_121m,mtp_121m,98.82758396477273,97.52977525939522,-1.2978087053775056,True
validation_perplexity,quality,lower_is_better,25m,12721,mtp_vs_dense,objective_mechanism,dense_121m,mtp_121m,101.63566969286357,99.88917364971277,-1.746496043150799,True
validation_perplexity,quality,lower_is_better,50m,1337,mla_vs_dense,attention_mechanism,dense_121m,mla_121m,82.58395226476654,86.24479471740102,3.6608424526344834,False
validation_perplexity,quality,lower_is_better,50m,2027,mla_vs_dense,attention_mechanism,dense_121m,mla_121m,82.83007279725544,86.09337599457356,3.2633031973181232,False
validation_perplexity,quality,lower_is_better,50m,31415,mla_vs_dense,attention_mechanism,dense_121m,mla_121m,82.34971541821577,86.6938143618961,4.344098943680336,False
validation_perplexity,quality,lower_is_better,50m,4441,mla_vs_dense,attention_mechanism,dense_121m,mla_121m,82.72451316413868,86.2352853551621,3.5107721910234204,False
validation_perplexity,quality,lower_is_better,50m,5501,mla_vs_dense,attention_mechanism,dense_121m,mla_121m,82.65743601185248,86.77775626793584,4.12032025608336,False
validation_perplexity,quality,lower_is_better,50m,6173,mla_vs_dense,attention_mechanism,dense_121m,mla_121m,83.00081892860356,88.68156036231586,5.680741433712299,False
validation_perplexity,quality,lower_is_better,50m,8191,mla_vs_dense,attention_mechanism,dense_121m,mla_121m,83.56743539237583,88.37854345238362,4.811108060007797,False
validation_perplexity,quality,lower_is_better,50m,10007,mla_vs_dense,attention_mechanism,dense_121m,mla_121m,83.55496089264479,87.68511868016958,4.130157787524794,False
validation_perplexity,quality,lower_is_better,50m,11213,mla_vs_dense,attention_mechanism,dense_121m,mla_121m,82.14668700189847,85.41455341318236,3.26786641128389,False
validation_perplexity,quality,lower_is_better,50m,12721,mla_vs_dense,attention_mechanism,dense_121m,mla_121m,83.31910638626508,87.47826368551621,4.1591572992511345,False
validation_perplexity,quality,lower_is_better,50m,1337,moe_vs_dense,sparse_ffn_mechanism,dense_121m,moe_220m,82.58395226476654,80.46839772247199,-2.1155545422945465,True
validation_perplexity,quality,lower_is_better,50m,2027,moe_vs_dense,sparse_ffn_mechanism,dense_121m,moe_220m,82.83007279725544,79.62893079980218,-3.201141997453263,True
validation_perplexity,quality,lower_is_better,50m,31415,moe_vs_dense,sparse_ffn_mechanism,dense_121m,moe_220m,82.34971541821577,80.1145869535613,-2.2351284646544656,True
validation_perplexity,quality,lower_is_better,50m,4441,moe_vs_dense,sparse_ffn_mechanism,dense_121m,moe_220m,82.72451316413868,80.23659256413356,-2.4879206000051255,True
validation_perplexity,quality,lower_is_better,50m,5501,moe_vs_dense,sparse_ffn_mechanism,dense_121m,moe_220m,82.65743601185248,80.3023222423385,-2.355113769513977,True
validation_perplexity,quality,lower_is_better,50m,6173,moe_vs_dense,sparse_ffn_mechanism,dense_121m,moe_220m,83.00081892860356,80.25839250934109,-2.742426419262472,True
validation_perplexity,quality,lower_is_better,50m,8191,moe_vs_dense,sparse_ffn_mechanism,dense_121m,moe_220m,83.56743539237583,81.49027802307108,-2.077157369304743,True
validation_perplexity,quality,lower_is_better,50m,10007,moe_vs_dense,sparse_ffn_mechanism,dense_121m,moe_220m,83.55496089264479,80.63448388668773,-2.9204770059570535,True
validation_perplexity,quality,lower_is_better,50m,11213,moe_vs_dense,sparse_ffn_mechanism,dense_121m,moe_220m,82.14668700189847,79.91600878384772,-2.2306782180507554,True
validation_perplexity,quality,lower_is_better,50m,12721,moe_vs_dense,sparse_ffn_mechanism,dense_121m,moe_220m,83.31910638626508,80.53440600316566,-2.7847003830994197,True
validation_perplexity,quality,lower_is_better,50m,1337,mla_moe_vs_dense,composition_supporting,dense_121m,mla_moe_220m,82.58395226476654,83.75747794127604,1.1735256765094988,False
validation_perplexity,quality,lower_is_better,50m,2027,mla_moe_vs_dense,composition_supporting,dense_121m,mla_moe_220m,82.83007279725544,83.90171251974296,1.071639722487518,False
validation_perplexity,quality,lower_is_better,50m,31415,mla_moe_vs_dense,composition_supporting,dense_121m,mla_moe_220m,82.34971541821577,84.5272840476817,2.177568629465938,False
validation_perplexity,quality,lower_is_better,50m,4441,mla_moe_vs_dense,composition_supporting,dense_121m,mla_moe_220m,82.72451316413868,83.82136184122743,1.0968486770887438,False
validation_perplexity,quality,lower_is_better,50m,5501,mla_moe_vs_dense,composition_supporting,dense_121m,mla_moe_220m,82.65743601185248,84.6426641729033,1.985228161050813,False
validation_perplexity,quality,lower_is_better,50m,6173,mla_moe_vs_dense,composition_supporting,dense_121m,mla_moe_220m,83.00081892860356,83.84552746852195,0.8447085399183862,False
validation_perplexity,quality,lower_is_better,50m,8191,mla_moe_vs_dense,composition_supporting,dense_121m,mla_moe_220m,83.56743539237583,84.27630026944354,0.7088648770677111,False
validation_perplexity,quality,lower_is_better,50m,10007,mla_moe_vs_dense,composition_supporting,dense_121m,mla_moe_220m,83.55496089264479,84.22119385384438,0.6662329611995972,False
validation_perplexity,quality,lower_is_better,50m,11213,mla_moe_vs_dense,composition_supporting,dense_121m,mla_moe_220m,82.14668700189847,83.74496089689697,1.5982738949984991,False
validation_perplexity,quality,lower_is_better,50m,12721,mla_moe_vs_dense,composition_supporting,dense_121m,mla_moe_220m,83.31910638626508,85.05028980701796,1.7311834207528847,False
validation_perplexity,quality,lower_is_better,50m,1337,mla_moe_vs_mla,composition_mechanism,mla_121m,mla_moe_220m,86.24479471740102,83.75747794127604,-2.4873167761249846,True
validation_perplexity,quality,lower_is_better,50m,2027,mla_moe_vs_mla,composition_mechanism,mla_121m,mla_moe_220m,86.09337599457356,83.90171251974296,-2.191663474830605,True
validation_perplexity,quality,lower_is_better,50m,31415,mla_moe_vs_mla,composition_mechanism,mla_121m,mla_moe_220m,86.6938143618961,84.5272840476817,-2.1665303142143983,True
validation_perplexity,quality,lower_is_better,50m,4441,mla_moe_vs_mla,composition_mechanism,mla_121m,mla_moe_220m,86.2352853551621,83.82136184122743,-2.4139235139346766,True
validation_perplexity,quality,lower_is_better,50m,5501,mla_moe_vs_mla,composition_mechanism,mla_121m,mla_moe_220m,86.77775626793584,84.6426641729033,-2.1350920950325474,True
validation_perplexity,quality,lower_is_better,50m,6173,mla_moe_vs_mla,composition_mechanism,mla_121m,mla_moe_220m,88.68156036231586,83.84552746852195,-4.836032893793913,True
validation_perplexity,quality,lower_is_better,50m,8191,mla_moe_vs_mla,composition_mechanism,mla_121m,mla_moe_220m,88.37854345238362,84.27630026944354,-4.102243182940086,True
validation_perplexity,quality,lower_is_better,50m,10007,mla_moe_vs_mla,composition_mechanism,mla_121m,mla_moe_220m,87.68511868016958,84.22119385384438,-3.463924826325197,True
validation_perplexity,quality,lower_is_better,50m,11213,mla_moe_vs_mla,composition_mechanism,mla_121m,mla_moe_220m,85.41455341318236,83.74496089689697,-1.669592516285391,True
validation_perplexity,quality,lower_is_better,50m,12721,mla_moe_vs_mla,composition_mechanism,mla_121m,mla_moe_220m,87.47826368551621,85.05028980701796,-2.42797387849825,True
validation_perplexity,quality,lower_is_better,50m,1337,mla_moe_vs_moe,composition_mechanism,moe_220m,mla_moe_220m,80.46839772247199,83.75747794127604,3.2890802188040453,False
validation_perplexity,quality,lower_is_better,50m,2027,mla_moe_vs_moe,composition_mechanism,moe_220m,mla_moe_220m,79.62893079980218,83.90171251974296,4.272781719940781,False
validation_perplexity,quality,lower_is_better,50m,31415,mla_moe_vs_moe,composition_mechanism,moe_220m,mla_moe_220m,80.1145869535613,84.5272840476817,4.412697094120404,False
validation_perplexity,quality,lower_is_better,50m,4441,mla_moe_vs_moe,composition_mechanism,moe_220m,mla_moe_220m,80.23659256413356,83.82136184122743,3.5847692770938693,False
validation_perplexity,quality,lower_is_better,50m,5501,mla_moe_vs_moe,composition_mechanism,moe_220m,mla_moe_220m,80.3023222423385,84.6426641729033,4.34034193056479,False
validation_perplexity,quality,lower_is_better,50m,6173,mla_moe_vs_moe,composition_mechanism,moe_220m,mla_moe_220m,80.25839250934109,83.84552746852195,3.587134959180858,False
validation_perplexity,quality,lower_is_better,50m,8191,mla_moe_vs_moe,composition_mechanism,moe_220m,mla_moe_220m,81.49027802307108,84.27630026944354,2.786022246372454,False
validation_perplexity,quality,lower_is_better,50m,10007,mla_moe_vs_moe,composition_mechanism,moe_220m,mla_moe_220m,80.63448388668773,84.22119385384438,3.5867099671566507,False
validation_perplexity,quality,lower_is_better,50m,11213,mla_moe_vs_moe,composition_mechanism,moe_220m,mla_moe_220m,79.91600878384772,83.74496089689697,3.8289521130492545,False
validation_perplexity,quality,lower_is_better,50m,12721,mla_moe_vs_moe,composition_mechanism,moe_220m,mla_moe_220m,80.53440600316566,85.05028980701796,4.515883803852304,False
validation_perplexity,quality,lower_is_better,50m,1337,v3_routing_vs_moe,routing_mechanism,moe_220m,v3_routing_220m,80.46839772247199,80.60310192311859,0.1347042006465955,False
validation_perplexity,quality,lower_is_better,50m,2027,v3_routing_vs_moe,routing_mechanism,moe_220m,v3_routing_220m,79.62893079980218,80.57854944240249,0.9496186426003135,False
validation_perplexity,quality,lower_is_better,50m,31415,v3_routing_vs_moe,routing_mechanism,moe_220m,v3_routing_220m,80.1145869535613,80.32981519338252,0.21522823982121508,False
validation_perplexity,quality,lower_is_better,50m,4441,v3_routing_vs_moe,routing_mechanism,moe_220m,v3_routing_220m,80.23659256413356,80.88030879976579,0.6437162356322261,False
validation_perplexity,quality,lower_is_better,50m,5501,v3_routing_vs_moe,routing_mechanism,moe_220m,v3_routing_220m,80.3023222423385,80.3646970521721,0.06237480983359944,False
validation_perplexity,quality,lower_is_better,50m,6173,v3_routing_vs_moe,routing_mechanism,moe_220m,v3_routing_220m,80.25839250934109,80.70437231697899,0.44597980763789735,False
validation_perplexity,quality,lower_is_better,50m,8191,v3_routing_vs_moe,routing_mechanism,moe_220m,v3_routing_220m,81.49027802307108,82.18630154537738,0.6960235223062909,False
validation_perplexity,quality,lower_is_better,50m,10007,v3_routing_vs_moe,routing_mechanism,moe_220m,v3_routing_220m,80.63448388668773,80.97823054449397,0.3437466578062356,False
validation_perplexity,quality,lower_is_better,50m,11213,v3_routing_vs_moe,routing_mechanism,moe_220m,v3_routing_220m,79.91600878384772,80.30314531442038,0.3871365305726613,False
validation_perplexity,quality,lower_is_better,50m,12721,v3_routing_vs_moe,routing_mechanism,moe_220m,v3_routing_220m,80.53440600316566,80.61932889547259,0.08492289230693473,False
validation_perplexity,quality,lower_is_better,50m,1337,mtp_vs_dense,objective_mechanism,dense_121m,mtp_121m,82.58395226476654,81.16249251503515,-1.4214597497313832,True
validation_perplexity,quality,lower_is_better,50m,2027,mtp_vs_dense,objective_mechanism,dense_121m,mtp_121m,82.83007279725544,81.7524338303538,-1.0776389669016453,True
validation_perplexity,quality,lower_is_better,50m,31415,mtp_vs_dense,objective_mechanism,dense_121m,mtp_121m,82.34971541821577,80.83186767828967,-1.517847739926097,True
validation_perplexity,quality,lower_is_better,50m,4441,mtp_vs_dense,objective_mechanism,dense_121m,mtp_121m,82.72451316413868,82.30900636344836,-0.41550680069032353,True
validation_perplexity,quality,lower_is_better,50m,5501,mtp_vs_dense,objective_mechanism,dense_121m,mtp_121m,82.65743601185248,83.23193610857747,0.5745000967249894,False
validation_perplexity,quality,lower_is_better,50m,6173,mtp_vs_dense,objective_mechanism,dense_121m,mtp_121m,83.00081892860356,81.0393071897856,-1.9615117388179613,True
validation_perplexity,quality,lower_is_better,50m,8191,mtp_vs_dense,objective_mechanism,dense_121m,mtp_121m,83.56743539237583,80.89424261913153,-2.6731927732442955,True
validation_perplexity,quality,lower_is_better,50m,10007,mtp_vs_dense,objective_mechanism,dense_121m,mtp_121m,83.55496089264479,80.54232503509492,-3.012635857549867,True
validation_perplexity,quality,lower_is_better,50m,11213,mtp_vs_dense,objective_mechanism,dense_121m,mtp_121m,82.14668700189847,80.59728698485199,-1.5494000170464801,True
validation_perplexity,quality,lower_is_better,50m,12721,mtp_vs_dense,objective_mechanism,dense_121m,mtp_121m,83.31910638626508,82.0078139390709,-1.3112924471941767,True
test_perplexity,quality,lower_is_better,10m,1337,mla_vs_dense,attention_mechanism,dense_121m,mla_121m,145.61078409299938,157.21973157762156,11.608947484622178,False
test_perplexity,quality,lower_is_better,10m,2027,mla_vs_dense,attention_mechanism,dense_121m,mla_121m,150.13505038162992,157.70853515932828,7.573484777698354,False
test_perplexity,quality,lower_is_better,10m,31415,mla_vs_dense,attention_mechanism,dense_121m,mla_121m,145.63210494359083,156.86562577997955,11.23352083638872,False
test_perplexity,quality,lower_is_better,10m,4441,mla_vs_dense,attention_mechanism,dense_121m,mla_121m,145.85862208911408,149.37519874064552,3.5165766515314374,False
test_perplexity,quality,lower_is_better,10m,5501,mla_vs_dense,attention_mechanism,dense_121m,mla_121m,150.03244620111175,157.95011237400533,7.9176661728935755,False
test_perplexity,quality,lower_is_better,10m,6173,mla_vs_dense,attention_mechanism,dense_121m,mla_121m,146.35636826057726,166.40628239429384,20.049914133716584,False
test_perplexity,quality,lower_is_better,10m,8191,mla_vs_dense,attention_mechanism,dense_121m,mla_121m,148.01275046735907,159.0451512900696,11.032400822710542,False
test_perplexity,quality,lower_is_better,10m,10007,mla_vs_dense,attention_mechanism,dense_121m,mla_121m,147.02331685265315,155.05089146782623,8.02757461517308,False
test_perplexity,quality,lower_is_better,10m,11213,mla_vs_dense,attention_mechanism,dense_121m,mla_121m,150.4798507423417,152.3291927092512,1.849341966909492,False
test_perplexity,quality,lower_is_better,10m,12721,mla_vs_dense,attention_mechanism,dense_121m,mla_121m,151.36474939481917,156.86522784789324,5.5004784530740665,False
test_perplexity,quality,lower_is_better,10m,1337,moe_vs_dense,sparse_ffn_mechanism,dense_121m,moe_220m,145.61078409299938,141.97063239487525,-3.6401516981241286,True
test_perplexity,quality,lower_is_better,10m,2027,moe_vs_dense,sparse_ffn_mechanism,dense_121m,moe_220m,150.13505038162992,140.12797928740426,-10.007071094225665,True
test_perplexity,quality,lower_is_better,10m,31415,moe_vs_dense,sparse_ffn_mechanism,dense_121m,moe_220m,145.63210494359083,139.46381949450264,-6.168285449088188,True
test_perplexity,quality,lower_is_better,10m,4441,moe_vs_dense,sparse_ffn_mechanism,dense_121m,moe_220m,145.85862208911408,142.451954810098,-3.406667279016091,True
test_perplexity,quality,lower_is_better,10m,5501,moe_vs_dense,sparse_ffn_mechanism,dense_121m,moe_220m,150.03244620111175,140.86303944602693,-9.169406755084822,True
test_perplexity,quality,lower_is_better,10m,6173,moe_vs_dense,sparse_ffn_mechanism,dense_121m,moe_220m,146.35636826057726,140.75502989663917,-5.601338363938083,True
test_perplexity,quality,lower_is_better,10m,8191,moe_vs_dense,sparse_ffn_mechanism,dense_121m,moe_220m,148.01275046735907,141.4251809376282,-6.587569529730871,True
test_perplexity,quality,lower_is_better,10m,10007,moe_vs_dense,sparse_ffn_mechanism,dense_121m,moe_220m,147.02331685265315,139.45393705208005,-7.569379800573103,True
test_perplexity,quality,lower_is_better,10m,11213,moe_vs_dense,sparse_ffn_mechanism,dense_121m,moe_220m,150.4798507423417,139.16536255438774,-11.31448818795397,True
test_perplexity,quality,lower_is_better,10m,12721,moe_vs_dense,sparse_ffn_mechanism,dense_121m,moe_220m,151.36474939481917,137.09763228855454,-14.267117106264635,True
test_perplexity,quality,lower_is_better,10m,1337,mla_moe_vs_dense,composition_supporting,dense_121m,mla_moe_220m,145.61078409299938,144.79237881883256,-0.8184052741668211,True
test_perplexity,quality,lower_is_better,10m,2027,mla_moe_vs_dense,composition_supporting,dense_121m,mla_moe_220m,150.13505038162992,147.61393171432454,-2.5211186673053874,True
test_perplexity,quality,lower_is_better,10m,31415,mla_moe_vs_dense,composition_supporting,dense_121m,mla_moe_220m,145.63210494359083,149.9892416317247,4.357136688133863,False
test_perplexity,quality,lower_is_better,10m,4441,mla_moe_vs_dense,composition_supporting,dense_121m,mla_moe_220m,145.85862208911408,144.92636781683598,-0.9322542722781009,True
test_perplexity,quality,lower_is_better,10m,5501,mla_moe_vs_dense,composition_supporting,dense_121m,mla_moe_220m,150.03244620111175,149.23152194739203,-0.8009242537197281,True
test_perplexity,quality,lower_is_better,10m,6173,mla_moe_vs_dense,composition_supporting,dense_121m,mla_moe_220m,146.35636826057726,142.94350795547052,-3.412860305106733,True
test_perplexity,quality,lower_is_better,10m,8191,mla_moe_vs_dense,composition_supporting,dense_121m,mla_moe_220m,148.01275046735907,146.66135625550538,-1.3513942118536875,True
test_perplexity,quality,lower_is_better,10m,10007,mla_moe_vs_dense,composition_supporting,dense_121m,mla_moe_220m,147.02331685265315,148.8933206319988,1.8700037793456374,False
test_perplexity,quality,lower_is_better,10m,11213,mla_moe_vs_dense,composition_supporting,dense_121m,mla_moe_220m,150.4798507423417,154.08848534891297,3.6086346065712576,False
test_perplexity,quality,lower_is_better,10m,12721,mla_moe_vs_dense,composition_supporting,dense_121m,mla_moe_220m,151.36474939481917,151.65463273171733,0.28988333689815704,False
test_perplexity,quality,lower_is_better,10m,1337,mla_moe_vs_mla,composition_mechanism,mla_121m,mla_moe_220m,157.21973157762156,144.79237881883256,-12.427352758788999,True
test_perplexity,quality,lower_is_better,10m,2027,mla_moe_vs_mla,composition_mechanism,mla_121m,mla_moe_220m,157.70853515932828,147.61393171432454,-10.094603445003742,True
test_perplexity,quality,lower_is_better,10m,31415,mla_moe_vs_mla,composition_mechanism,mla_121m,mla_moe_220m,156.86562577997955,149.9892416317247,-6.876384148254857,True
test_perplexity,quality,lower_is_better,10m,4441,mla_moe_vs_mla,composition_mechanism,mla_121m,mla_moe_220m,149.37519874064552,144.92636781683598,-4.448830923809538,True
test_perplexity,quality,lower_is_better,10m,5501,mla_moe_vs_mla,composition_mechanism,mla_121m,mla_moe_220m,157.95011237400533,149.23152194739203,-8.718590426613304,True
test_perplexity,quality,lower_is_better,10m,6173,mla_moe_vs_mla,composition_mechanism,mla_121m,mla_moe_220m,166.40628239429384,142.94350795547052,-23.462774438823317,True
test_perplexity,quality,lower_is_better,10m,8191,mla_moe_vs_mla,composition_mechanism,mla_121m,mla_moe_220m,159.0451512900696,146.66135625550538,-12.38379503456423,True
test_perplexity,quality,lower_is_better,10m,10007,mla_moe_vs_mla,composition_mechanism,mla_121m,mla_moe_220m,155.05089146782623,148.8933206319988,-6.157570835827443,True
test_perplexity,quality,lower_is_better,10m,11213,mla_moe_vs_mla,composition_mechanism,mla_121m,mla_moe_220m,152.3291927092512,154.08848534891297,1.7592926396617656,False
test_perplexity,quality,lower_is_better,10m,12721,mla_moe_vs_mla,composition_mechanism,mla_121m,mla_moe_220m,156.86522784789324,151.65463273171733,-5.210595116175909,True
test_perplexity,quality,lower_is_better,10m,1337,mla_moe_vs_moe,composition_mechanism,moe_220m,mla_moe_220m,141.97063239487525,144.79237881883256,2.8217464239573076,False
test_perplexity,quality,lower_is_better,10m,2027,mla_moe_vs_moe,composition_mechanism,moe_220m,mla_moe_220m,140.12797928740426,147.61393171432454,7.485952426920278,False
test_perplexity,quality,lower_is_better,10m,31415,mla_moe_vs_moe,composition_mechanism,moe_220m,mla_moe_220m,139.46381949450264,149.9892416317247,10.525422137222051,False
test_perplexity,quality,lower_is_better,10m,4441,mla_moe_vs_moe,composition_mechanism,moe_220m,mla_moe_220m,142.451954810098,144.92636781683598,2.47441300673799,False
test_perplexity,quality,lower_is_better,10m,5501,mla_moe_vs_moe,composition_mechanism,moe_220m,mla_moe_220m,140.86303944602693,149.23152194739203,8.368482501365094,False
test_perplexity,quality,lower_is_better,10m,6173,mla_moe_vs_moe,composition_mechanism,moe_220m,mla_moe_220m,140.75502989663917,142.94350795547052,2.1884780588313504,False
test_perplexity,quality,lower_is_better,10m,8191,mla_moe_vs_moe,composition_mechanism,moe_220m,mla_moe_220m,141.4251809376282,146.66135625550538,5.2361753178771835,False
test_perplexity,quality,lower_is_better,10m,10007,mla_moe_vs_moe,composition_mechanism,moe_220m,mla_moe_220m,139.45393705208005,148.8933206319988,9.43938357991874,False
test_perplexity,quality,lower_is_better,10m,11213,mla_moe_vs_moe,composition_mechanism,moe_220m,mla_moe_220m,139.16536255438774,154.08848534891297,14.923122794525227,False
test_perplexity,quality,lower_is_better,10m,12721,mla_moe_vs_moe,composition_mechanism,moe_220m,mla_moe_220m,137.09763228855454,151.65463273171733,14.557000443162792,False
test_perplexity,quality,lower_is_better,10m,1337,v3_routing_vs_moe,routing_mechanism,moe_220m,v3_routing_220m,141.97063239487525,137.65282173442793,-4.317810660447321,True
test_perplexity,quality,lower_is_better,10m,2027,v3_routing_vs_moe,routing_mechanism,moe_220m,v3_routing_220m,140.12797928740426,140.72106462367194,0.5930853362676771,False
test_perplexity,quality,lower_is_better,10m,31415,v3_routing_vs_moe,routing_mechanism,moe_220m,v3_routing_220m,139.46381949450264,139.6170739543683,0.15325445986565,False
test_perplexity,quality,lower_is_better,10m,4441,v3_routing_vs_moe,routing_mechanism,moe_220m,v3_routing_220m,142.451954810098,143.18744038574877,0.7354855756507845,False
test_perplexity,quality,lower_is_better,10m,5501,v3_routing_vs_moe,routing_mechanism,moe_220m,v3_routing_220m,140.86303944602693,142.6382430345395,1.7752035885125679,False
test_perplexity,quality,lower_is_better,10m,6173,v3_routing_vs_moe,routing_mechanism,moe_220m,v3_routing_220m,140.75502989663917,142.8022117042382,2.0471818075990313,False
test_perplexity,quality,lower_is_better,10m,8191,v3_routing_vs_moe,routing_mechanism,moe_220m,v3_routing_220m,141.4251809376282,142.24278928995994,0.8176083523317459,False
test_perplexity,quality,lower_is_better,10m,10007,v3_routing_vs_moe,routing_mechanism,moe_220m,v3_routing_220m,139.45393705208005,140.69911087848865,1.2451738264086032,False
test_perplexity,quality,lower_is_better,10m,11213,v3_routing_vs_moe,routing_mechanism,moe_220m,v3_routing_220m,139.16536255438774,141.42488893666626,2.2595263822785228,False
test_perplexity,quality,lower_is_better,10m,12721,v3_routing_vs_moe,routing_mechanism,moe_220m,v3_routing_220m,137.09763228855454,143.0000912325426,5.9024589439880515,False
test_perplexity,quality,lower_is_better,10m,1337,mtp_vs_dense,objective_mechanism,dense_121m,mtp_121m,145.61078409299938,146.19294034436012,0.5821562513607432,False
test_perplexity,quality,lower_is_better,10m,2027,mtp_vs_dense,objective_mechanism,dense_121m,mtp_121m,150.13505038162992,151.81176829942632,1.6767179177963953,False
test_perplexity,quality,lower_is_better,10m,31415,mtp_vs_dense,objective_mechanism,dense_121m,mtp_121m,145.63210494359083,152.8288461495514,7.1967412059605635,False
test_perplexity,quality,lower_is_better,10m,4441,mtp_vs_dense,objective_mechanism,dense_121m,mtp_121m,145.85862208911408,149.75913679448053,3.9005147053664473,False
test_perplexity,quality,lower_is_better,10m,5501,mtp_vs_dense,objective_mechanism,dense_121m,mtp_121m,150.03244620111175,143.7721735378196,-6.260272663292142,True
test_perplexity,quality,lower_is_better,10m,6173,mtp_vs_dense,objective_mechanism,dense_121m,mtp_121m,146.35636826057726,145.3299087231265,-1.0264595374507621,True
test_perplexity,quality,lower_is_better,10m,8191,mtp_vs_dense,objective_mechanism,dense_121m,mtp_121m,148.01275046735907,144.7878573035438,-3.224893163815267,True
test_perplexity,quality,lower_is_better,10m,10007,mtp_vs_dense,objective_mechanism,dense_121m,mtp_121m,147.02331685265315,148.1555053542389,1.1321885015857447,False
test_perplexity,quality,lower_is_better,10m,11213,mtp_vs_dense,objective_mechanism,dense_121m,mtp_121m,150.4798507423417,150.3266743066807,-0.1531764356610097,True
test_perplexity,quality,lower_is_better,10m,12721,mtp_vs_dense,objective_mechanism,dense_121m,mtp_121m,151.36474939481917,148.09901765345256,-3.265731741366608,True
test_perplexity,quality,lower_is_better,25m,1337,mla_vs_dense,attention_mechanism,dense_121m,mla_121m,95.55177299980454,99.1600305163436,3.608257516539055,False
test_perplexity,quality,lower_is_better,25m,2027,mla_vs_dense,attention_mechanism,dense_121m,mla_121m,95.24022079673277,99.03721857412063,3.7969977773878583,False
test_perplexity,quality,lower_is_better,25m,31415,mla_vs_dense,attention_mechanism,dense_121m,mla_121m,94.78378867962776,100.43124431485786,5.647455635230102,False
test_perplexity,quality,lower_is_better,25m,4441,mla_vs_dense,attention_mechanism,dense_121m,mla_121m,94.38031580616479,97.76274260869167,3.3824268025268793,False
test_perplexity,quality,lower_is_better,25m,5501,mla_vs_dense,attention_mechanism,dense_121m,mla_121m,94.9846985540634,99.19510098259597,4.210402428532575,False
test_perplexity,quality,lower_is_better,25m,6173,mla_vs_dense,attention_mechanism,dense_121m,mla_121m,95.43641248950233,102.362347885209,6.925935395706674,False
test_perplexity,quality,lower_is_better,25m,8191,mla_vs_dense,attention_mechanism,dense_121m,mla_121m,95.67005339409822,100.57183800968818,4.9017846155899605,False
test_perplexity,quality,lower_is_better,25m,10007,mla_vs_dense,attention_mechanism,dense_121m,mla_121m,96.23291652180615,100.98928377948587,4.756367257679727,False
test_perplexity,quality,lower_is_better,25m,11213,mla_vs_dense,attention_mechanism,dense_121m,mla_121m,95.4424119486301,98.23433283877216,2.791920890142066,False
test_perplexity,quality,lower_is_better,25m,12721,mla_vs_dense,attention_mechanism,dense_121m,mla_121m,98.18941294516551,101.65251560446228,3.4631026592967658,False
test_perplexity,quality,lower_is_better,25m,1337,moe_vs_dense,sparse_ffn_mechanism,dense_121m,moe_220m,95.55177299980454,95.34360206322302,-0.2081709365815243,True
test_perplexity,quality,lower_is_better,25m,2027,moe_vs_dense,sparse_ffn_mechanism,dense_121m,moe_220m,95.24022079673277,91.9183202337181,-3.3219005630146654,True
test_perplexity,quality,lower_is_better,25m,31415,moe_vs_dense,sparse_ffn_mechanism,dense_121m,moe_220m,94.78378867962776,93.42754689457296,-1.3562417850548059,True
test_perplexity,quality,lower_is_better,25m,4441,moe_vs_dense,sparse_ffn_mechanism,dense_121m,moe_220m,94.38031580616479,93.52703214021683,-0.8532836659479557,True
test_perplexity,quality,lower_is_better,25m,5501,moe_vs_dense,sparse_ffn_mechanism,dense_121m,moe_220m,94.9846985540634,93.4441507161761,-1.5405478378873028,True
test_perplexity,quality,lower_is_better,25m,6173,moe_vs_dense,sparse_ffn_mechanism,dense_121m,moe_220m,95.43641248950233,93.59089254301271,-1.8455199464896168,True
test_perplexity,quality,lower_is_better,25m,8191,moe_vs_dense,sparse_ffn_mechanism,dense_121m,moe_220m,95.67005339409822,94.8050932821112,-0.8649601119870169,True
test_perplexity,quality,lower_is_better,25m,10007,moe_vs_dense,sparse_ffn_mechanism,dense_121m,moe_220m,96.23291652180615,93.19928120861243,-3.033635313193713,True
test_perplexity,quality,lower_is_better,25m,11213,moe_vs_dense,sparse_ffn_mechanism,dense_121m,moe_220m,95.4424119486301,92.88974058372115,-2.552671364908946,True
test_perplexity,quality,lower_is_better,25m,12721,moe_vs_dense,sparse_ffn_mechanism,dense_121m,moe_220m,98.18941294516551,93.00827564786057,-5.181137297304943,True
test_perplexity,quality,lower_is_better,25m,1337,mla_moe_vs_dense,composition_supporting,dense_121m,mla_moe_220m,95.55177299980454,96.65197528500018,1.1002022851956355,False
test_perplexity,quality,lower_is_better,25m,2027,mla_moe_vs_dense,composition_supporting,dense_121m,mla_moe_220m,95.24022079673277,97.3528348164436,2.1126140197108327,False
test_perplexity,quality,lower_is_better,25m,31415,mla_moe_vs_dense,composition_supporting,dense_121m,mla_moe_220m,94.78378867962776,98.3308700937299,3.547081414102138,False
test_perplexity,quality,lower_is_better,25m,4441,mla_moe_vs_dense,composition_supporting,dense_121m,mla_moe_220m,94.38031580616479,96.39370925191197,2.013393445747184,False
test_perplexity,quality,lower_is_better,25m,5501,mla_moe_vs_dense,composition_supporting,dense_121m,mla_moe_220m,94.9846985540634,97.35643208099339,2.3717335269299866,False
test_perplexity,quality,lower_is_better,25m,6173,mla_moe_vs_dense,composition_supporting,dense_121m,mla_moe_220m,95.43641248950233,96.06215152951724,0.6257390400149063,False
test_perplexity,quality,lower_is_better,25m,8191,mla_moe_vs_dense,composition_supporting,dense_121m,mla_moe_220m,95.67005339409822,96.29866284883443,0.6286094547362069,False
test_perplexity,quality,lower_is_better,25m,10007,mla_moe_vs_dense,composition_supporting,dense_121m,mla_moe_220m,96.23291652180615,98.40757516705044,2.1746586452442926,False
test_perplexity,quality,lower_is_better,25m,11213,mla_moe_vs_dense,composition_supporting,dense_121m,mla_moe_220m,95.4424119486301,98.39574248620853,2.953330537578438,False
test_perplexity,quality,lower_is_better,25m,12721,mla_moe_vs_dense,composition_supporting,dense_121m,mla_moe_220m,98.18941294516551,100.40347712053472,2.2140641753692023,False
test_perplexity,quality,lower_is_better,25m,1337,mla_moe_vs_mla,composition_mechanism,mla_121m,mla_moe_220m,99.1600305163436,96.65197528500018,-2.5080552313434197,True
test_perplexity,quality,lower_is_better,25m,2027,mla_moe_vs_mla,composition_mechanism,mla_121m,mla_moe_220m,99.03721857412063,97.3528348164436,-1.6843837576770255,True
test_perplexity,quality,lower_is_better,25m,31415,mla_moe_vs_mla,composition_mechanism,mla_121m,mla_moe_220m,100.43124431485786,98.3308700937299,-2.1003742211279643,True
test_perplexity,quality,lower_is_better,25m,4441,mla_moe_vs_mla,composition_mechanism,mla_121m,mla_moe_220m,97.76274260869167,96.39370925191197,-1.3690333567796955,True
test_perplexity,quality,lower_is_better,25m,5501,mla_moe_vs_mla,composition_mechanism,mla_121m,mla_moe_220m,99.19510098259597,97.35643208099339,-1.8386689016025883,True
test_perplexity,quality,lower_is_better,25m,6173,mla_moe_vs_mla,composition_mechanism,mla_121m,mla_moe_220m,102.362347885209,96.06215152951724,-6.300196355691767,True
test_perplexity,quality,lower_is_better,25m,8191,mla_moe_vs_mla,composition_mechanism,mla_121m,mla_moe_220m,100.57183800968818,96.29866284883443,-4.273175160853754,True
test_perplexity,quality,lower_is_better,25m,10007,mla_moe_vs_mla,composition_mechanism,mla_121m,mla_moe_220m,100.98928377948587,98.40757516705044,-2.5817086124354347,True
test_perplexity,quality,lower_is_better,25m,11213,mla_moe_vs_mla,composition_mechanism,mla_121m,mla_moe_220m,98.23433283877216,98.39574248620853,0.16140964743637198,False
test_perplexity,quality,lower_is_better,25m,12721,mla_moe_vs_mla,composition_mechanism,mla_121m,mla_moe_220m,101.65251560446228,100.40347712053472,-1.2490384839275634,True
test_perplexity,quality,lower_is_better,25m,1337,mla_moe_vs_moe,composition_mechanism,moe_220m,mla_moe_220m,95.34360206322302,96.65197528500018,1.3083732217771598,False
test_perplexity,quality,lower_is_better,25m,2027,mla_moe_vs_moe,composition_mechanism,moe_220m,mla_moe_220m,91.9183202337181,97.3528348164436,5.434514582725498,False
test_perplexity,quality,lower_is_better,25m,31415,mla_moe_vs_moe,composition_mechanism,moe_220m,mla_moe_220m,93.42754689457296,98.3308700937299,4.903323199156944,False
test_perplexity,quality,lower_is_better,25m,4441,mla_moe_vs_moe,composition_mechanism,moe_220m,mla_moe_220m,93.52703214021683,96.39370925191197,2.8666771116951395,False
test_perplexity,quality,lower_is_better,25m,5501,mla_moe_vs_moe,composition_mechanism,moe_220m,mla_moe_220m,93.4441507161761,97.35643208099339,3.9122813648172894,False
test_perplexity,quality,lower_is_better,25m,6173,mla_moe_vs_moe,composition_mechanism,moe_220m,mla_moe_220m,93.59089254301271,96.06215152951724,2.471258986504523,False
test_perplexity,quality,lower_is_better,25m,8191,mla_moe_vs_moe,composition_mechanism,moe_220m,mla_moe_220m,94.8050932821112,96.29866284883443,1.4935695667232238,False
test_perplexity,quality,lower_is_better,25m,10007,mla_moe_vs_moe,composition_mechanism,moe_220m,mla_moe_220m,93.19928120861243,98.40757516705044,5.208293958438006,False
test_perplexity,quality,lower_is_better,25m,11213,mla_moe_vs_moe,composition_mechanism,moe_220m,mla_moe_220m,92.88974058372115,98.39574248620853,5.506001902487384,False
test_perplexity,quality,lower_is_better,25m,12721,mla_moe_vs_moe,composition_mechanism,moe_220m,mla_moe_220m,93.00827564786057,100.40347712053472,7.395201472674145,False
test_perplexity,quality,lower_is_better,25m,1337,v3_routing_vs_moe,routing_mechanism,moe_220m,v3_routing_220m,95.34360206322302,93.05299143723204,-2.290610625990979,True
test_perplexity,quality,lower_is_better,25m,2027,v3_routing_vs_moe,routing_mechanism,moe_220m,v3_routing_220m,91.9183202337181,93.08704362975632,1.1687233960382173,False
test_perplexity,quality,lower_is_better,25m,31415,v3_routing_vs_moe,routing_mechanism,moe_220m,v3_routing_220m,93.42754689457296,93.81409977833087,0.38655288375791486,False
test_perplexity,quality,lower_is_better,25m,4441,v3_routing_vs_moe,routing_mechanism,moe_220m,v3_routing_220m,93.52703214021683,93.25232760171852,-0.27470453849831244,True
test_perplexity,quality,lower_is_better,25m,5501,v3_routing_vs_moe,routing_mechanism,moe_220m,v3_routing_220m,93.4441507161761,93.12802839834163,-0.31612231783446987,True
test_perplexity,quality,lower_is_better,25m,6173,v3_routing_vs_moe,routing_mechanism,moe_220m,v3_routing_220m,93.59089254301271,93.86498893829165,0.2740963952789315,False
test_perplexity,quality,lower_is_better,25m,8191,v3_routing_vs_moe,routing_mechanism,moe_220m,v3_routing_220m,94.8050932821112,94.16043574025336,-0.6446575418578391,True
test_perplexity,quality,lower_is_better,25m,10007,v3_routing_vs_moe,routing_mechanism,moe_220m,v3_routing_220m,93.19928120861243,93.98004462500428,0.7807634163918493,False
test_perplexity,quality,lower_is_better,25m,11213,v3_routing_vs_moe,routing_mechanism,moe_220m,v3_routing_220m,92.88974058372115,93.52074749600996,0.6310069122888109,False
test_perplexity,quality,lower_is_better,25m,12721,v3_routing_vs_moe,routing_mechanism,moe_220m,v3_routing_220m,93.00827564786057,94.06545677439844,1.0571811265378699,False
test_perplexity,quality,lower_is_better,25m,1337,mtp_vs_dense,objective_mechanism,dense_121m,mtp_121m,95.55177299980454,94.4660566000982,-1.0857163997063424,True
test_perplexity,quality,lower_is_better,25m,2027,mtp_vs_dense,objective_mechanism,dense_121m,mtp_121m,95.24022079673277,95.04963492900829,-0.19058586772447939,True
test_perplexity,quality,lower_is_better,25m,31415,mtp_vs_dense,objective_mechanism,dense_121m,mtp_121m,94.78378867962776,94.6252090149138,-0.15857966471395457,True
test_perplexity,quality,lower_is_better,25m,4441,mtp_vs_dense,objective_mechanism,dense_121m,mtp_121m,94.38031580616479,94.91281596735945,0.5325001611946618,False
test_perplexity,quality,lower_is_better,25m,5501,mtp_vs_dense,objective_mechanism,dense_121m,mtp_121m,94.9846985540634,95.64697271817954,0.6622741641161412,False
test_perplexity,quality,lower_is_better,25m,6173,mtp_vs_dense,objective_mechanism,dense_121m,mtp_121m,95.43641248950233,93.13468745172204,-2.3017250377802867,True
test_perplexity,quality,lower_is_better,25m,8191,mtp_vs_dense,objective_mechanism,dense_121m,mtp_121m,95.67005339409822,92.54982953524375,-3.120223858854473,True
test_perplexity,quality,lower_is_better,25m,10007,mtp_vs_dense,objective_mechanism,dense_121m,mtp_121m,96.23291652180615,95.09673263735117,-1.1361838844549794,True
test_perplexity,quality,lower_is_better,25m,11213,mtp_vs_dense,objective_mechanism,dense_121m,mtp_121m,95.4424119486301,95.03663712466702,-0.4057748239630712,True
test_perplexity,quality,lower_is_better,25m,12721,mtp_vs_dense,objective_mechanism,dense_121m,mtp_121m,98.18941294516551,96.75757250765939,-1.4318404375061249,True
test_perplexity,quality,lower_is_better,50m,1337,mla_vs_dense,attention_mechanism,dense_121m,mla_121m,78.93154338588741,83.02090178619319,4.089358400305784,False
test_perplexity,quality,lower_is_better,50m,2027,mla_vs_dense,attention_mechanism,dense_121m,mla_121m,80.17185959830223,83.51064212744136,3.3387825291391238,False
test_perplexity,quality,lower_is_better,50m,31415,mla_vs_dense,attention_mechanism,dense_121m,mla_121m,80.56755626328285,84.75541092124946,4.187854657966611,False
test_perplexity,quality,lower_is_better,50m,4441,mla_vs_dense,attention_mechanism,dense_121m,mla_121m,79.29099556724304,82.75777233718986,3.4667767699468186,False
test_perplexity,quality,lower_is_better,50m,5501,mla_vs_dense,attention_mechanism,dense_121m,mla_121m,79.5366226186051,83.3116589997002,3.7750363810951058,False
test_perplexity,quality,lower_is_better,50m,6173,mla_vs_dense,attention_mechanism,dense_121m,mla_121m,79.16715463847157,85.23336204662665,6.06620740815508,False
test_perplexity,quality,lower_is_better,50m,8191,mla_vs_dense,attention_mechanism,dense_121m,mla_121m,79.9883671269985,84.59163590353941,4.603268776540915,False
test_perplexity,quality,lower_is_better,50m,10007,mla_vs_dense,attention_mechanism,dense_121m,mla_121m,80.24275071344456,84.38268503683595,4.139934323391387,False
test_perplexity,quality,lower_is_better,50m,11213,mla_vs_dense,attention_mechanism,dense_121m,mla_121m,80.02467475024332,82.80075088208967,2.7760761318463523,False
test_perplexity,quality,lower_is_better,50m,12721,mla_vs_dense,attention_mechanism,dense_121m,mla_121m,79.61675341246294,83.28886668897319,3.6721132765102453,False
test_perplexity,quality,lower_is_better,50m,1337,moe_vs_dense,sparse_ffn_mechanism,dense_121m,moe_220m,78.93154338588741,77.6295846338609,-1.3019587520265077,True
test_perplexity,quality,lower_is_better,50m,2027,moe_vs_dense,sparse_ffn_mechanism,dense_121m,moe_220m,80.17185959830223,77.54882557143539,-2.623034026866847,True
test_perplexity,quality,lower_is_better,50m,31415,moe_vs_dense,sparse_ffn_mechanism,dense_121m,moe_220m,80.56755626328285,78.47619733048603,-2.0913589327968225,True
test_perplexity,quality,lower_is_better,50m,4441,moe_vs_dense,sparse_ffn_mechanism,dense_121m,moe_220m,79.29099556724304,77.73121151497125,-1.5597840522717945,True
test_perplexity,quality,lower_is_better,50m,5501,moe_vs_dense,sparse_ffn_mechanism,dense_121m,moe_220m,79.5366226186051,77.18637165625238,-2.3502509623527175,True
test_perplexity,quality,lower_is_better,50m,6173,moe_vs_dense,sparse_ffn_mechanism,dense_121m,moe_220m,79.16715463847157,77.42659620689969,-1.740558431571884,True
test_perplexity,quality,lower_is_better,50m,8191,moe_vs_dense,sparse_ffn_mechanism,dense_121m,moe_220m,79.9883671269985,78.6475580056442,-1.3408091213542974,True
test_perplexity,quality,lower_is_better,50m,10007,moe_vs_dense,sparse_ffn_mechanism,dense_121m,moe_220m,80.24275071344456,77.80098734205727,-2.441763371387296,True
test_perplexity,quality,lower_is_better,50m,11213,moe_vs_dense,sparse_ffn_mechanism,dense_121m,moe_220m,80.02467475024332,77.25742814049774,-2.767246609745584,True
test_perplexity,quality,lower_is_better,50m,12721,moe_vs_dense,sparse_ffn_mechanism,dense_121m,moe_220m,79.61675341246294,76.53269234139223,-3.084061071070707,True
test_perplexity,quality,lower_is_better,50m,1337,mla_moe_vs_dense,composition_supporting,dense_121m,mla_moe_220m,78.93154338588741,80.11352820288145,1.1819848169940457,False
test_perplexity,quality,lower_is_better,50m,2027,mla_moe_vs_dense,composition_supporting,dense_121m,mla_moe_220m,80.17185959830223,81.37793139079918,1.2060717924969424,False
test_perplexity,quality,lower_is_better,50m,31415,mla_moe_vs_dense,composition_supporting,dense_121m,mla_moe_220m,80.56755626328285,82.3896400169401,1.8220837536572532,False
test_perplexity,quality,lower_is_better,50m,4441,mla_moe_vs_dense,composition_supporting,dense_121m,mla_moe_220m,79.29099556724304,80.41368624594253,1.1226906786994846,False
test_perplexity,quality,lower_is_better,50m,5501,mla_moe_vs_dense,composition_supporting,dense_121m,mla_moe_220m,79.5366226186051,81.07595576318053,1.539333144575437,False
test_perplexity,quality,lower_is_better,50m,6173,mla_moe_vs_dense,composition_supporting,dense_121m,mla_moe_220m,79.16715463847157,81.11236099777365,1.9452063593020767,False
test_perplexity,quality,lower_is_better,50m,8191,mla_moe_vs_dense,composition_supporting,dense_121m,mla_moe_220m,79.9883671269985,81.16183208016935,1.1734649531708499,False
test_perplexity,quality,lower_is_better,50m,10007,mla_moe_vs_dense,composition_supporting,dense_121m,mla_moe_220m,80.24275071344456,81.55515132515151,1.3124006117069484,False
test_perplexity,quality,lower_is_better,50m,11213,mla_moe_vs_dense,composition_supporting,dense_121m,mla_moe_220m,80.02467475024332,81.41524477081644,1.3905700205731222,False
test_perplexity,quality,lower_is_better,50m,12721,mla_moe_vs_dense,composition_supporting,dense_121m,mla_moe_220m,79.61675341246294,81.13711694926133,1.520363536798385,False
test_perplexity,quality,lower_is_better,50m,1337,mla_moe_vs_mla,composition_mechanism,mla_121m,mla_moe_220m,83.02090178619319,80.11352820288145,-2.9073735833117382,True
test_perplexity,quality,lower_is_better,50m,2027,mla_moe_vs_mla,composition_mechanism,mla_121m,mla_moe_220m,83.51064212744136,81.37793139079918,-2.1327107366421814,True
test_perplexity,quality,lower_is_better,50m,31415,mla_moe_vs_mla,composition_mechanism,mla_121m,mla_moe_220m,84.75541092124946,82.3896400169401,-2.3657709043093575,True
test_perplexity,quality,lower_is_better,50m,4441,mla_moe_vs_mla,composition_mechanism,mla_121m,mla_moe_220m,82.75777233718986,80.41368624594253,-2.344086091247334,True
test_perplexity,quality,lower_is_better,50m,5501,mla_moe_vs_mla,composition_mechanism,mla_121m,mla_moe_220m,83.3116589997002,81.07595576318053,-2.2357032365196687,True
test_perplexity,quality,lower_is_better,50m,6173,mla_moe_vs_mla,composition_mechanism,mla_121m,mla_moe_220m,85.23336204662665,81.11236099777365,-4.121001048853003,True
test_perplexity,quality,lower_is_better,50m,8191,mla_moe_vs_mla,composition_mechanism,mla_121m,mla_moe_220m,84.59163590353941,81.16183208016935,-3.429803823370065,True
test_perplexity,quality,lower_is_better,50m,10007,mla_moe_vs_mla,composition_mechanism,mla_121m,mla_moe_220m,84.38268503683595,81.55515132515151,-2.8275337116844383,True
test_perplexity,quality,lower_is_better,50m,11213,mla_moe_vs_mla,composition_mechanism,mla_121m,mla_moe_220m,82.80075088208967,81.41524477081644,-1.38550611127323,True
test_perplexity,quality,lower_is_better,50m,12721,mla_moe_vs_mla,composition_mechanism,mla_121m,mla_moe_220m,83.28886668897319,81.13711694926133,-2.1517497397118603,True
test_perplexity,quality,lower_is_better,50m,1337,mla_moe_vs_moe,composition_mechanism,moe_220m,mla_moe_220m,77.6295846338609,80.11352820288145,2.4839435690205534,False
test_perplexity,quality,lower_is_better,50m,2027,mla_moe_vs_moe,composition_mechanism,moe_220m,mla_moe_220m,77.54882557143539,81.37793139079918,3.8291058193637895,False
test_perplexity,quality,lower_is_better,50m,31415,mla_moe_vs_moe,composition_mechanism,moe_220m,mla_moe_220m,78.47619733048603,82.3896400169401,3.9134426864540757,False
test_perplexity,quality,lower_is_better,50m,4441,mla_moe_vs_moe,composition_mechanism,moe_220m,mla_moe_220m,77.73121151497125,80.41368624594253,2.682474730971279,False
test_perplexity,quality,lower_is_better,50m,5501,mla_moe_vs_moe,composition_mechanism,moe_220m,mla_moe_220m,77.18637165625238,81.07595576318053,3.8895841069281545,False
test_perplexity,quality,lower_is_better,50m,6173,mla_moe_vs_moe,composition_mechanism,moe_220m,mla_moe_220m,77.42659620689969,81.11236099777365,3.685764790873961,False
test_perplexity,quality,lower_is_better,50m,8191,mla_moe_vs_moe,composition_mechanism,moe_220m,mla_moe_220m,78.6475580056442,81.16183208016935,2.5142740745251473,False
test_perplexity,quality,lower_is_better,50m,10007,mla_moe_vs_moe,composition_mechanism,moe_220m,mla_moe_220m,77.80098734205727,81.55515132515151,3.7541639830942444,False
test_perplexity,quality,lower_is_better,50m,11213,mla_moe_vs_moe,composition_mechanism,moe_220m,mla_moe_220m,77.25742814049774,81.41524477081644,4.157816630318706,False
test_perplexity,quality,lower_is_better,50m,12721,mla_moe_vs_moe,composition_mechanism,moe_220m,mla_moe_220m,76.53269234139223,81.13711694926133,4.604424607869092,False
test_perplexity,quality,lower_is_better,50m,1337,v3_routing_vs_moe,routing_mechanism,moe_220m,v3_routing_220m,77.6295846338609,77.04754071254696,-0.5820439213139394,True
test_perplexity,quality,lower_is_better,50m,2027,v3_routing_vs_moe,routing_mechanism,moe_220m,v3_routing_220m,77.54882557143539,78.05375095170224,0.5049253802668545,False
test_perplexity,quality,lower_is_better,50m,31415,v3_routing_vs_moe,routing_mechanism,moe_220m,v3_routing_220m,78.47619733048603,78.70102244397309,0.22482511348705714,False
test_perplexity,quality,lower_is_better,50m,4441,v3_routing_vs_moe,routing_mechanism,moe_220m,v3_routing_220m,77.73121151497125,77.51903946756433,-0.21217204740692353,True
test_perplexity,quality,lower_is_better,50m,5501,v3_routing_vs_moe,routing_mechanism,moe_220m,v3_routing_220m,77.18637165625238,78.2491363531827,1.06276469693033,False
test_perplexity,quality,lower_is_better,50m,6173,v3_routing_vs_moe,routing_mechanism,moe_220m,v3_routing_220m,77.42659620689969,77.97349314756833,0.5468969406686455,False
test_perplexity,quality,lower_is_better,50m,8191,v3_routing_vs_moe,routing_mechanism,moe_220m,v3_routing_220m,78.6475580056442,78.3484353018768,-0.29912270376739514,True
test_perplexity,quality,lower_is_better,50m,10007,v3_routing_vs_moe,routing_mechanism,moe_220m,v3_routing_220m,77.80098734205727,77.94004553842453,0.1390581963672588,False
test_perplexity,quality,lower_is_better,50m,11213,v3_routing_vs_moe,routing_mechanism,moe_220m,v3_routing_220m,77.25742814049774,77.83228650898847,0.5748583684907373,False
test_perplexity,quality,lower_is_better,50m,12721,v3_routing_vs_moe,routing_mechanism,moe_220m,v3_routing_220m,76.53269234139223,76.89838461291602,0.36569227152378403,False
test_perplexity,quality,lower_is_better,50m,1337,mtp_vs_dense,objective_mechanism,dense_121m,mtp_121m,78.93154338588741,78.18160599049632,-0.7499373953910862,True
test_perplexity,quality,lower_is_better,50m,2027,mtp_vs_dense,objective_mechanism,dense_121m,mtp_121m,80.17185959830223,79.34357832081866,-0.8282812774835691,True
test_perplexity,quality,lower_is_better,50m,31415,mtp_vs_dense,objective_mechanism,dense_121m,mtp_121m,80.56755626328285,78.76384708312818,-1.8037091801546694,True
test_perplexity,quality,lower_is_better,50m,4441,mtp_vs_dense,objective_mechanism,dense_121m,mtp_121m,79.29099556724304,78.99283781187754,-0.2981577553655086,True
test_perplexity,quality,lower_is_better,50m,5501,mtp_vs_dense,objective_mechanism,dense_121m,mtp_121m,79.5366226186051,80.18301041214073,0.6463877935356379,False
test_perplexity,quality,lower_is_better,50m,6173,mtp_vs_dense,objective_mechanism,dense_121m,mtp_121m,79.16715463847157,78.22952813249975,-0.9376265059718207,True
test_perplexity,quality,lower_is_better,50m,8191,mtp_vs_dense,objective_mechanism,dense_121m,mtp_121m,79.9883671269985,77.9788226194358,-2.009544507562694,True
test_perplexity,quality,lower_is_better,50m,10007,mtp_vs_dense,objective_mechanism,dense_121m,mtp_121m,80.24275071344456,77.596274372935,-2.6464763405095653,True
test_perplexity,quality,lower_is_better,50m,11213,mtp_vs_dense,objective_mechanism,dense_121m,mtp_121m,80.02467475024332,78.20284629933195,-1.8218284509113687,True
test_perplexity,quality,lower_is_better,50m,12721,mtp_vs_dense,objective_mechanism,dense_121m,mtp_121m,79.61675341246294,78.27525190143722,-1.3415015110257258,True
train_loss,optimization,lower_is_better,10m,1337,mla_vs_dense,attention_mechanism,dense_121m,mla_121m,5.131129741668701,5.2342610359191895,0.10313129425048828,False
train_loss,optimization,lower_is_better,10m,2027,mla_vs_dense,attention_mechanism,dense_121m,mla_121m,4.760186672210693,4.772636413574219,0.01244974136352539,False
train_loss,optimization,lower_is_better,10m,31415,mla_vs_dense,attention_mechanism,dense_121m,mla_121m,5.212094783782959,5.218181610107422,0.006086826324462891,False
train_loss,optimization,lower_is_better,10m,4441,mla_vs_dense,attention_mechanism,dense_121m,mla_121m,4.876645565032959,4.8786725997924805,0.0020270347595214844,False
train_loss,optimization,lower_is_better,10m,5501,mla_vs_dense,attention_mechanism,dense_121m,mla_121m,5.071008682250977,5.082636833190918,0.011628150939941406,False
train_loss,optimization,lower_is_better,10m,6173,mla_vs_dense,attention_mechanism,dense_121m,mla_121m,5.1982421875,5.314332008361816,0.1160898208618164,False
train_loss,optimization,lower_is_better,10m,8191,mla_vs_dense,attention_mechanism,dense_121m,mla_121m,5.116351127624512,5.150837421417236,0.03448629379272461,False
train_loss,optimization,lower_is_better,10m,10007,mla_vs_dense,attention_mechanism,dense_121m,mla_121m,4.893977642059326,4.875804424285889,-0.0181732177734375,True
train_loss,optimization,lower_is_better,10m,11213,mla_vs_dense,attention_mechanism,dense_121m,mla_121m,5.063938140869141,4.994078159332275,-0.06985998153686523,True
train_loss,optimization,lower_is_better,10m,12721,mla_vs_dense,attention_mechanism,dense_121m,mla_121m,4.878689765930176,4.919567108154297,0.040877342224121094,False
train_loss,optimization,lower_is_better,10m,1337,moe_vs_dense,sparse_ffn_mechanism,dense_121m,moe_220m,5.131129741668701,5.246084690093994,0.11495494842529297,False
train_loss,optimization,lower_is_better,10m,2027,moe_vs_dense,sparse_ffn_mechanism,dense_121m,moe_220m,4.760186672210693,4.788061618804932,0.02787494659423828,False
train_loss,optimization,lower_is_better,10m,31415,moe_vs_dense,sparse_ffn_mechanism,dense_121m,moe_220m,5.212094783782959,5.240318298339844,0.028223514556884766,False
train_loss,optimization,lower_is_better,10m,4441,moe_vs_dense,sparse_ffn_mechanism,dense_121m,moe_220m,4.876645565032959,4.973782062530518,0.0971364974975586,False
train_loss,optimization,lower_is_better,10m,5501,moe_vs_dense,sparse_ffn_mechanism,dense_121m,moe_220m,5.071008682250977,5.094444274902344,0.023435592651367188,False
train_loss,optimization,lower_is_better,10m,6173,moe_vs_dense,sparse_ffn_mechanism,dense_121m,moe_220m,5.1982421875,5.264789581298828,0.06654739379882812,False
train_loss,optimization,lower_is_better,10m,8191,moe_vs_dense,sparse_ffn_mechanism,dense_121m,moe_220m,5.116351127624512,5.192539691925049,0.07618856430053711,False
train_loss,optimization,lower_is_better,10m,10007,moe_vs_dense,sparse_ffn_mechanism,dense_121m,moe_220m,4.893977642059326,4.933835029602051,0.03985738754272461,False
train_loss,optimization,lower_is_better,10m,11213,moe_vs_dense,sparse_ffn_mechanism,dense_121m,moe_220m,5.063938140869141,5.139350891113281,0.07541275024414062,False
train_loss,optimization,lower_is_better,10m,12721,moe_vs_dense,sparse_ffn_mechanism,dense_121m,moe_220m,4.878689765930176,4.912929058074951,0.03423929214477539,False
train_loss,optimization,lower_is_better,10m,1337,mla_moe_vs_dense,composition_supporting,dense_121m,mla_moe_220m,5.131129741668701,5.237266540527344,0.10613679885864258,False
train_loss,optimization,lower_is_better,10m,2027,mla_moe_vs_dense,composition_supporting,dense_121m,mla_moe_220m,4.760186672210693,4.86407470703125,0.10388803482055664,False
train_loss,optimization,lower_is_better,10m,31415,mla_moe_vs_dense,composition_supporting,dense_121m,mla_moe_220m,5.212094783782959,5.303387641906738,0.0912928581237793,False
train_loss,optimization,lower_is_better,10m,4441,mla_moe_vs_dense,composition_supporting,dense_121m,mla_moe_220m,4.876645565032959,5.002380847930908,0.12573528289794922,False
train_loss,optimization,lower_is_better,10m,5501,mla_moe_vs_dense,composition_supporting,dense_121m,mla_moe_220m,5.071008682250977,5.192797660827637,0.12178897857666016,False
train_loss,optimization,lower_is_better,10m,6173,mla_moe_vs_dense,composition_supporting,dense_121m,mla_moe_220m,5.1982421875,5.289275646209717,0.0910334587097168,False
train_loss,optimization,lower_is_better,10m,8191,mla_moe_vs_dense,composition_supporting,dense_121m,mla_moe_220m,5.116351127624512,5.194093704223633,0.0777425765991211,False
train_loss,optimization,lower_is_better,10m,10007,mla_moe_vs_dense,composition_supporting,dense_121m,mla_moe_220m,4.893977642059326,4.980559825897217,0.08658218383789062,False
train_loss,optimization,lower_is_better,10m,11213,mla_moe_vs_dense,composition_supporting,dense_121m,mla_moe_220m,5.063938140869141,5.188798427581787,0.12486028671264648,False
train_loss,optimization,lower_is_better,10m,12721,mla_moe_vs_dense,composition_supporting,dense_121m,mla_moe_220m,4.878689765930176,4.998330593109131,0.11964082717895508,False
train_loss,optimization,lower_is_better,10m,1337,mla_moe_vs_mla,composition_mechanism,mla_121m,mla_moe_220m,5.2342610359191895,5.237266540527344,0.003005504608154297,False
train_loss,optimization,lower_is_better,10m,2027,mla_moe_vs_mla,composition_mechanism,mla_121m,mla_moe_220m,4.772636413574219,4.86407470703125,0.09143829345703125,False
train_loss,optimization,lower_is_better,10m,31415,mla_moe_vs_mla,composition_mechanism,mla_121m,mla_moe_220m,5.218181610107422,5.303387641906738,0.0852060317993164,False
train_loss,optimization,lower_is_better,10m,4441,mla_moe_vs_mla,composition_mechanism,mla_121m,mla_moe_220m,4.8786725997924805,5.002380847930908,0.12370824813842773,False
train_loss,optimization,lower_is_better,10m,5501,mla_moe_vs_mla,composition_mechanism,mla_121m,mla_moe_220m,5.082636833190918,5.192797660827637,0.11016082763671875,False
train_loss,optimization,lower_is_better,10m,6173,mla_moe_vs_mla,composition_mechanism,mla_121m,mla_moe_220m,5.314332008361816,5.289275646209717,-0.02505636215209961,True
train_loss,optimization,lower_is_better,10m,8191,mla_moe_vs_mla,composition_mechanism,mla_121m,mla_moe_220m,5.150837421417236,5.194093704223633,0.043256282806396484,False
train_loss,optimization,lower_is_better,10m,10007,mla_moe_vs_mla,composition_mechanism,mla_121m,mla_moe_220m,4.875804424285889,4.980559825897217,0.10475540161132812,False
train_loss,optimization,lower_is_better,10m,11213,mla_moe_vs_mla,composition_mechanism,mla_121m,mla_moe_220m,4.994078159332275,5.188798427581787,0.19472026824951172,False
train_loss,optimization,lower_is_better,10m,12721,mla_moe_vs_mla,composition_mechanism,mla_121m,mla_moe_220m,4.919567108154297,4.998330593109131,0.07876348495483398,False
train_loss,optimization,lower_is_better,10m,1337,mla_moe_vs_moe,composition_mechanism,moe_220m,mla_moe_220m,5.246084690093994,5.237266540527344,-0.00881814956665039,True
train_loss,optimization,lower_is_better,10m,2027,mla_moe_vs_moe,composition_mechanism,moe_220m,mla_moe_220m,4.788061618804932,4.86407470703125,0.07601308822631836,False
train_loss,optimization,lower_is_better,10m,31415,mla_moe_vs_moe,composition_mechanism,moe_220m,mla_moe_220m,5.240318298339844,5.303387641906738,0.06306934356689453,False
train_loss,optimization,lower_is_better,10m,4441,mla_moe_vs_moe,composition_mechanism,moe_220m,mla_moe_220m,4.973782062530518,5.002380847930908,0.028598785400390625,False
train_loss,optimization,lower_is_better,10m,5501,mla_moe_vs_moe,composition_mechanism,moe_220m,mla_moe_220m,5.094444274902344,5.192797660827637,0.09835338592529297,False
train_loss,optimization,lower_is_better,10m,6173,mla_moe_vs_moe,composition_mechanism,moe_220m,mla_moe_220m,5.264789581298828,5.289275646209717,0.024486064910888672,False
train_loss,optimization,lower_is_better,10m,8191,mla_moe_vs_moe,composition_mechanism,moe_220m,mla_moe_220m,5.192539691925049,5.194093704223633,0.0015540122985839844,False
train_loss,optimization,lower_is_better,10m,10007,mla_moe_vs_moe,composition_mechanism,moe_220m,mla_moe_220m,4.933835029602051,4.980559825897217,0.046724796295166016,False
train_loss,optimization,lower_is_better,10m,11213,mla_moe_vs_moe,composition_mechanism,moe_220m,mla_moe_220m,5.139350891113281,5.188798427581787,0.04944753646850586,False
train_loss,optimization,lower_is_better,10m,12721,mla_moe_vs_moe,composition_mechanism,moe_220m,mla_moe_220m,4.912929058074951,4.998330593109131,0.08540153503417969,False
train_loss,optimization,lower_is_better,10m,1337,v3_routing_vs_moe,routing_mechanism,moe_220m,v3_routing_220m,5.246084690093994,5.046967029571533,-0.19911766052246094,True
train_loss,optimization,lower_is_better,10m,2027,v3_routing_vs_moe,routing_mechanism,moe_220m,v3_routing_220m,4.788061618804932,4.6898980140686035,-0.09816360473632812,True
train_loss,optimization,lower_is_better,10m,31415,v3_routing_vs_moe,routing_mechanism,moe_220m,v3_routing_220m,5.240318298339844,5.142045021057129,-0.09827327728271484,True
train_loss,optimization,lower_is_better,10m,4441,v3_routing_vs_moe,routing_mechanism,moe_220m,v3_routing_220m,4.973782062530518,4.853201389312744,-0.12058067321777344,True
train_loss,optimization,lower_is_better,10m,5501,v3_routing_vs_moe,routing_mechanism,moe_220m,v3_routing_220m,5.094444274902344,5.004938125610352,-0.08950614929199219,True
train_loss,optimization,lower_is_better,10m,6173,v3_routing_vs_moe,routing_mechanism,moe_220m,v3_routing_220m,5.264789581298828,5.193730354309082,-0.0710592269897461,True
train_loss,optimization,lower_is_better,10m,8191,v3_routing_vs_moe,routing_mechanism,moe_220m,v3_routing_220m,5.192539691925049,5.064820289611816,-0.12771940231323242,True
train_loss,optimization,lower_is_better,10m,10007,v3_routing_vs_moe,routing_mechanism,moe_220m,v3_routing_220m,4.933835029602051,4.828364372253418,-0.10547065734863281,True
train_loss,optimization,lower_is_better,10m,11213,v3_routing_vs_moe,routing_mechanism,moe_220m,v3_routing_220m,5.139350891113281,4.988927364349365,-0.15042352676391602,True
train_loss,optimization,lower_is_better,10m,12721,v3_routing_vs_moe,routing_mechanism,moe_220m,v3_routing_220m,4.912929058074951,4.8082098960876465,-0.10471916198730469,True
train_loss,optimization,lower_is_better,10m,1337,mtp_vs_dense,objective_mechanism,dense_121m,mtp_121m,5.131129741668701,7.216582298278809,2.0854525566101074,False
train_loss,optimization,lower_is_better,10m,2027,mtp_vs_dense,objective_mechanism,dense_121m,mtp_121m,4.760186672210693,6.699011325836182,1.9388246536254883,False
train_loss,optimization,lower_is_better,10m,31415,mtp_vs_dense,objective_mechanism,dense_121m,mtp_121m,5.212094783782959,7.26869010925293,2.0565953254699707,False
train_loss,optimization,lower_is_better,10m,4441,mtp_vs_dense,objective_mechanism,dense_121m,mtp_121m,4.876645565032959,6.976700305938721,2.1000547409057617,False
train_loss,optimization,lower_is_better,10m,5501,mtp_vs_dense,objective_mechanism,dense_121m,mtp_121m,5.071008682250977,7.037286758422852,1.966278076171875,False
train_loss,optimization,lower_is_better,10m,6173,mtp_vs_dense,objective_mechanism,dense_121m,mtp_121m,5.1982421875,7.177035808563232,1.9787936210632324,False
train_loss,optimization,lower_is_better,10m,8191,mtp_vs_dense,objective_mechanism,dense_121m,mtp_121m,5.116351127624512,7.15482759475708,2.0384764671325684,False
train_loss,optimization,lower_is_better,10m,10007,mtp_vs_dense,objective_mechanism,dense_121m,mtp_121m,4.893977642059326,6.896725654602051,2.0027480125427246,False
train_loss,optimization,lower_is_better,10m,11213,mtp_vs_dense,objective_mechanism,dense_121m,mtp_121m,5.063938140869141,7.0538787841796875,1.9899406433105469,False
train_loss,optimization,lower_is_better,10m,12721,mtp_vs_dense,objective_mechanism,dense_121m,mtp_121m,4.878689765930176,6.7648186683654785,1.8861289024353027,False
train_loss,optimization,lower_is_better,25m,1337,mla_vs_dense,attention_mechanism,dense_121m,mla_121m,4.54842472076416,4.564611434936523,0.01618671417236328,False
train_loss,optimization,lower_is_better,25m,2027,mla_vs_dense,attention_mechanism,dense_121m,mla_121m,4.502302169799805,4.570327281951904,0.06802511215209961,False
train_loss,optimization,lower_is_better,25m,31415,mla_vs_dense,attention_mechanism,dense_121m,mla_121m,4.571917533874512,4.653117656707764,0.08120012283325195,False
train_loss,optimization,lower_is_better,25m,4441,mla_vs_dense,attention_mechanism,dense_121m,mla_121m,4.727557182312012,4.808928966522217,0.08137178421020508,False
train_loss,optimization,lower_is_better,25m,5501,mla_vs_dense,attention_mechanism,dense_121m,mla_121m,4.355335712432861,4.399806022644043,0.04447031021118164,False
train_loss,optimization,lower_is_better,25m,6173,mla_vs_dense,attention_mechanism,dense_121m,mla_121m,4.319053649902344,4.450374126434326,0.13132047653198242,False
train_loss,optimization,lower_is_better,25m,8191,mla_vs_dense,attention_mechanism,dense_121m,mla_121m,4.912210464477539,4.953968048095703,0.04175758361816406,False
train_loss,optimization,lower_is_better,25m,10007,mla_vs_dense,attention_mechanism,dense_121m,mla_121m,4.784292221069336,4.814696311950684,0.030404090881347656,False
train_loss,optimization,lower_is_better,25m,11213,mla_vs_dense,attention_mechanism,dense_121m,mla_121m,4.661306381225586,4.727997303009033,0.06669092178344727,False
train_loss,optimization,lower_is_better,25m,12721,mla_vs_dense,attention_mechanism,dense_121m,mla_121m,4.808291912078857,4.829187393188477,0.02089548110961914,False
train_loss,optimization,lower_is_better,25m,1337,moe_vs_dense,sparse_ffn_mechanism,dense_121m,moe_220m,4.54842472076416,4.683833122253418,0.1354084014892578,False
train_loss,optimization,lower_is_better,25m,2027,moe_vs_dense,sparse_ffn_mechanism,dense_121m,moe_220m,4.502302169799805,4.646134376525879,0.14383220672607422,False
train_loss,optimization,lower_is_better,25m,31415,moe_vs_dense,sparse_ffn_mechanism,dense_121m,moe_220m,4.571917533874512,4.722128391265869,0.15021085739135742,False
train_loss,optimization,lower_is_better,25m,4441,moe_vs_dense,sparse_ffn_mechanism,dense_121m,moe_220m,4.727557182312012,4.8504862785339355,0.12292909622192383,False
train_loss,optimization,lower_is_better,25m,5501,moe_vs_dense,sparse_ffn_mechanism,dense_121m,moe_220m,4.355335712432861,4.470824718475342,0.11548900604248047,False
train_loss,optimization,lower_is_better,25m,6173,moe_vs_dense,sparse_ffn_mechanism,dense_121m,moe_220m,4.319053649902344,4.457578182220459,0.13852453231811523,False
train_loss,optimization,lower_is_better,25m,8191,moe_vs_dense,sparse_ffn_mechanism,dense_121m,moe_220m,4.912210464477539,5.04425048828125,0.13204002380371094,False
train_loss,optimization,lower_is_better,25m,10007,moe_vs_dense,sparse_ffn_mechanism,dense_121m,moe_220m,4.784292221069336,4.9000983238220215,0.11580610275268555,False
train_loss,optimization,lower_is_better,25m,11213,moe_vs_dense,sparse_ffn_mechanism,dense_121m,moe_220m,4.661306381225586,4.788980960845947,0.12767457962036133,False
train_loss,optimization,lower_is_better,25m,12721,moe_vs_dense,sparse_ffn_mechanism,dense_121m,moe_220m,4.808291912078857,4.883914947509766,0.0756230354309082,False
train_loss,optimization,lower_is_better,25m,1337,mla_moe_vs_dense,composition_supporting,dense_121m,mla_moe_220m,4.54842472076416,4.650742530822754,0.10231781005859375,False
train_loss,optimization,lower_is_better,25m,2027,mla_moe_vs_dense,composition_supporting,dense_121m,mla_moe_220m,4.502302169799805,4.700523853302002,0.19822168350219727,False
train_loss,optimization,lower_is_better,25m,31415,mla_moe_vs_dense,composition_supporting,dense_121m,mla_moe_220m,4.571917533874512,4.782835960388184,0.21091842651367188,False
train_loss,optimization,lower_is_better,25m,4441,mla_moe_vs_dense,composition_supporting,dense_121m,mla_moe_220m,4.727557182312012,4.8613362312316895,0.13377904891967773,False
train_loss,optimization,lower_is_better,25m,5501,mla_moe_vs_dense,composition_supporting,dense_121m,mla_moe_220m,4.355335712432861,4.516546726226807,0.1612110137939453,False
train_loss,optimization,lower_is_better,25m,6173,mla_moe_vs_dense,composition_supporting,dense_121m,mla_moe_220m,4.319053649902344,4.461749076843262,0.14269542694091797,False
train_loss,optimization,lower_is_better,25m,8191,mla_moe_vs_dense,composition_supporting,dense_121m,mla_moe_220m,4.912210464477539,5.060979843139648,0.14876937866210938,False
train_loss,optimization,lower_is_better,25m,10007,mla_moe_vs_dense,composition_supporting,dense_121m,mla_moe_220m,4.784292221069336,4.908543109893799,0.12425088882446289,False
train_loss,optimization,lower_is_better,25m,11213,mla_moe_vs_dense,composition_supporting,dense_121m,mla_moe_220m,4.661306381225586,4.820135593414307,0.1588292121887207,False
train_loss,optimization,lower_is_better,25m,12721,mla_moe_vs_dense,composition_supporting,dense_121m,mla_moe_220m,4.808291912078857,5.000805854797363,0.19251394271850586,False
train_loss,optimization,lower_is_better,25m,1337,mla_moe_vs_mla,composition_mechanism,mla_121m,mla_moe_220m,4.564611434936523,4.650742530822754,0.08613109588623047,False
train_loss,optimization,lower_is_better,25m,2027,mla_moe_vs_mla,composition_mechanism,mla_121m,mla_moe_220m,4.570327281951904,4.700523853302002,0.13019657135009766,False
train_loss,optimization,lower_is_better,25m,31415,mla_moe_vs_mla,composition_mechanism,mla_121m,mla_moe_220m,4.653117656707764,4.782835960388184,0.12971830368041992,False
train_loss,optimization,lower_is_better,25m,4441,mla_moe_vs_mla,composition_mechanism,mla_121m,mla_moe_220m,4.808928966522217,4.8613362312316895,0.052407264709472656,False
train_loss,optimization,lower_is_better,25m,5501,mla_moe_vs_mla,composition_mechanism,mla_121m,mla_moe_220m,4.399806022644043,4.516546726226807,0.11674070358276367,False
train_loss,optimization,lower_is_better,25m,6173,mla_moe_vs_mla,composition_mechanism,mla_121m,mla_moe_220m,4.450374126434326,4.461749076843262,0.011374950408935547,False
train_loss,optimization,lower_is_better,25m,8191,mla_moe_vs_mla,composition_mechanism,mla_121m,mla_moe_220m,4.953968048095703,5.060979843139648,0.10701179504394531,False
train_loss,optimization,lower_is_better,25m,10007,mla_moe_vs_mla,composition_mechanism,mla_121m,mla_moe_220m,4.814696311950684,4.908543109893799,0.09384679794311523,False
train_loss,optimization,lower_is_better,25m,11213,mla_moe_vs_mla,composition_mechanism,mla_121m,mla_moe_220m,4.727997303009033,4.820135593414307,0.09213829040527344,False
train_loss,optimization,lower_is_better,25m,12721,mla_moe_vs_mla,composition_mechanism,mla_121m,mla_moe_220m,4.829187393188477,5.000805854797363,0.17161846160888672,False
train_loss,optimization,lower_is_better,25m,1337,mla_moe_vs_moe,composition_mechanism,moe_220m,mla_moe_220m,4.683833122253418,4.650742530822754,-0.03309059143066406,True
train_loss,optimization,lower_is_better,25m,2027,mla_moe_vs_moe,composition_mechanism,moe_220m,mla_moe_220m,4.646134376525879,4.700523853302002,0.05438947677612305,False
train_loss,optimization,lower_is_better,25m,31415,mla_moe_vs_moe,composition_mechanism,moe_220m,mla_moe_220m,4.722128391265869,4.782835960388184,0.06070756912231445,False
train_loss,optimization,lower_is_better,25m,4441,mla_moe_vs_moe,composition_mechanism,moe_220m,mla_moe_220m,4.8504862785339355,4.8613362312316895,0.010849952697753906,False
train_loss,optimization,lower_is_better,25m,5501,mla_moe_vs_moe,composition_mechanism,moe_220m,mla_moe_220m,4.470824718475342,4.516546726226807,0.045722007751464844,False
train_loss,optimization,lower_is_better,25m,6173,mla_moe_vs_moe,composition_mechanism,moe_220m,mla_moe_220m,4.457578182220459,4.461749076843262,0.004170894622802734,False
train_loss,optimization,lower_is_better,25m,8191,mla_moe_vs_moe,composition_mechanism,moe_220m,mla_moe_220m,5.04425048828125,5.060979843139648,0.016729354858398438,False
train_loss,optimization,lower_is_better,25m,10007,mla_moe_vs_moe,composition_mechanism,moe_220m,mla_moe_220m,4.9000983238220215,4.908543109893799,0.008444786071777344,False
train_loss,optimization,lower_is_better,25m,11213,mla_moe_vs_moe,composition_mechanism,moe_220m,mla_moe_220m,4.788980960845947,4.820135593414307,0.031154632568359375,False
train_loss,optimization,lower_is_better,25m,12721,mla_moe_vs_moe,composition_mechanism,moe_220m,mla_moe_220m,4.883914947509766,5.000805854797363,0.11689090728759766,False
train_loss,optimization,lower_is_better,25m,1337,v3_routing_vs_moe,routing_mechanism,moe_220m,v3_routing_220m,4.683833122253418,4.493775367736816,-0.19005775451660156,True
train_loss,optimization,lower_is_better,25m,2027,v3_routing_vs_moe,routing_mechanism,moe_220m,v3_routing_220m,4.646134376525879,4.524990081787109,-0.12114429473876953,True
train_loss,optimization,lower_is_better,25m,31415,v3_routing_vs_moe,routing_mechanism,moe_220m,v3_routing_220m,4.722128391265869,4.587863922119141,-0.13426446914672852,True
train_loss,optimization,lower_is_better,25m,4441,v3_routing_vs_moe,routing_mechanism,moe_220m,v3_routing_220m,4.8504862785339355,4.7649922370910645,-0.0854940414428711,True
train_loss,optimization,lower_is_better,25m,5501,v3_routing_vs_moe,routing_mechanism,moe_220m,v3_routing_220m,4.470824718475342,4.3347015380859375,-0.1361231803894043,True
train_loss,optimization,lower_is_better,25m,6173,v3_routing_vs_moe,routing_mechanism,moe_220m,v3_routing_220m,4.457578182220459,4.326218128204346,-0.13136005401611328,True
train_loss,optimization,lower_is_better,25m,8191,v3_routing_vs_moe,routing_mechanism,moe_220m,v3_routing_220m,5.04425048828125,4.852590560913086,-0.19165992736816406,True
train_loss,optimization,lower_is_better,25m,10007,v3_routing_vs_moe,routing_mechanism,moe_220m,v3_routing_220m,4.9000983238220215,4.759875774383545,-0.14022254943847656,True
train_loss,optimization,lower_is_better,25m,11213,v3_routing_vs_moe,routing_mechanism,moe_220m,v3_routing_220m,4.788980960845947,4.628793716430664,-0.1601872444152832,True
train_loss,optimization,lower_is_better,25m,12721,v3_routing_vs_moe,routing_mechanism,moe_220m,v3_routing_220m,4.883914947509766,4.753916263580322,-0.12999868392944336,True
train_loss,optimization,lower_is_better,25m,1337,mtp_vs_dense,objective_mechanism,dense_121m,mtp_121m,4.54842472076416,6.459316253662109,1.9108915328979492,False
train_loss,optimization,lower_is_better,25m,2027,mtp_vs_dense,objective_mechanism,dense_121m,mtp_121m,4.502302169799805,6.52070426940918,2.018402099609375,False
train_loss,optimization,lower_is_better,25m,31415,mtp_vs_dense,objective_mechanism,dense_121m,mtp_121m,4.571917533874512,6.575118064880371,2.0032005310058594,False
train_loss,optimization,lower_is_better,25m,4441,mtp_vs_dense,objective_mechanism,dense_121m,mtp_121m,4.727557182312012,6.779006004333496,2.0514488220214844,False
train_loss,optimization,lower_is_better,25m,5501,mtp_vs_dense,objective_mechanism,dense_121m,mtp_121m,4.355335712432861,6.338687419891357,1.983351707458496,False
train_loss,optimization,lower_is_better,25m,6173,mtp_vs_dense,objective_mechanism,dense_121m,mtp_121m,4.319053649902344,6.243891716003418,1.9248380661010742,False
train_loss,optimization,lower_is_better,25m,8191,mtp_vs_dense,objective_mechanism,dense_121m,mtp_121m,4.912210464477539,6.882096290588379,1.9698858261108398,False
train_loss,optimization,lower_is_better,25m,10007,mtp_vs_dense,objective_mechanism,dense_121m,mtp_121m,4.784292221069336,6.802293300628662,2.018001079559326,False
train_loss,optimization,lower_is_better,25m,11213,mtp_vs_dense,objective_mechanism,dense_121m,mtp_121m,4.661306381225586,6.59986686706543,1.9385604858398438,False
train_loss,optimization,lower_is_better,25m,12721,mtp_vs_dense,objective_mechanism,dense_121m,mtp_121m,4.808291912078857,6.761941432952881,1.9536495208740234,False
train_loss,optimization,lower_is_better,50m,1337,mla_vs_dense,attention_mechanism,dense_121m,mla_121m,4.418280124664307,4.459622383117676,0.04134225845336914,False
train_loss,optimization,lower_is_better,50m,2027,mla_vs_dense,attention_mechanism,dense_121m,mla_121m,4.479681968688965,4.575899600982666,0.09621763229370117,False
train_loss,optimization,lower_is_better,50m,31415,mla_vs_dense,attention_mechanism,dense_121m,mla_121m,4.708812236785889,4.808748245239258,0.09993600845336914,False
train_loss,optimization,lower_is_better,50m,4441,mla_vs_dense,attention_mechanism,dense_121m,mla_121m,4.798694133758545,4.830804347991943,0.03211021423339844,False
train_loss,optimization,lower_is_better,50m,5501,mla_vs_dense,attention_mechanism,dense_121m,mla_121m,4.551538467407227,4.623826026916504,0.07228755950927734,False
train_loss,optimization,lower_is_better,50m,6173,mla_vs_dense,attention_mechanism,dense_121m,mla_121m,4.479151725769043,4.55820369720459,0.07905197143554688,False
train_loss,optimization,lower_is_better,50m,8191,mla_vs_dense,attention_mechanism,dense_121m,mla_121m,4.314378261566162,4.360620021820068,0.04624176025390625,False
train_loss,optimization,lower_is_better,50m,10007,mla_vs_dense,attention_mechanism,dense_121m,mla_121m,4.18446159362793,4.279387474060059,0.0949258804321289,False
train_loss,optimization,lower_is_better,50m,11213,mla_vs_dense,attention_mechanism,dense_121m,mla_121m,4.817912578582764,4.777510643005371,-0.04040193557739258,True
train_loss,optimization,lower_is_better,50m,12721,mla_vs_dense,attention_mechanism,dense_121m,mla_121m,4.652286052703857,4.69223690032959,0.03995084762573242,False
train_loss,optimization,lower_is_better,50m,1337,moe_vs_dense,sparse_ffn_mechanism,dense_121m,moe_220m,4.418280124664307,4.516412734985352,0.09813261032104492,False
train_loss,optimization,lower_is_better,50m,2027,moe_vs_dense,sparse_ffn_mechanism,dense_121m,moe_220m,4.479681968688965,4.553750514984131,0.07406854629516602,False
train_loss,optimization,lower_is_better,50m,31415,moe_vs_dense,sparse_ffn_mechanism,dense_121m,moe_220m,4.708812236785889,4.788602828979492,0.07979059219360352,False
train_loss,optimization,lower_is_better,50m,4441,moe_vs_dense,sparse_ffn_mechanism,dense_121m,moe_220m,4.798694133758545,4.901474952697754,0.10278081893920898,False
train_loss,optimization,lower_is_better,50m,5501,moe_vs_dense,sparse_ffn_mechanism,dense_121m,moe_220m,4.551538467407227,4.654541969299316,0.10300350189208984,False
train_loss,optimization,lower_is_better,50m,6173,moe_vs_dense,sparse_ffn_mechanism,dense_121m,moe_220m,4.479151725769043,4.536038875579834,0.056887149810791016,False
train_loss,optimization,lower_is_better,50m,8191,moe_vs_dense,sparse_ffn_mechanism,dense_121m,moe_220m,4.314378261566162,4.439083099365234,0.12470483779907227,False
train_loss,optimization,lower_is_better,50m,10007,moe_vs_dense,sparse_ffn_mechanism,dense_121m,moe_220m,4.18446159362793,4.270902633666992,0.0864410400390625,False
train_loss,optimization,lower_is_better,50m,11213,moe_vs_dense,sparse_ffn_mechanism,dense_121m,moe_220m,4.817912578582764,4.913909435272217,0.09599685668945312,False
train_loss,optimization,lower_is_better,50m,12721,moe_vs_dense,sparse_ffn_mechanism,dense_121m,moe_220m,4.652286052703857,4.750505447387695,0.09821939468383789,False
train_loss,optimization,lower_is_better,50m,1337,mla_moe_vs_dense,composition_supporting,dense_121m,mla_moe_220m,4.418280124664307,4.556689739227295,0.13840961456298828,False
train_loss,optimization,lower_is_better,50m,2027,mla_moe_vs_dense,composition_supporting,dense_121m,mla_moe_220m,4.479681968688965,4.600246429443359,0.12056446075439453,False
train_loss,optimization,lower_is_better,50m,31415,mla_moe_vs_dense,composition_supporting,dense_121m,mla_moe_220m,4.708812236785889,4.825784206390381,0.11697196960449219,False
train_loss,optimization,lower_is_better,50m,4441,mla_moe_vs_dense,composition_supporting,dense_121m,mla_moe_220m,4.798694133758545,4.890401840209961,0.09170770645141602,False
train_loss,optimization,lower_is_better,50m,5501,mla_moe_vs_dense,composition_supporting,dense_121m,mla_moe_220m,4.551538467407227,4.740800857543945,0.18926239013671875,False
train_loss,optimization,lower_is_better,50m,6173,mla_moe_vs_dense,composition_supporting,dense_121m,mla_moe_220m,4.479151725769043,4.633060455322266,0.15390872955322266,False
train_loss,optimization,lower_is_better,50m,8191,mla_moe_vs_dense,composition_supporting,dense_121m,mla_moe_220m,4.314378261566162,4.4322733879089355,0.11789512634277344,False
train_loss,optimization,lower_is_better,50m,10007,mla_moe_vs_dense,composition_supporting,dense_121m,mla_moe_220m,4.18446159362793,4.371596813201904,0.1871352195739746,False
train_loss,optimization,lower_is_better,50m,11213,mla_moe_vs_dense,composition_supporting,dense_121m,mla_moe_220m,4.817912578582764,4.923166275024414,0.10525369644165039,False
train_loss,optimization,lower_is_better,50m,12721,mla_moe_vs_dense,composition_supporting,dense_121m,mla_moe_220m,4.652286052703857,4.767795085906982,0.115509033203125,False
train_loss,optimization,lower_is_better,50m,1337,mla_moe_vs_mla,composition_mechanism,mla_121m,mla_moe_220m,4.459622383117676,4.556689739227295,0.09706735610961914,False
train_loss,optimization,lower_is_better,50m,2027,mla_moe_vs_mla,composition_mechanism,mla_121m,mla_moe_220m,4.575899600982666,4.600246429443359,0.02434682846069336,False
train_loss,optimization,lower_is_better,50m,31415,mla_moe_vs_mla,composition_mechanism,mla_121m,mla_moe_220m,4.808748245239258,4.825784206390381,0.017035961151123047,False
train_loss,optimization,lower_is_better,50m,4441,mla_moe_vs_mla,composition_mechanism,mla_121m,mla_moe_220m,4.830804347991943,4.890401840209961,0.05959749221801758,False
train_loss,optimization,lower_is_better,50m,5501,mla_moe_vs_mla,composition_mechanism,mla_121m,mla_moe_220m,4.623826026916504,4.740800857543945,0.1169748306274414,False
train_loss,optimization,lower_is_better,50m,6173,mla_moe_vs_mla,composition_mechanism,mla_121m,mla_moe_220m,4.55820369720459,4.633060455322266,0.07485675811767578,False
train_loss,optimization,lower_is_better,50m,8191,mla_moe_vs_mla,composition_mechanism,mla_121m,mla_moe_220m,4.360620021820068,4.4322733879089355,0.07165336608886719,False
train_loss,optimization,lower_is_better,50m,10007,mla_moe_vs_mla,composition_mechanism,mla_121m,mla_moe_220m,4.279387474060059,4.371596813201904,0.0922093391418457,False
train_loss,optimization,lower_is_better,50m,11213,mla_moe_vs_mla,composition_mechanism,mla_121m,mla_moe_220m,4.777510643005371,4.923166275024414,0.14565563201904297,False
train_loss,optimization,lower_is_better,50m,12721,mla_moe_vs_mla,composition_mechanism,mla_121m,mla_moe_220m,4.69223690032959,4.767795085906982,0.07555818557739258,False
train_loss,optimization,lower_is_better,50m,1337,mla_moe_vs_moe,composition_mechanism,moe_220m,mla_moe_220m,4.516412734985352,4.556689739227295,0.04027700424194336,False
train_loss,optimization,lower_is_better,50m,2027,mla_moe_vs_moe,composition_mechanism,moe_220m,mla_moe_220m,4.553750514984131,4.600246429443359,0.046495914459228516,False
train_loss,optimization,lower_is_better,50m,31415,mla_moe_vs_moe,composition_mechanism,moe_220m,mla_moe_220m,4.788602828979492,4.825784206390381,0.03718137741088867,False
train_loss,optimization,lower_is_better,50m,4441,mla_moe_vs_moe,composition_mechanism,moe_220m,mla_moe_220m,4.901474952697754,4.890401840209961,-0.011073112487792969,True
train_loss,optimization,lower_is_better,50m,5501,mla_moe_vs_moe,composition_mechanism,moe_220m,mla_moe_220m,4.654541969299316,4.740800857543945,0.0862588882446289,False
train_loss,optimization,lower_is_better,50m,6173,mla_moe_vs_moe,composition_mechanism,moe_220m,mla_moe_220m,4.536038875579834,4.633060455322266,0.09702157974243164,False
train_loss,optimization,lower_is_better,50m,8191,mla_moe_vs_moe,composition_mechanism,moe_220m,mla_moe_220m,4.439083099365234,4.4322733879089355,-0.006809711456298828,True
train_loss,optimization,lower_is_better,50m,10007,mla_moe_vs_moe,composition_mechanism,moe_220m,mla_moe_220m,4.270902633666992,4.371596813201904,0.10069417953491211,False
train_loss,optimization,lower_is_better,50m,11213,mla_moe_vs_moe,composition_mechanism,moe_220m,mla_moe_220m,4.913909435272217,4.923166275024414,0.009256839752197266,False
train_loss,optimization,lower_is_better,50m,12721,mla_moe_vs_moe,composition_mechanism,moe_220m,mla_moe_220m,4.750505447387695,4.767795085906982,0.01728963851928711,False
train_loss,optimization,lower_is_better,50m,1337,v3_routing_vs_moe,routing_mechanism,moe_220m,v3_routing_220m,4.516412734985352,4.415286540985107,-0.10112619400024414,True
train_loss,optimization,lower_is_better,50m,2027,v3_routing_vs_moe,routing_mechanism,moe_220m,v3_routing_220m,4.553750514984131,4.4435014724731445,-0.11024904251098633,True
train_loss,optimization,lower_is_better,50m,31415,v3_routing_vs_moe,routing_mechanism,moe_220m,v3_routing_220m,4.788602828979492,4.7390666007995605,-0.04953622817993164,True
train_loss,optimization,lower_is_better,50m,4441,v3_routing_vs_moe,routing_mechanism,moe_220m,v3_routing_220m,4.901474952697754,4.726370811462402,-0.17510414123535156,True
train_loss,optimization,lower_is_better,50m,5501,v3_routing_vs_moe,routing_mechanism,moe_220m,v3_routing_220m,4.654541969299316,4.5273756980896,-0.1271662712097168,True
train_loss,optimization,lower_is_better,50m,6173,v3_routing_vs_moe,routing_mechanism,moe_220m,v3_routing_220m,4.536038875579834,4.457089424133301,-0.0789494514465332,True
train_loss,optimization,lower_is_better,50m,8191,v3_routing_vs_moe,routing_mechanism,moe_220m,v3_routing_220m,4.439083099365234,4.2914533615112305,-0.1476297378540039,True
train_loss,optimization,lower_is_better,50m,10007,v3_routing_vs_moe,routing_mechanism,moe_220m,v3_routing_220m,4.270902633666992,4.213029861450195,-0.057872772216796875,True
train_loss,optimization,lower_is_better,50m,11213,v3_routing_vs_moe,routing_mechanism,moe_220m,v3_routing_220m,4.913909435272217,4.75701379776001,-0.15689563751220703,True
train_loss,optimization,lower_is_better,50m,12721,v3_routing_vs_moe,routing_mechanism,moe_220m,v3_routing_220m,4.750505447387695,4.62764310836792,-0.12286233901977539,True
train_loss,optimization,lower_is_better,50m,1337,mtp_vs_dense,objective_mechanism,dense_121m,mtp_121m,4.418280124664307,6.404073238372803,1.985793113708496,False
train_loss,optimization,lower_is_better,50m,2027,mtp_vs_dense,objective_mechanism,dense_121m,mtp_121m,4.479681968688965,6.449969291687012,1.9702873229980469,False
train_loss,optimization,lower_is_better,50m,31415,mtp_vs_dense,objective_mechanism,dense_121m,mtp_121m,4.708812236785889,6.738745212554932,2.029932975769043,False
train_loss,optimization,lower_is_better,50m,4441,mtp_vs_dense,objective_mechanism,dense_121m,mtp_121m,4.798694133758545,6.812649726867676,2.013955593109131,False
train_loss,optimization,lower_is_better,50m,5501,mtp_vs_dense,objective_mechanism,dense_121m,mtp_121m,4.551538467407227,6.607054710388184,2.055516242980957,False
train_loss,optimization,lower_is_better,50m,6173,mtp_vs_dense,objective_mechanism,dense_121m,mtp_121m,4.479151725769043,6.38269567489624,1.9035439491271973,False
train_loss,optimization,lower_is_better,50m,8191,mtp_vs_dense,objective_mechanism,dense_121m,mtp_121m,4.314378261566162,6.19719123840332,1.8828129768371582,False
train_loss,optimization,lower_is_better,50m,10007,mtp_vs_dense,objective_mechanism,dense_121m,mtp_121m,4.18446159362793,6.090059757232666,1.9055981636047363,False
train_loss,optimization,lower_is_better,50m,11213,mtp_vs_dense,objective_mechanism,dense_121m,mtp_121m,4.817912578582764,6.80112361907959,1.9832110404968262,False
train_loss,optimization,lower_is_better,50m,12721,mtp_vs_dense,objective_mechanism,dense_121m,mtp_121m,4.652286052703857,6.610606670379639,1.9583206176757812,False
lm_loss,optimization,lower_is_better,10m,1337,mla_vs_dense,attention_mechanism,dense_121m,mla_121m,5.131129741668701,5.2342610359191895,0.10313129425048828,False
lm_loss,optimization,lower_is_better,10m,2027,mla_vs_dense,attention_mechanism,dense_121m,mla_121m,4.760186672210693,4.772636413574219,0.01244974136352539,False
lm_loss,optimization,lower_is_better,10m,31415,mla_vs_dense,attention_mechanism,dense_121m,mla_121m,5.212094783782959,5.218181610107422,0.006086826324462891,False
lm_loss,optimization,lower_is_better,10m,4441,mla_vs_dense,attention_mechanism,dense_121m,mla_121m,4.876645565032959,4.8786725997924805,0.0020270347595214844,False
lm_loss,optimization,lower_is_better,10m,5501,mla_vs_dense,attention_mechanism,dense_121m,mla_121m,5.071008682250977,5.082636833190918,0.011628150939941406,False
lm_loss,optimization,lower_is_better,10m,6173,mla_vs_dense,attention_mechanism,dense_121m,mla_121m,5.1982421875,5.314332008361816,0.1160898208618164,False
lm_loss,optimization,lower_is_better,10m,8191,mla_vs_dense,attention_mechanism,dense_121m,mla_121m,5.116351127624512,5.150837421417236,0.03448629379272461,False
lm_loss,optimization,lower_is_better,10m,10007,mla_vs_dense,attention_mechanism,dense_121m,mla_121m,4.893977642059326,4.875804424285889,-0.0181732177734375,True
lm_loss,optimization,lower_is_better,10m,11213,mla_vs_dense,attention_mechanism,dense_121m,mla_121m,5.063938140869141,4.994078159332275,-0.06985998153686523,True
lm_loss,optimization,lower_is_better,10m,12721,mla_vs_dense,attention_mechanism,dense_121m,mla_121m,4.878689765930176,4.919567108154297,0.040877342224121094,False
lm_loss,optimization,lower_is_better,10m,1337,moe_vs_dense,sparse_ffn_mechanism,dense_121m,moe_220m,5.131129741668701,5.122633457183838,-0.008496284484863281,True
lm_loss,optimization,lower_is_better,10m,2027,moe_vs_dense,sparse_ffn_mechanism,dense_121m,moe_220m,4.760186672210693,4.666083812713623,-0.09410285949707031,True
lm_loss,optimization,lower_is_better,10m,31415,moe_vs_dense,sparse_ffn_mechanism,dense_121m,moe_220m,5.212094783782959,5.118762016296387,-0.09333276748657227,True
lm_loss,optimization,lower_is_better,10m,4441,moe_vs_dense,sparse_ffn_mechanism,dense_121m,moe_220m,4.876645565032959,4.852490425109863,-0.024155139923095703,True
lm_loss,optimization,lower_is_better,10m,5501,moe_vs_dense,sparse_ffn_mechanism,dense_121m,moe_220m,5.071008682250977,4.972051620483398,-0.09895706176757812,True
lm_loss,optimization,lower_is_better,10m,6173,moe_vs_dense,sparse_ffn_mechanism,dense_121m,moe_220m,5.1982421875,5.1424713134765625,-0.0557708740234375,True
lm_loss,optimization,lower_is_better,10m,8191,moe_vs_dense,sparse_ffn_mechanism,dense_121m,moe_220m,5.116351127624512,5.070943355560303,-0.045407772064208984,True
lm_loss,optimization,lower_is_better,10m,10007,moe_vs_dense,sparse_ffn_mechanism,dense_121m,moe_220m,4.893977642059326,4.811826705932617,-0.08215093612670898,True
lm_loss,optimization,lower_is_better,10m,11213,moe_vs_dense,sparse_ffn_mechanism,dense_121m,moe_220m,5.063938140869141,5.016705513000488,-0.047232627868652344,True
lm_loss,optimization,lower_is_better,10m,12721,moe_vs_dense,sparse_ffn_mechanism,dense_121m,moe_220m,4.878689765930176,4.791445732116699,-0.08724403381347656,True
lm_loss,optimization,lower_is_better,10m,1337,mla_moe_vs_dense,composition_supporting,dense_121m,mla_moe_220m,5.131129741668701,5.1143317222595215,-0.016798019409179688,True
lm_loss,optimization,lower_is_better,10m,2027,mla_moe_vs_dense,composition_supporting,dense_121m,mla_moe_220m,4.760186672210693,4.741405010223389,-0.018781661987304688,True
lm_loss,optimization,lower_is_better,10m,31415,mla_moe_vs_dense,composition_supporting,dense_121m,mla_moe_220m,5.212094783782959,5.181750774383545,-0.030344009399414062,True
lm_loss,optimization,lower_is_better,10m,4441,mla_moe_vs_dense,composition_supporting,dense_121m,mla_moe_220m,4.876645565032959,4.879983901977539,0.003338336944580078,False
lm_loss,optimization,lower_is_better,10m,5501,mla_moe_vs_dense,composition_supporting,dense_121m,mla_moe_220m,5.071008682250977,5.0707926750183105,-0.00021600723266601562,True
lm_loss,optimization,lower_is_better,10m,6173,mla_moe_vs_dense,composition_supporting,dense_121m,mla_moe_220m,5.1982421875,5.167410373687744,-0.03083181381225586,True
lm_loss,optimization,lower_is_better,10m,8191,mla_moe_vs_dense,composition_supporting,dense_121m,mla_moe_220m,5.116351127624512,5.0720648765563965,-0.044286251068115234,True
lm_loss,optimization,lower_is_better,10m,10007,mla_moe_vs_dense,composition_supporting,dense_121m,mla_moe_220m,4.893977642059326,4.85801887512207,-0.03595876693725586,True
lm_loss,optimization,lower_is_better,10m,11213,mla_moe_vs_dense,composition_supporting,dense_121m,mla_moe_220m,5.063938140869141,5.067155361175537,0.0032172203063964844,False
lm_loss,optimization,lower_is_better,10m,12721,mla_moe_vs_dense,composition_supporting,dense_121m,mla_moe_220m,4.878689765930176,4.876607418060303,-0.002082347869873047,True
lm_loss,optimization,lower_is_better,10m,1337,mla_moe_vs_mla,composition_mechanism,mla_121m,mla_moe_220m,5.2342610359191895,5.1143317222595215,-0.11992931365966797,True
lm_loss,optimization,lower_is_better,10m,2027,mla_moe_vs_mla,composition_mechanism,mla_121m,mla_moe_220m,4.772636413574219,4.741405010223389,-0.031231403350830078,True
lm_loss,optimization,lower_is_better,10m,31415,mla_moe_vs_mla,composition_mechanism,mla_121m,mla_moe_220m,5.218181610107422,5.181750774383545,-0.03643083572387695,True
lm_loss,optimization,lower_is_better,10m,4441,mla_moe_vs_mla,composition_mechanism,mla_121m,mla_moe_220m,4.8786725997924805,4.879983901977539,0.0013113021850585938,False
lm_loss,optimization,lower_is_better,10m,5501,mla_moe_vs_mla,composition_mechanism,mla_121m,mla_moe_220m,5.082636833190918,5.0707926750183105,-0.011844158172607422,True
lm_loss,optimization,lower_is_better,10m,6173,mla_moe_vs_mla,composition_mechanism,mla_121m,mla_moe_220m,5.314332008361816,5.167410373687744,-0.14692163467407227,True
lm_loss,optimization,lower_is_better,10m,8191,mla_moe_vs_mla,composition_mechanism,mla_121m,mla_moe_220m,5.150837421417236,5.0720648765563965,-0.07877254486083984,True
lm_loss,optimization,lower_is_better,10m,10007,mla_moe_vs_mla,composition_mechanism,mla_121m,mla_moe_220m,4.875804424285889,4.85801887512207,-0.01778554916381836,True
lm_loss,optimization,lower_is_better,10m,11213,mla_moe_vs_mla,composition_mechanism,mla_121m,mla_moe_220m,4.994078159332275,5.067155361175537,0.07307720184326172,False
lm_loss,optimization,lower_is_better,10m,12721,mla_moe_vs_mla,composition_mechanism,mla_121m,mla_moe_220m,4.919567108154297,4.876607418060303,-0.04295969009399414,True
lm_loss,optimization,lower_is_better,10m,1337,mla_moe_vs_moe,composition_mechanism,moe_220m,mla_moe_220m,5.122633457183838,5.1143317222595215,-0.008301734924316406,True
lm_loss,optimization,lower_is_better,10m,2027,mla_moe_vs_moe,composition_mechanism,moe_220m,mla_moe_220m,4.666083812713623,4.741405010223389,0.07532119750976562,False
lm_loss,optimization,lower_is_better,10m,31415,mla_moe_vs_moe,composition_mechanism,moe_220m,mla_moe_220m,5.118762016296387,5.181750774383545,0.0629887580871582,False
lm_loss,optimization,lower_is_better,10m,4441,mla_moe_vs_moe,composition_mechanism,moe_220m,mla_moe_220m,4.852490425109863,4.879983901977539,0.02749347686767578,False
lm_loss,optimization,lower_is_better,10m,5501,mla_moe_vs_moe,composition_mechanism,moe_220m,mla_moe_220m,4.972051620483398,5.0707926750183105,0.09874105453491211,False
lm_loss,optimization,lower_is_better,10m,6173,mla_moe_vs_moe,composition_mechanism,moe_220m,mla_moe_220m,5.1424713134765625,5.167410373687744,0.02493906021118164,False
lm_loss,optimization,lower_is_better,10m,8191,mla_moe_vs_moe,composition_mechanism,moe_220m,mla_moe_220m,5.070943355560303,5.0720648765563965,0.00112152099609375,False
lm_loss,optimization,lower_is_better,10m,10007,mla_moe_vs_moe,composition_mechanism,moe_220m,mla_moe_220m,4.811826705932617,4.85801887512207,0.046192169189453125,False
lm_loss,optimization,lower_is_better,10m,11213,mla_moe_vs_moe,composition_mechanism,moe_220m,mla_moe_220m,5.016705513000488,5.067155361175537,0.05044984817504883,False
lm_loss,optimization,lower_is_better,10m,12721,mla_moe_vs_moe,composition_mechanism,moe_220m,mla_moe_220m,4.791445732116699,4.876607418060303,0.08516168594360352,False
lm_loss,optimization,lower_is_better,10m,1337,v3_routing_vs_moe,routing_mechanism,moe_220m,v3_routing_220m,5.122633457183838,5.046967029571533,-0.07566642761230469,True
lm_loss,optimization,lower_is_better,10m,2027,v3_routing_vs_moe,routing_mechanism,moe_220m,v3_routing_220m,4.666083812713623,4.6898980140686035,0.02381420135498047,False
lm_loss,optimization,lower_is_better,10m,31415,v3_routing_vs_moe,routing_mechanism,moe_220m,v3_routing_220m,5.118762016296387,5.142045021057129,0.023283004760742188,False
lm_loss,optimization,lower_is_better,10m,4441,v3_routing_vs_moe,routing_mechanism,moe_220m,v3_routing_220m,4.852490425109863,4.853201389312744,0.0007109642028808594,False
lm_loss,optimization,lower_is_better,10m,5501,v3_routing_vs_moe,routing_mechanism,moe_220m,v3_routing_220m,4.972051620483398,5.004938125610352,0.032886505126953125,False
lm_loss,optimization,lower_is_better,10m,6173,v3_routing_vs_moe,routing_mechanism,moe_220m,v3_routing_220m,5.1424713134765625,5.193730354309082,0.05125904083251953,False
lm_loss,optimization,lower_is_better,10m,8191,v3_routing_vs_moe,routing_mechanism,moe_220m,v3_routing_220m,5.070943355560303,5.064820289611816,-0.006123065948486328,True
lm_loss,optimization,lower_is_better,10m,10007,v3_routing_vs_moe,routing_mechanism,moe_220m,v3_routing_220m,4.811826705932617,4.828364372253418,0.01653766632080078,False
lm_loss,optimization,lower_is_better,10m,11213,v3_routing_vs_moe,routing_mechanism,moe_220m,v3_routing_220m,5.016705513000488,4.988927364349365,-0.027778148651123047,True
lm_loss,optimization,lower_is_better,10m,12721,v3_routing_vs_moe,routing_mechanism,moe_220m,v3_routing_220m,4.791445732116699,4.8082098960876465,0.016764163970947266,False
lm_loss,optimization,lower_is_better,10m,1337,mtp_vs_dense,objective_mechanism,dense_121m,mtp_121m,5.131129741668701,5.162921905517578,0.03179216384887695,False
lm_loss,optimization,lower_is_better,10m,2027,mtp_vs_dense,objective_mechanism,dense_121m,mtp_121m,4.760186672210693,4.751641273498535,-0.008545398712158203,True
lm_loss,optimization,lower_is_better,10m,31415,mtp_vs_dense,objective_mechanism,dense_121m,mtp_121m,5.212094783782959,5.234853267669678,0.02275848388671875,False
lm_loss,optimization,lower_is_better,10m,4441,mtp_vs_dense,objective_mechanism,dense_121m,mtp_121m,4.876645565032959,4.929546356201172,0.05290079116821289,False
lm_loss,optimization,lower_is_better,10m,5501,mtp_vs_dense,objective_mechanism,dense_121m,mtp_121m,5.071008682250977,5.016901016235352,-0.054107666015625,True
lm_loss,optimization,lower_is_better,10m,6173,mtp_vs_dense,objective_mechanism,dense_121m,mtp_121m,5.1982421875,5.117180824279785,-0.08106136322021484,True
lm_loss,optimization,lower_is_better,10m,8191,mtp_vs_dense,objective_mechanism,dense_121m,mtp_121m,5.116351127624512,5.097719192504883,-0.018631935119628906,True
lm_loss,optimization,lower_is_better,10m,10007,mtp_vs_dense,objective_mechanism,dense_121m,mtp_121m,4.893977642059326,4.8669843673706055,-0.026993274688720703,True
lm_loss,optimization,lower_is_better,10m,11213,mtp_vs_dense,objective_mechanism,dense_121m,mtp_121m,5.063938140869141,5.007049083709717,-0.05688905715942383,True
lm_loss,optimization,lower_is_better,10m,12721,mtp_vs_dense,objective_mechanism,dense_121m,mtp_121m,4.878689765930176,4.7996721267700195,-0.07901763916015625,True
lm_loss,optimization,lower_is_better,25m,1337,mla_vs_dense,attention_mechanism,dense_121m,mla_121m,4.54842472076416,4.564611434936523,0.01618671417236328,False
lm_loss,optimization,lower_is_better,25m,2027,mla_vs_dense,attention_mechanism,dense_121m,mla_121m,4.502302169799805,4.570327281951904,0.06802511215209961,False
lm_loss,optimization,lower_is_better,25m,31415,mla_vs_dense,attention_mechanism,dense_121m,mla_121m,4.571917533874512,4.653117656707764,0.08120012283325195,False
lm_loss,optimization,lower_is_better,25m,4441,mla_vs_dense,attention_mechanism,dense_121m,mla_121m,4.727557182312012,4.808928966522217,0.08137178421020508,False
lm_loss,optimization,lower_is_better,25m,5501,mla_vs_dense,attention_mechanism,dense_121m,mla_121m,4.355335712432861,4.399806022644043,0.04447031021118164,False
lm_loss,optimization,lower_is_better,25m,6173,mla_vs_dense,attention_mechanism,dense_121m,mla_121m,4.319053649902344,4.450374126434326,0.13132047653198242,False
lm_loss,optimization,lower_is_better,25m,8191,mla_vs_dense,attention_mechanism,dense_121m,mla_121m,4.912210464477539,4.953968048095703,0.04175758361816406,False
lm_loss,optimization,lower_is_better,25m,10007,mla_vs_dense,attention_mechanism,dense_121m,mla_121m,4.784292221069336,4.814696311950684,0.030404090881347656,False
lm_loss,optimization,lower_is_better,25m,11213,mla_vs_dense,attention_mechanism,dense_121m,mla_121m,4.661306381225586,4.727997303009033,0.06669092178344727,False
lm_loss,optimization,lower_is_better,25m,12721,mla_vs_dense,attention_mechanism,dense_121m,mla_121m,4.808291912078857,4.829187393188477,0.02089548110961914,False
lm_loss,optimization,lower_is_better,25m,1337,moe_vs_dense,sparse_ffn_mechanism,dense_121m,moe_220m,4.54842472076416,4.562414646148682,0.013989925384521484,False
lm_loss,optimization,lower_is_better,25m,2027,moe_vs_dense,sparse_ffn_mechanism,dense_121m,moe_220m,4.502302169799805,4.5243988037109375,0.022096633911132812,False
lm_loss,optimization,lower_is_better,25m,31415,moe_vs_dense,sparse_ffn_mechanism,dense_121m,moe_220m,4.571917533874512,4.599740028381348,0.027822494506835938,False
lm_loss,optimization,lower_is_better,25m,4441,moe_vs_dense,sparse_ffn_mechanism,dense_121m,moe_220m,4.727557182312012,4.728077411651611,0.0005202293395996094,False
lm_loss,optimization,lower_is_better,25m,5501,moe_vs_dense,sparse_ffn_mechanism,dense_121m,moe_220m,4.355335712432861,4.349503993988037,-0.005831718444824219,True
lm_loss,optimization,lower_is_better,25m,6173,moe_vs_dense,sparse_ffn_mechanism,dense_121m,moe_220m,4.319053649902344,4.336154937744141,0.017101287841796875,False
lm_loss,optimization,lower_is_better,25m,8191,moe_vs_dense,sparse_ffn_mechanism,dense_121m,moe_220m,4.912210464477539,4.922764778137207,0.010554313659667969,False
lm_loss,optimization,lower_is_better,25m,10007,moe_vs_dense,sparse_ffn_mechanism,dense_121m,moe_220m,4.784292221069336,4.777963638305664,-0.006328582763671875,True
lm_loss,optimization,lower_is_better,25m,11213,moe_vs_dense,sparse_ffn_mechanism,dense_121m,moe_220m,4.661306381225586,4.667202472686768,0.005896091461181641,False
lm_loss,optimization,lower_is_better,25m,12721,moe_vs_dense,sparse_ffn_mechanism,dense_121m,moe_220m,4.808291912078857,4.761346817016602,-0.04694509506225586,True
lm_loss,optimization,lower_is_better,25m,1337,mla_moe_vs_dense,composition_supporting,dense_121m,mla_moe_220m,4.54842472076416,4.529661655426025,-0.018763065338134766,True
lm_loss,optimization,lower_is_better,25m,2027,mla_moe_vs_dense,composition_supporting,dense_121m,mla_moe_220m,4.502302169799805,4.579207897186279,0.07690572738647461,False
lm_loss,optimization,lower_is_better,25m,31415,mla_moe_vs_dense,composition_supporting,dense_121m,mla_moe_220m,4.571917533874512,4.660987377166748,0.08906984329223633,False
lm_loss,optimization,lower_is_better,25m,4441,mla_moe_vs_dense,composition_supporting,dense_121m,mla_moe_220m,4.727557182312012,4.739340782165527,0.011783599853515625,False
lm_loss,optimization,lower_is_better,25m,5501,mla_moe_vs_dense,composition_supporting,dense_121m,mla_moe_220m,4.355335712432861,4.395129203796387,0.03979349136352539,False
lm_loss,optimization,lower_is_better,25m,6173,mla_moe_vs_dense,composition_supporting,dense_121m,mla_moe_220m,4.319053649902344,4.3401947021484375,0.02114105224609375,False
lm_loss,optimization,lower_is_better,25m,8191,mla_moe_vs_dense,composition_supporting,dense_121m,mla_moe_220m,4.912210464477539,4.939309597015381,0.027099132537841797,False
lm_loss,optimization,lower_is_better,25m,10007,mla_moe_vs_dense,composition_supporting,dense_121m,mla_moe_220m,4.784292221069336,4.786635875701904,0.0023436546325683594,False
lm_loss,optimization,lower_is_better,25m,11213,mla_moe_vs_dense,composition_supporting,dense_121m,mla_moe_220m,4.661306381225586,4.697810649871826,0.036504268646240234,False
lm_loss,optimization,lower_is_better,25m,12721,mla_moe_vs_dense,composition_supporting,dense_121m,mla_moe_220m,4.808291912078857,4.877588748931885,0.06929683685302734,False
lm_loss,optimization,lower_is_better,25m,1337,mla_moe_vs_mla,composition_mechanism,mla_121m,mla_moe_220m,4.564611434936523,4.529661655426025,-0.03494977951049805,True
lm_loss,optimization,lower_is_better,25m,2027,mla_moe_vs_mla,composition_mechanism,mla_121m,mla_moe_220m,4.570327281951904,4.579207897186279,0.008880615234375,False
lm_loss,optimization,lower_is_better,25m,31415,mla_moe_vs_mla,composition_mechanism,mla_121m,mla_moe_220m,4.653117656707764,4.660987377166748,0.007869720458984375,False
lm_loss,optimization,lower_is_better,25m,4441,mla_moe_vs_mla,composition_mechanism,mla_121m,mla_moe_220m,4.808928966522217,4.739340782165527,-0.06958818435668945,True
lm_loss,optimization,lower_is_better,25m,5501,mla_moe_vs_mla,composition_mechanism,mla_121m,mla_moe_220m,4.399806022644043,4.395129203796387,-0.00467681884765625,True
lm_loss,optimization,lower_is_better,25m,6173,mla_moe_vs_mla,composition_mechanism,mla_121m,mla_moe_220m,4.450374126434326,4.3401947021484375,-0.11017942428588867,True
lm_loss,optimization,lower_is_better,25m,8191,mla_moe_vs_mla,composition_mechanism,mla_121m,mla_moe_220m,4.953968048095703,4.939309597015381,-0.014658451080322266,True
lm_loss,optimization,lower_is_better,25m,10007,mla_moe_vs_mla,composition_mechanism,mla_121m,mla_moe_220m,4.814696311950684,4.786635875701904,-0.028060436248779297,True
lm_loss,optimization,lower_is_better,25m,11213,mla_moe_vs_mla,composition_mechanism,mla_121m,mla_moe_220m,4.727997303009033,4.697810649871826,-0.03018665313720703,True
lm_loss,optimization,lower_is_better,25m,12721,mla_moe_vs_mla,composition_mechanism,mla_121m,mla_moe_220m,4.829187393188477,4.877588748931885,0.0484013557434082,False
lm_loss,optimization,lower_is_better,25m,1337,mla_moe_vs_moe,composition_mechanism,moe_220m,mla_moe_220m,4.562414646148682,4.529661655426025,-0.03275299072265625,True
lm_loss,optimization,lower_is_better,25m,2027,mla_moe_vs_moe,composition_mechanism,moe_220m,mla_moe_220m,4.5243988037109375,4.579207897186279,0.0548090934753418,False
lm_loss,optimization,lower_is_better,25m,31415,mla_moe_vs_moe,composition_mechanism,moe_220m,mla_moe_220m,4.599740028381348,4.660987377166748,0.06124734878540039,False
lm_loss,optimization,lower_is_better,25m,4441,mla_moe_vs_moe,composition_mechanism,moe_220m,mla_moe_220m,4.728077411651611,4.739340782165527,0.011263370513916016,False
lm_loss,optimization,lower_is_better,25m,5501,mla_moe_vs_moe,composition_mechanism,moe_220m,mla_moe_220m,4.349503993988037,4.395129203796387,0.04562520980834961,False
lm_loss,optimization,lower_is_better,25m,6173,mla_moe_vs_moe,composition_mechanism,moe_220m,mla_moe_220m,4.336154937744141,4.3401947021484375,0.004039764404296875,False
lm_loss,optimization,lower_is_better,25m,8191,mla_moe_vs_moe,composition_mechanism,moe_220m,mla_moe_220m,4.922764778137207,4.939309597015381,0.016544818878173828,False
lm_loss,optimization,lower_is_better,25m,10007,mla_moe_vs_moe,composition_mechanism,moe_220m,mla_moe_220m,4.777963638305664,4.786635875701904,0.008672237396240234,False
lm_loss,optimization,lower_is_better,25m,11213,mla_moe_vs_moe,composition_mechanism,moe_220m,mla_moe_220m,4.667202472686768,4.697810649871826,0.030608177185058594,False
lm_loss,optimization,lower_is_better,25m,12721,mla_moe_vs_moe,composition_mechanism,moe_220m,mla_moe_220m,4.761346817016602,4.877588748931885,0.1162419319152832,False
lm_loss,optimization,lower_is_better,25m,1337,v3_routing_vs_moe,routing_mechanism,moe_220m,v3_routing_220m,4.562414646148682,4.493775367736816,-0.06863927841186523,True
lm_loss,optimization,lower_is_better,25m,2027,v3_routing_vs_moe,routing_mechanism,moe_220m,v3_routing_220m,4.5243988037109375,4.524990081787109,0.000591278076171875,False
lm_loss,optimization,lower_is_better,25m,31415,v3_routing_vs_moe,routing_mechanism,moe_220m,v3_routing_220m,4.599740028381348,4.587863922119141,-0.011876106262207031,True
lm_loss,optimization,lower_is_better,25m,4441,v3_routing_vs_moe,routing_mechanism,moe_220m,v3_routing_220m,4.728077411651611,4.7649922370910645,0.036914825439453125,False
lm_loss,optimization,lower_is_better,25m,5501,v3_routing_vs_moe,routing_mechanism,moe_220m,v3_routing_220m,4.349503993988037,4.3347015380859375,-0.01480245590209961,True
lm_loss,optimization,lower_is_better,25m,6173,v3_routing_vs_moe,routing_mechanism,moe_220m,v3_routing_220m,4.336154937744141,4.326218128204346,-0.009936809539794922,True
lm_loss,optimization,lower_is_better,25m,8191,v3_routing_vs_moe,routing_mechanism,moe_220m,v3_routing_220m,4.922764778137207,4.852590560913086,-0.0701742172241211,True
lm_loss,optimization,lower_is_better,25m,10007,v3_routing_vs_moe,routing_mechanism,moe_220m,v3_routing_220m,4.777963638305664,4.759875774383545,-0.01808786392211914,True
lm_loss,optimization,lower_is_better,25m,11213,v3_routing_vs_moe,routing_mechanism,moe_220m,v3_routing_220m,4.667202472686768,4.628793716430664,-0.038408756256103516,True
lm_loss,optimization,lower_is_better,25m,12721,v3_routing_vs_moe,routing_mechanism,moe_220m,v3_routing_220m,4.761346817016602,4.753916263580322,-0.007430553436279297,True
lm_loss,optimization,lower_is_better,25m,1337,mtp_vs_dense,objective_mechanism,dense_121m,mtp_121m,4.54842472076416,4.5057220458984375,-0.042702674865722656,True
lm_loss,optimization,lower_is_better,25m,2027,mtp_vs_dense,objective_mechanism,dense_121m,mtp_121m,4.502302169799805,4.53072452545166,0.02842235565185547,False
lm_loss,optimization,lower_is_better,25m,31415,mtp_vs_dense,objective_mechanism,dense_121m,mtp_121m,4.571917533874512,4.5879411697387695,0.016023635864257812,False
lm_loss,optimization,lower_is_better,25m,4441,mtp_vs_dense,objective_mechanism,dense_121m,mtp_121m,4.727557182312012,4.737911224365234,0.010354042053222656,False
lm_loss,optimization,lower_is_better,25m,5501,mtp_vs_dense,objective_mechanism,dense_121m,mtp_121m,4.355335712432861,4.3946356773376465,0.039299964904785156,False
lm_loss,optimization,lower_is_better,25m,6173,mtp_vs_dense,objective_mechanism,dense_121m,mtp_121m,4.319053649902344,4.308104038238525,-0.01094961166381836,True
lm_loss,optimization,lower_is_better,25m,8191,mtp_vs_dense,objective_mechanism,dense_121m,mtp_121m,4.912210464477539,4.851064205169678,-0.06114625930786133,True
lm_loss,optimization,lower_is_better,25m,10007,mtp_vs_dense,objective_mechanism,dense_121m,mtp_121m,4.784292221069336,4.764503002166748,-0.01978921890258789,True
lm_loss,optimization,lower_is_better,25m,11213,mtp_vs_dense,objective_mechanism,dense_121m,mtp_121m,4.661306381225586,4.650914669036865,-0.010391712188720703,True
lm_loss,optimization,lower_is_better,25m,12721,mtp_vs_dense,objective_mechanism,dense_121m,mtp_121m,4.808291912078857,4.794936180114746,-0.013355731964111328,True
lm_loss,optimization,lower_is_better,50m,1337,mla_vs_dense,attention_mechanism,dense_121m,mla_121m,4.418280124664307,4.459622383117676,0.04134225845336914,False
lm_loss,optimization,lower_is_better,50m,2027,mla_vs_dense,attention_mechanism,dense_121m,mla_121m,4.479681968688965,4.575899600982666,0.09621763229370117,False
lm_loss,optimization,lower_is_better,50m,31415,mla_vs_dense,attention_mechanism,dense_121m,mla_121m,4.708812236785889,4.808748245239258,0.09993600845336914,False
lm_loss,optimization,lower_is_better,50m,4441,mla_vs_dense,attention_mechanism,dense_121m,mla_121m,4.798694133758545,4.830804347991943,0.03211021423339844,False
lm_loss,optimization,lower_is_better,50m,5501,mla_vs_dense,attention_mechanism,dense_121m,mla_121m,4.551538467407227,4.623826026916504,0.07228755950927734,False
lm_loss,optimization,lower_is_better,50m,6173,mla_vs_dense,attention_mechanism,dense_121m,mla_121m,4.479151725769043,4.55820369720459,0.07905197143554688,False
lm_loss,optimization,lower_is_better,50m,8191,mla_vs_dense,attention_mechanism,dense_121m,mla_121m,4.314378261566162,4.360620021820068,0.04624176025390625,False
lm_loss,optimization,lower_is_better,50m,10007,mla_vs_dense,attention_mechanism,dense_121m,mla_121m,4.18446159362793,4.279387474060059,0.0949258804321289,False
lm_loss,optimization,lower_is_better,50m,11213,mla_vs_dense,attention_mechanism,dense_121m,mla_121m,4.817912578582764,4.777510643005371,-0.04040193557739258,True
lm_loss,optimization,lower_is_better,50m,12721,mla_vs_dense,attention_mechanism,dense_121m,mla_121m,4.652286052703857,4.69223690032959,0.03995084762573242,False
lm_loss,optimization,lower_is_better,50m,1337,moe_vs_dense,sparse_ffn_mechanism,dense_121m,moe_220m,4.418280124664307,4.395315647125244,-0.0229644775390625,True
lm_loss,optimization,lower_is_better,50m,2027,moe_vs_dense,sparse_ffn_mechanism,dense_121m,moe_220m,4.479681968688965,4.432579517364502,-0.04710245132446289,True
lm_loss,optimization,lower_is_better,50m,31415,moe_vs_dense,sparse_ffn_mechanism,dense_121m,moe_220m,4.708812236785889,4.667572498321533,-0.04123973846435547,True
lm_loss,optimization,lower_is_better,50m,4441,moe_vs_dense,sparse_ffn_mechanism,dense_121m,moe_220m,4.798694133758545,4.78029727935791,-0.018396854400634766,True
lm_loss,optimization,lower_is_better,50m,5501,moe_vs_dense,sparse_ffn_mechanism,dense_121m,moe_220m,4.551538467407227,4.5335283279418945,-0.01801013946533203,True
lm_loss,optimization,lower_is_better,50m,6173,moe_vs_dense,sparse_ffn_mechanism,dense_121m,moe_220m,4.479151725769043,4.414590358734131,-0.06456136703491211,True
lm_loss,optimization,lower_is_better,50m,8191,moe_vs_dense,sparse_ffn_mechanism,dense_121m,moe_220m,4.314378261566162,4.31832218170166,0.003943920135498047,False
lm_loss,optimization,lower_is_better,50m,10007,moe_vs_dense,sparse_ffn_mechanism,dense_121m,moe_220m,4.18446159362793,4.148901462554932,-0.03556013107299805,True
lm_loss,optimization,lower_is_better,50m,11213,moe_vs_dense,sparse_ffn_mechanism,dense_121m,moe_220m,4.817912578582764,4.792971611022949,-0.024940967559814453,True
lm_loss,optimization,lower_is_better,50m,12721,moe_vs_dense,sparse_ffn_mechanism,dense_121m,moe_220m,4.652286052703857,4.629323959350586,-0.022962093353271484,True
lm_loss,optimization,lower_is_better,50m,1337,mla_moe_vs_dense,composition_supporting,dense_121m,mla_moe_220m,4.418280124664307,4.435661315917969,0.01738119125366211,False
lm_loss,optimization,lower_is_better,50m,2027,mla_moe_vs_dense,composition_supporting,dense_121m,mla_moe_220m,4.479681968688965,4.478518486022949,-0.001163482666015625,True
lm_loss,optimization,lower_is_better,50m,31415,mla_moe_vs_dense,composition_supporting,dense_121m,mla_moe_220m,4.708812236785889,4.704317092895508,-0.004495143890380859,True
lm_loss,optimization,lower_is_better,50m,4441,mla_moe_vs_dense,composition_supporting,dense_121m,mla_moe_220m,4.798694133758545,4.768514633178711,-0.030179500579833984,True
lm_loss,optimization,lower_is_better,50m,5501,mla_moe_vs_dense,composition_supporting,dense_121m,mla_moe_220m,4.551538467407227,4.619642734527588,0.06810426712036133,False
lm_loss,optimization,lower_is_better,50m,6173,mla_moe_vs_dense,composition_supporting,dense_121m,mla_moe_220m,4.479151725769043,4.511987686157227,0.032835960388183594,False
lm_loss,optimization,lower_is_better,50m,8191,mla_moe_vs_dense,composition_supporting,dense_121m,mla_moe_220m,4.314378261566162,4.311244487762451,-0.0031337738037109375,True
lm_loss,optimization,lower_is_better,50m,10007,mla_moe_vs_dense,composition_supporting,dense_121m,mla_moe_220m,4.18446159362793,4.25002384185791,0.06556224822998047,False
lm_loss,optimization,lower_is_better,50m,11213,mla_moe_vs_dense,composition_supporting,dense_121m,mla_moe_220m,4.817912578582764,4.802031993865967,-0.015880584716796875,True
lm_loss,optimization,lower_is_better,50m,12721,mla_moe_vs_dense,composition_supporting,dense_121m,mla_moe_220m,4.652286052703857,4.646460056304932,-0.005825996398925781,True
lm_loss,optimization,lower_is_better,50m,1337,mla_moe_vs_mla,composition_mechanism,mla_121m,mla_moe_220m,4.459622383117676,4.435661315917969,-0.02396106719970703,True
lm_loss,optimization,lower_is_better,50m,2027,mla_moe_vs_mla,composition_mechanism,mla_121m,mla_moe_220m,4.575899600982666,4.478518486022949,-0.0973811149597168,True
lm_loss,optimization,lower_is_better,50m,31415,mla_moe_vs_mla,composition_mechanism,mla_121m,mla_moe_220m,4.808748245239258,4.704317092895508,-0.10443115234375,True
lm_loss,optimization,lower_is_better,50m,4441,mla_moe_vs_mla,composition_mechanism,mla_121m,mla_moe_220m,4.830804347991943,4.768514633178711,-0.06228971481323242,True
lm_loss,optimization,lower_is_better,50m,5501,mla_moe_vs_mla,composition_mechanism,mla_121m,mla_moe_220m,4.623826026916504,4.619642734527588,-0.004183292388916016,True
lm_loss,optimization,lower_is_better,50m,6173,mla_moe_vs_mla,composition_mechanism,mla_121m,mla_moe_220m,4.55820369720459,4.511987686157227,-0.04621601104736328,True
lm_loss,optimization,lower_is_better,50m,8191,mla_moe_vs_mla,composition_mechanism,mla_121m,mla_moe_220m,4.360620021820068,4.311244487762451,-0.04937553405761719,True
lm_loss,optimization,lower_is_better,50m,10007,mla_moe_vs_mla,composition_mechanism,mla_121m,mla_moe_220m,4.279387474060059,4.25002384185791,-0.029363632202148438,True
lm_loss,optimization,lower_is_better,50m,11213,mla_moe_vs_mla,composition_mechanism,mla_121m,mla_moe_220m,4.777510643005371,4.802031993865967,0.024521350860595703,False
lm_loss,optimization,lower_is_better,50m,12721,mla_moe_vs_mla,composition_mechanism,mla_121m,mla_moe_220m,4.69223690032959,4.646460056304932,-0.0457768440246582,True
lm_loss,optimization,lower_is_better,50m,1337,mla_moe_vs_moe,composition_mechanism,moe_220m,mla_moe_220m,4.395315647125244,4.435661315917969,0.04034566879272461,False
lm_loss,optimization,lower_is_better,50m,2027,mla_moe_vs_moe,composition_mechanism,moe_220m,mla_moe_220m,4.432579517364502,4.478518486022949,0.045938968658447266,False
lm_loss,optimization,lower_is_better,50m,31415,mla_moe_vs_moe,composition_mechanism,moe_220m,mla_moe_220m,4.667572498321533,4.704317092895508,0.03674459457397461,False
lm_loss,optimization,lower_is_better,50m,4441,mla_moe_vs_moe,composition_mechanism,moe_220m,mla_moe_220m,4.78029727935791,4.768514633178711,-0.011782646179199219,True
lm_loss,optimization,lower_is_better,50m,5501,mla_moe_vs_moe,composition_mechanism,moe_220m,mla_moe_220m,4.5335283279418945,4.619642734527588,0.08611440658569336,False
lm_loss,optimization,lower_is_better,50m,6173,mla_moe_vs_moe,composition_mechanism,moe_220m,mla_moe_220m,4.414590358734131,4.511987686157227,0.0973973274230957,False
lm_loss,optimization,lower_is_better,50m,8191,mla_moe_vs_moe,composition_mechanism,moe_220m,mla_moe_220m,4.31832218170166,4.311244487762451,-0.007077693939208984,True
lm_loss,optimization,lower_is_better,50m,10007,mla_moe_vs_moe,composition_mechanism,moe_220m,mla_moe_220m,4.148901462554932,4.25002384185791,0.10112237930297852,False
lm_loss,optimization,lower_is_better,50m,11213,mla_moe_vs_moe,composition_mechanism,moe_220m,mla_moe_220m,4.792971611022949,4.802031993865967,0.009060382843017578,False
lm_loss,optimization,lower_is_better,50m,12721,mla_moe_vs_moe,composition_mechanism,moe_220m,mla_moe_220m,4.629323959350586,4.646460056304932,0.017136096954345703,False
lm_loss,optimization,lower_is_better,50m,1337,v3_routing_vs_moe,routing_mechanism,moe_220m,v3_routing_220m,4.395315647125244,4.415286540985107,0.01997089385986328,False
lm_loss,optimization,lower_is_better,50m,2027,v3_routing_vs_moe,routing_mechanism,moe_220m,v3_routing_220m,4.432579517364502,4.4435014724731445,0.010921955108642578,False
lm_loss,optimization,lower_is_better,50m,31415,v3_routing_vs_moe,routing_mechanism,moe_220m,v3_routing_220m,4.667572498321533,4.7390666007995605,0.07149410247802734,False
lm_loss,optimization,lower_is_better,50m,4441,v3_routing_vs_moe,routing_mechanism,moe_220m,v3_routing_220m,4.78029727935791,4.726370811462402,-0.05392646789550781,True
lm_loss,optimization,lower_is_better,50m,5501,v3_routing_vs_moe,routing_mechanism,moe_220m,v3_routing_220m,4.5335283279418945,4.5273756980896,-0.006152629852294922,True
lm_loss,optimization,lower_is_better,50m,6173,v3_routing_vs_moe,routing_mechanism,moe_220m,v3_routing_220m,4.414590358734131,4.457089424133301,0.04249906539916992,False
lm_loss,optimization,lower_is_better,50m,8191,v3_routing_vs_moe,routing_mechanism,moe_220m,v3_routing_220m,4.31832218170166,4.2914533615112305,-0.026868820190429688,True
lm_loss,optimization,lower_is_better,50m,10007,v3_routing_vs_moe,routing_mechanism,moe_220m,v3_routing_220m,4.148901462554932,4.213029861450195,0.06412839889526367,False
lm_loss,optimization,lower_is_better,50m,11213,v3_routing_vs_moe,routing_mechanism,moe_220m,v3_routing_220m,4.792971611022949,4.75701379776001,-0.03595781326293945,True
lm_loss,optimization,lower_is_better,50m,12721,v3_routing_vs_moe,routing_mechanism,moe_220m,v3_routing_220m,4.629323959350586,4.62764310836792,-0.0016808509826660156,True
lm_loss,optimization,lower_is_better,50m,1337,mtp_vs_dense,objective_mechanism,dense_121m,mtp_121m,4.418280124664307,4.433495044708252,0.015214920043945312,False
lm_loss,optimization,lower_is_better,50m,2027,mtp_vs_dense,objective_mechanism,dense_121m,mtp_121m,4.479681968688965,4.457401275634766,-0.02228069305419922,True
lm_loss,optimization,lower_is_better,50m,31415,mtp_vs_dense,objective_mechanism,dense_121m,mtp_121m,4.708812236785889,4.716341972351074,0.007529735565185547,False
lm_loss,optimization,lower_is_better,50m,4441,mtp_vs_dense,objective_mechanism,dense_121m,mtp_121m,4.798694133758545,4.749107360839844,-0.04958677291870117,True
lm_loss,optimization,lower_is_better,50m,5501,mtp_vs_dense,objective_mechanism,dense_121m,mtp_121m,4.551538467407227,4.599475383758545,0.04793691635131836,False
lm_loss,optimization,lower_is_better,50m,6173,mtp_vs_dense,objective_mechanism,dense_121m,mtp_121m,4.479151725769043,4.431812286376953,-0.047339439392089844,True
lm_loss,optimization,lower_is_better,50m,8191,mtp_vs_dense,objective_mechanism,dense_121m,mtp_121m,4.314378261566162,4.285935401916504,-0.028442859649658203,True
lm_loss,optimization,lower_is_better,50m,10007,mtp_vs_dense,objective_mechanism,dense_121m,mtp_121m,4.18446159362793,4.180447101593018,-0.004014492034912109,True
lm_loss,optimization,lower_is_better,50m,11213,mtp_vs_dense,objective_mechanism,dense_121m,mtp_121m,4.817912578582764,4.765608787536621,-0.05230379104614258,True
lm_loss,optimization,lower_is_better,50m,12721,mtp_vs_dense,objective_mechanism,dense_121m,mtp_121m,4.652286052703857,4.627516269683838,-0.02476978302001953,True
train_tokens_per_second,efficiency,higher_is_better,10m,1337,mla_vs_dense,attention_mechanism,dense_121m,mla_121m,4204.116415524487,3661.25268330562,-542.863732218867,False
train_tokens_per_second,efficiency,higher_is_better,10m,2027,mla_vs_dense,attention_mechanism,dense_121m,mla_121m,4176.485923584752,3668.4387877562067,-508.0471358285449,False
train_tokens_per_second,efficiency,higher_is_better,10m,31415,mla_vs_dense,attention_mechanism,dense_121m,mla_121m,4178.420355003024,3650.0937318890533,-528.326623113971,False
train_tokens_per_second,efficiency,higher_is_better,10m,4441,mla_vs_dense,attention_mechanism,dense_121m,mla_121m,4196.8418431820055,3660.9552345821007,-535.8866085999048,False
train_tokens_per_second,efficiency,higher_is_better,10m,5501,mla_vs_dense,attention_mechanism,dense_121m,mla_121m,4193.626460116145,3661.827499800101,-531.7989603160436,False
train_tokens_per_second,efficiency,higher_is_better,10m,6173,mla_vs_dense,attention_mechanism,dense_121m,mla_121m,4183.293218568243,3650.8653104797195,-532.4279080885235,False
train_tokens_per_second,efficiency,higher_is_better,10m,8191,mla_vs_dense,attention_mechanism,dense_121m,mla_121m,4185.662931704765,3653.2107622805056,-532.452169424259,False
train_tokens_per_second,efficiency,higher_is_better,10m,10007,mla_vs_dense,attention_mechanism,dense_121m,mla_121m,4186.791827120883,3672.0104413215295,-514.7813857993533,False
train_tokens_per_second,efficiency,higher_is_better,10m,11213,mla_vs_dense,attention_mechanism,dense_121m,mla_121m,4168.618700089197,3633.670225180627,-534.94847490857,False
train_tokens_per_second,efficiency,higher_is_better,10m,12721,mla_vs_dense,attention_mechanism,dense_121m,mla_121m,4156.601341634665,3640.3411029978884,-516.2602386367766,False
train_tokens_per_second,efficiency,higher_is_better,10m,1337,moe_vs_dense,sparse_ffn_mechanism,dense_121m,moe_220m,4204.116415524487,2198.7399840262656,-2005.3764314982213,False
train_tokens_per_second,efficiency,higher_is_better,10m,2027,moe_vs_dense,sparse_ffn_mechanism,dense_121m,moe_220m,4176.485923584752,2207.8873406713874,-1968.5985829133642,False
train_tokens_per_second,efficiency,higher_is_better,10m,31415,moe_vs_dense,sparse_ffn_mechanism,dense_121m,moe_220m,4178.420355003024,2183.940582477767,-1994.4797725252574,False
train_tokens_per_second,efficiency,higher_is_better,10m,4441,moe_vs_dense,sparse_ffn_mechanism,dense_121m,moe_220m,4196.8418431820055,2168.2001783095366,-2028.641664872469,False
train_tokens_per_second,efficiency,higher_is_better,10m,5501,moe_vs_dense,sparse_ffn_mechanism,dense_121m,moe_220m,4193.626460116145,2176.849218849257,-2016.7772412668878,False
train_tokens_per_second,efficiency,higher_is_better,10m,6173,moe_vs_dense,sparse_ffn_mechanism,dense_121m,moe_220m,4183.293218568243,2166.551815870884,-2016.7414026973588,False
train_tokens_per_second,efficiency,higher_is_better,10m,8191,moe_vs_dense,sparse_ffn_mechanism,dense_121m,moe_220m,4185.662931704765,2185.5551844392103,-2000.1077472655543,False
train_tokens_per_second,efficiency,higher_is_better,10m,10007,moe_vs_dense,sparse_ffn_mechanism,dense_121m,moe_220m,4186.791827120883,2183.392327898199,-2003.399499222684,False
train_tokens_per_second,efficiency,higher_is_better,10m,11213,moe_vs_dense,sparse_ffn_mechanism,dense_121m,moe_220m,4168.618700089197,2179.2044073124503,-1989.4142927767466,False
train_tokens_per_second,efficiency,higher_is_better,10m,12721,moe_vs_dense,sparse_ffn_mechanism,dense_121m,moe_220m,4156.601341634665,2154.0928590506187,-2002.5084825840463,False
train_tokens_per_second,efficiency,higher_is_better,10m,1337,mla_moe_vs_dense,composition_supporting,dense_121m,mla_moe_220m,4204.116415524487,2063.4532550523804,-2140.6631604721065,False
train_tokens_per_second,efficiency,higher_is_better,10m,2027,mla_moe_vs_dense,composition_supporting,dense_121m,mla_moe_220m,4176.485923584752,2044.3208349143074,-2132.165088670444,False
train_tokens_per_second,efficiency,higher_is_better,10m,31415,mla_moe_vs_dense,composition_supporting,dense_121m,mla_moe_220m,4178.420355003024,2028.9362702060666,-2149.4840847969576,False
train_tokens_per_second,efficiency,higher_is_better,10m,4441,mla_moe_vs_dense,composition_supporting,dense_121m,mla_moe_220m,4196.8418431820055,2032.0995685042446,-2164.742274677761,False
train_tokens_per_second,efficiency,higher_is_better,10m,5501,mla_moe_vs_dense,composition_supporting,dense_121m,mla_moe_220m,4193.626460116145,2045.4874851196107,-2148.1389749965338,False
train_tokens_per_second,efficiency,higher_is_better,10m,6173,mla_moe_vs_dense,composition_supporting,dense_121m,mla_moe_220m,4183.293218568243,2038.2743376401284,-2145.0188809281144,False
train_tokens_per_second,efficiency,higher_is_better,10m,8191,mla_moe_vs_dense,composition_supporting,dense_121m,mla_moe_220m,4185.662931704765,2043.4736111633651,-2142.1893205413994,False
train_tokens_per_second,efficiency,higher_is_better,10m,10007,mla_moe_vs_dense,composition_supporting,dense_121m,mla_moe_220m,4186.791827120883,2040.351059784136,-2146.440767336747,False
train_tokens_per_second,efficiency,higher_is_better,10m,11213,mla_moe_vs_dense,composition_supporting,dense_121m,mla_moe_220m,4168.618700089197,2035.4273462739536,-2133.191353815243,False
train_tokens_per_second,efficiency,higher_is_better,10m,12721,mla_moe_vs_dense,composition_supporting,dense_121m,mla_moe_220m,4156.601341634665,2027.736962649394,-2128.8643789852713,False
train_tokens_per_second,efficiency,higher_is_better,10m,1337,mla_moe_vs_mla,composition_mechanism,mla_121m,mla_moe_220m,3661.25268330562,2063.4532550523804,-1597.7994282532395,False
train_tokens_per_second,efficiency,higher_is_better,10m,2027,mla_moe_vs_mla,composition_mechanism,mla_121m,mla_moe_220m,3668.4387877562067,2044.3208349143074,-1624.1179528418993,False
train_tokens_per_second,efficiency,higher_is_better,10m,31415,mla_moe_vs_mla,composition_mechanism,mla_121m,mla_moe_220m,3650.0937318890533,2028.9362702060666,-1621.1574616829866,False
train_tokens_per_second,efficiency,higher_is_better,10m,4441,mla_moe_vs_mla,composition_mechanism,mla_121m,mla_moe_220m,3660.9552345821007,2032.0995685042446,-1628.855666077856,False
train_tokens_per_second,efficiency,higher_is_better,10m,5501,mla_moe_vs_mla,composition_mechanism,mla_121m,mla_moe_220m,3661.827499800101,2045.4874851196107,-1616.3400146804904,False
train_tokens_per_second,efficiency,higher_is_better,10m,6173,mla_moe_vs_mla,composition_mechanism,mla_121m,mla_moe_220m,3650.8653104797195,2038.2743376401284,-1612.5909728395911,False
train_tokens_per_second,efficiency,higher_is_better,10m,8191,mla_moe_vs_mla,composition_mechanism,mla_121m,mla_moe_220m,3653.2107622805056,2043.4736111633651,-1609.7371511171405,False
train_tokens_per_second,efficiency,higher_is_better,10m,10007,mla_moe_vs_mla,composition_mechanism,mla_121m,mla_moe_220m,3672.0104413215295,2040.351059784136,-1631.6593815373935,False
train_tokens_per_second,efficiency,higher_is_better,10m,11213,mla_moe_vs_mla,composition_mechanism,mla_121m,mla_moe_220m,3633.670225180627,2035.4273462739536,-1598.2428789066732,False
train_tokens_per_second,efficiency,higher_is_better,10m,12721,mla_moe_vs_mla,composition_mechanism,mla_121m,mla_moe_220m,3640.3411029978884,2027.736962649394,-1612.6041403484944,False
train_tokens_per_second,efficiency,higher_is_better,10m,1337,mla_moe_vs_moe,composition_mechanism,moe_220m,mla_moe_220m,2198.7399840262656,2063.4532550523804,-135.28672897388515,False
train_tokens_per_second,efficiency,higher_is_better,10m,2027,mla_moe_vs_moe,composition_mechanism,moe_220m,mla_moe_220m,2207.8873406713874,2044.3208349143074,-163.56650575708,False
train_tokens_per_second,efficiency,higher_is_better,10m,31415,mla_moe_vs_moe,composition_mechanism,moe_220m,mla_moe_220m,2183.940582477767,2028.9362702060666,-155.0043122717002,False
train_tokens_per_second,efficiency,higher_is_better,10m,4441,mla_moe_vs_moe,composition_mechanism,moe_220m,mla_moe_220m,2168.2001783095366,2032.0995685042446,-136.10060980529192,False
train_tokens_per_second,efficiency,higher_is_better,10m,5501,mla_moe_vs_moe,composition_mechanism,moe_220m,mla_moe_220m,2176.849218849257,2045.4874851196107,-131.36173372964618,False
train_tokens_per_second,efficiency,higher_is_better,10m,6173,mla_moe_vs_moe,composition_mechanism,moe_220m,mla_moe_220m,2166.551815870884,2038.2743376401284,-128.27747823075583,False
train_tokens_per_second,efficiency,higher_is_better,10m,8191,mla_moe_vs_moe,composition_mechanism,moe_220m,mla_moe_220m,2185.5551844392103,2043.4736111633651,-142.08157327584513,False
train_tokens_per_second,efficiency,higher_is_better,10m,10007,mla_moe_vs_moe,composition_mechanism,moe_220m,mla_moe_220m,2183.392327898199,2040.351059784136,-143.04126811406286,False
train_tokens_per_second,efficiency,higher_is_better,10m,11213,mla_moe_vs_moe,composition_mechanism,moe_220m,mla_moe_220m,2179.2044073124503,2035.4273462739536,-143.77706103849664,False
train_tokens_per_second,efficiency,higher_is_better,10m,12721,mla_moe_vs_moe,composition_mechanism,moe_220m,mla_moe_220m,2154.0928590506187,2027.736962649394,-126.35589640122475,False
train_tokens_per_second,efficiency,higher_is_better,10m,1337,v3_routing_vs_moe,routing_mechanism,moe_220m,v3_routing_220m,2198.7399840262656,2210.896321555481,12.156337529215307,True
train_tokens_per_second,efficiency,higher_is_better,10m,2027,v3_routing_vs_moe,routing_mechanism,moe_220m,v3_routing_220m,2207.8873406713874,2197.519196595498,-10.368144075889177,False
train_tokens_per_second,efficiency,higher_is_better,10m,31415,v3_routing_vs_moe,routing_mechanism,moe_220m,v3_routing_220m,2183.940582477767,2165.7553926153346,-18.185189862432253,False
train_tokens_per_second,efficiency,higher_is_better,10m,4441,v3_routing_vs_moe,routing_mechanism,moe_220m,v3_routing_220m,2168.2001783095366,1811.421640045075,-356.77853826446153,False
train_tokens_per_second,efficiency,higher_is_better,10m,5501,v3_routing_vs_moe,routing_mechanism,moe_220m,v3_routing_220m,2176.849218849257,2192.68867916316,15.839460313903146,True
train_tokens_per_second,efficiency,higher_is_better,10m,6173,v3_routing_vs_moe,routing_mechanism,moe_220m,v3_routing_220m,2166.551815870884,2182.5200069856487,15.968191114764522,True
train_tokens_per_second,efficiency,higher_is_better,10m,8191,v3_routing_vs_moe,routing_mechanism,moe_220m,v3_routing_220m,2185.5551844392103,2193.2845828131967,7.729398373986442,True
train_tokens_per_second,efficiency,higher_is_better,10m,10007,v3_routing_vs_moe,routing_mechanism,moe_220m,v3_routing_220m,2183.392327898199,2190.6060368253006,7.213708927101834,True
train_tokens_per_second,efficiency,higher_is_better,10m,11213,v3_routing_vs_moe,routing_mechanism,moe_220m,v3_routing_220m,2179.2044073124503,2163.4782499819275,-15.72615733052271,False
train_tokens_per_second,efficiency,higher_is_better,10m,12721,v3_routing_vs_moe,routing_mechanism,moe_220m,v3_routing_220m,2154.0928590506187,2165.327350317063,11.234491266444365,True
train_tokens_per_second,efficiency,higher_is_better,10m,1337,mtp_vs_dense,objective_mechanism,dense_121m,mtp_121m,4204.116415524487,3629.019410717108,-575.0970048073791,False
train_tokens_per_second,efficiency,higher_is_better,10m,2027,mtp_vs_dense,objective_mechanism,dense_121m,mtp_121m,4176.485923584752,3617.836507328225,-558.6494162565268,False
train_tokens_per_second,efficiency,higher_is_better,10m,31415,mtp_vs_dense,objective_mechanism,dense_121m,mtp_121m,4178.420355003024,3607.4915671169015,-570.9287878861228,False
train_tokens_per_second,efficiency,higher_is_better,10m,4441,mtp_vs_dense,objective_mechanism,dense_121m,mtp_121m,4196.8418431820055,3627.1696188060278,-569.6722243759777,False
train_tokens_per_second,efficiency,higher_is_better,10m,5501,mtp_vs_dense,objective_mechanism,dense_121m,mtp_121m,4193.626460116145,3624.7926771701523,-568.8337829459924,False
train_tokens_per_second,efficiency,higher_is_better,10m,6173,mtp_vs_dense,objective_mechanism,dense_121m,mtp_121m,4183.293218568243,3614.741717099135,-568.5515014691082,False
train_tokens_per_second,efficiency,higher_is_better,10m,8191,mtp_vs_dense,objective_mechanism,dense_121m,mtp_121m,4185.662931704765,3622.7586615286978,-562.9042701760668,False
train_tokens_per_second,efficiency,higher_is_better,10m,10007,mtp_vs_dense,objective_mechanism,dense_121m,mtp_121m,4186.791827120883,3627.3366734853794,-559.4551536355034,False
train_tokens_per_second,efficiency,higher_is_better,10m,11213,mtp_vs_dense,objective_mechanism,dense_121m,mtp_121m,4168.618700089197,3617.969288191786,-550.649411897411,False
train_tokens_per_second,efficiency,higher_is_better,10m,12721,mtp_vs_dense,objective_mechanism,dense_121m,mtp_121m,4156.601341634665,3604.5335187072883,-552.0678229273767,False
train_tokens_per_second,efficiency,higher_is_better,25m,1337,mla_vs_dense,attention_mechanism,dense_121m,mla_121m,4198.9161946424765,3664.5343017892064,-534.3818928532701,False
train_tokens_per_second,efficiency,higher_is_better,25m,2027,mla_vs_dense,attention_mechanism,dense_121m,mla_121m,4175.824855018423,3640.22162372351,-535.6032312949123,False
train_tokens_per_second,efficiency,higher_is_better,25m,31415,mla_vs_dense,attention_mechanism,dense_121m,mla_121m,4186.293331071511,3649.363561651568,-536.9297694199427,False
train_tokens_per_second,efficiency,higher_is_better,25m,4441,mla_vs_dense,attention_mechanism,dense_121m,mla_121m,4165.821950394605,3622.731699773301,-543.0902506213038,False
train_tokens_per_second,efficiency,higher_is_better,25m,5501,mla_vs_dense,attention_mechanism,dense_121m,mla_121m,4187.8682517244515,3663.7441278241695,-524.124123900282,False
train_tokens_per_second,efficiency,higher_is_better,25m,6173,mla_vs_dense,attention_mechanism,dense_121m,mla_121m,4175.90437949018,3642.8108476586735,-533.0935318315064,False
train_tokens_per_second,efficiency,higher_is_better,25m,8191,mla_vs_dense,attention_mechanism,dense_121m,mla_121m,4196.671716753863,3673.0564226116753,-523.6152941421874,False
train_tokens_per_second,efficiency,higher_is_better,25m,10007,mla_vs_dense,attention_mechanism,dense_121m,mla_121m,4185.121353818547,3650.254609372948,-534.8667444455987,False
train_tokens_per_second,efficiency,higher_is_better,25m,11213,mla_vs_dense,attention_mechanism,dense_121m,mla_121m,4206.24517023494,3672.2348269335957,-534.0103433013442,False
train_tokens_per_second,efficiency,higher_is_better,25m,12721,mla_vs_dense,attention_mechanism,dense_121m,mla_121m,4200.113507457757,3658.0469610347404,-542.0665464230165,False
train_tokens_per_second,efficiency,higher_is_better,25m,1337,moe_vs_dense,sparse_ffn_mechanism,dense_121m,moe_220m,4198.9161946424765,2170.258606644957,-2028.6575879975194,False
train_tokens_per_second,efficiency,higher_is_better,25m,2027,moe_vs_dense,sparse_ffn_mechanism,dense_121m,moe_220m,4175.824855018423,2181.8938942600153,-1993.9309607584073,False
train_tokens_per_second,efficiency,higher_is_better,25m,31415,moe_vs_dense,sparse_ffn_mechanism,dense_121m,moe_220m,4186.293331071511,2175.690242842796,-2010.6030882287146,False
train_tokens_per_second,efficiency,higher_is_better,25m,4441,moe_vs_dense,sparse_ffn_mechanism,dense_121m,moe_220m,4165.821950394605,2172.2237348527337,-1993.598215541871,False
train_tokens_per_second,efficiency,higher_is_better,25m,5501,moe_vs_dense,sparse_ffn_mechanism,dense_121m,moe_220m,4187.8682517244515,2173.665501080842,-2014.2027506436093,False
train_tokens_per_second,efficiency,higher_is_better,25m,6173,moe_vs_dense,sparse_ffn_mechanism,dense_121m,moe_220m,4175.90437949018,2181.760029047516,-1994.1443504426638,False
train_tokens_per_second,efficiency,higher_is_better,25m,8191,moe_vs_dense,sparse_ffn_mechanism,dense_121m,moe_220m,4196.671716753863,2181.9177506869746,-2014.753966066888,False
train_tokens_per_second,efficiency,higher_is_better,25m,10007,moe_vs_dense,sparse_ffn_mechanism,dense_121m,moe_220m,4185.121353818547,2175.205461440184,-2009.9158923783625,False
train_tokens_per_second,efficiency,higher_is_better,25m,11213,moe_vs_dense,sparse_ffn_mechanism,dense_121m,moe_220m,4206.24517023494,2193.0700390294405,-2013.1751312054994,False
train_tokens_per_second,efficiency,higher_is_better,25m,12721,moe_vs_dense,sparse_ffn_mechanism,dense_121m,moe_220m,4200.113507457757,2187.0771250884904,-2013.0363823692664,False
train_tokens_per_second,efficiency,higher_is_better,25m,1337,mla_moe_vs_dense,composition_supporting,dense_121m,mla_moe_220m,4198.9161946424765,2033.8211810409582,-2165.095013601518,False
train_tokens_per_second,efficiency,higher_is_better,25m,2027,mla_moe_vs_dense,composition_supporting,dense_121m,mla_moe_220m,4175.824855018423,2047.825960828256,-2127.9988941901665,False
train_tokens_per_second,efficiency,higher_is_better,25m,31415,mla_moe_vs_dense,composition_supporting,dense_121m,mla_moe_220m,4186.293331071511,2028.1604940233344,-2158.132837048176,False
train_tokens_per_second,efficiency,higher_is_better,25m,4441,mla_moe_vs_dense,composition_supporting,dense_121m,mla_moe_220m,4165.821950394605,2040.6703887013512,-2125.151561693254,False
train_tokens_per_second,efficiency,higher_is_better,25m,5501,mla_moe_vs_dense,composition_supporting,dense_121m,mla_moe_220m,4187.8682517244515,2029.2884263285744,-2158.5798253958774,False
train_tokens_per_second,efficiency,higher_is_better,25m,6173,mla_moe_vs_dense,composition_supporting,dense_121m,mla_moe_220m,4175.90437949018,2033.1566769716287,-2142.7477025185513,False
train_tokens_per_second,efficiency,higher_is_better,25m,8191,mla_moe_vs_dense,composition_supporting,dense_121m,mla_moe_220m,4196.671716753863,2047.4464176187557,-2149.225299135107,False
train_tokens_per_second,efficiency,higher_is_better,25m,10007,mla_moe_vs_dense,composition_supporting,dense_121m,mla_moe_220m,4185.121353818547,2050.3058964344373,-2134.8154573841093,False
train_tokens_per_second,efficiency,higher_is_better,25m,11213,mla_moe_vs_dense,composition_supporting,dense_121m,mla_moe_220m,4206.24517023494,2046.9888500692848,-2159.256320165655,False
train_tokens_per_second,efficiency,higher_is_better,25m,12721,mla_moe_vs_dense,composition_supporting,dense_121m,mla_moe_220m,4200.113507457757,2047.0707437431051,-2153.0427637146518,False
train_tokens_per_second,efficiency,higher_is_better,25m,1337,mla_moe_vs_mla,composition_mechanism,mla_121m,mla_moe_220m,3664.5343017892064,2033.8211810409582,-1630.7131207482482,False
train_tokens_per_second,efficiency,higher_is_better,25m,2027,mla_moe_vs_mla,composition_mechanism,mla_121m,mla_moe_220m,3640.22162372351,2047.825960828256,-1592.3956628952542,False
train_tokens_per_second,efficiency,higher_is_better,25m,31415,mla_moe_vs_mla,composition_mechanism,mla_121m,mla_moe_220m,3649.363561651568,2028.1604940233344,-1621.2030676282336,False
train_tokens_per_second,efficiency,higher_is_better,25m,4441,mla_moe_vs_mla,composition_mechanism,mla_121m,mla_moe_220m,3622.731699773301,2040.6703887013512,-1582.0613110719498,False
train_tokens_per_second,efficiency,higher_is_better,25m,5501,mla_moe_vs_mla,composition_mechanism,mla_121m,mla_moe_220m,3663.7441278241695,2029.2884263285744,-1634.4557014955951,False
train_tokens_per_second,efficiency,higher_is_better,25m,6173,mla_moe_vs_mla,composition_mechanism,mla_121m,mla_moe_220m,3642.8108476586735,2033.1566769716287,-1609.6541706870448,False
train_tokens_per_second,efficiency,higher_is_better,25m,8191,mla_moe_vs_mla,composition_mechanism,mla_121m,mla_moe_220m,3673.0564226116753,2047.4464176187557,-1625.6100049929196,False
train_tokens_per_second,efficiency,higher_is_better,25m,10007,mla_moe_vs_mla,composition_mechanism,mla_121m,mla_moe_220m,3650.254609372948,2050.3058964344373,-1599.9487129385107,False
train_tokens_per_second,efficiency,higher_is_better,25m,11213,mla_moe_vs_mla,composition_mechanism,mla_121m,mla_moe_220m,3672.2348269335957,2046.9888500692848,-1625.245976864311,False
train_tokens_per_second,efficiency,higher_is_better,25m,12721,mla_moe_vs_mla,composition_mechanism,mla_121m,mla_moe_220m,3658.0469610347404,2047.0707437431051,-1610.9762172916353,False
train_tokens_per_second,efficiency,higher_is_better,25m,1337,mla_moe_vs_moe,composition_mechanism,moe_220m,mla_moe_220m,2170.258606644957,2033.8211810409582,-136.43742560399892,False
train_tokens_per_second,efficiency,higher_is_better,25m,2027,mla_moe_vs_moe,composition_mechanism,moe_220m,mla_moe_220m,2181.8938942600153,2047.825960828256,-134.06793343175923,False
train_tokens_per_second,efficiency,higher_is_better,25m,31415,mla_moe_vs_moe,composition_mechanism,moe_220m,mla_moe_220m,2175.690242842796,2028.1604940233344,-147.5297488194617,False
train_tokens_per_second,efficiency,higher_is_better,25m,4441,mla_moe_vs_moe,composition_mechanism,moe_220m,mla_moe_220m,2172.2237348527337,2040.6703887013512,-131.55334615138258,False
train_tokens_per_second,efficiency,higher_is_better,25m,5501,mla_moe_vs_moe,composition_mechanism,moe_220m,mla_moe_220m,2173.665501080842,2029.2884263285744,-144.37707475226784,False
train_tokens_per_second,efficiency,higher_is_better,25m,6173,mla_moe_vs_moe,composition_mechanism,moe_220m,mla_moe_220m,2181.760029047516,2033.1566769716287,-148.60335207588741,False
train_tokens_per_second,efficiency,higher_is_better,25m,8191,mla_moe_vs_moe,composition_mechanism,moe_220m,mla_moe_220m,2181.9177506869746,2047.4464176187557,-134.47133306821888,False
train_tokens_per_second,efficiency,higher_is_better,25m,10007,mla_moe_vs_moe,composition_mechanism,moe_220m,mla_moe_220m,2175.205461440184,2050.3058964344373,-124.89956500574681,False
train_tokens_per_second,efficiency,higher_is_better,25m,11213,mla_moe_vs_moe,composition_mechanism,moe_220m,mla_moe_220m,2193.0700390294405,2046.9888500692848,-146.0811889601557,False
train_tokens_per_second,efficiency,higher_is_better,25m,12721,mla_moe_vs_moe,composition_mechanism,moe_220m,mla_moe_220m,2187.0771250884904,2047.0707437431051,-140.0063813453853,False
train_tokens_per_second,efficiency,higher_is_better,25m,1337,v3_routing_vs_moe,routing_mechanism,moe_220m,v3_routing_220m,2170.258606644957,2183.9267091906536,13.668102545696456,True
train_tokens_per_second,efficiency,higher_is_better,25m,2027,v3_routing_vs_moe,routing_mechanism,moe_220m,v3_routing_220m,2181.8938942600153,2184.6244110680336,2.730516808018365,True
train_tokens_per_second,efficiency,higher_is_better,25m,31415,v3_routing_vs_moe,routing_mechanism,moe_220m,v3_routing_220m,2175.690242842796,2166.7333504942544,-8.956892348541714,False
train_tokens_per_second,efficiency,higher_is_better,25m,4441,v3_routing_vs_moe,routing_mechanism,moe_220m,v3_routing_220m,2172.2237348527337,2174.441592269998,2.2178574172644403,True
train_tokens_per_second,efficiency,higher_is_better,25m,5501,v3_routing_vs_moe,routing_mechanism,moe_220m,v3_routing_220m,2173.665501080842,2171.403627464527,-2.26187361631537,False
train_tokens_per_second,efficiency,higher_is_better,25m,6173,v3_routing_vs_moe,routing_mechanism,moe_220m,v3_routing_220m,2181.760029047516,2177.0663193949567,-4.6937096525593915,False
train_tokens_per_second,efficiency,higher_is_better,25m,8191,v3_routing_vs_moe,routing_mechanism,moe_220m,v3_routing_220m,2181.9177506869746,2194.123758057617,12.20600737064251,True
train_tokens_per_second,efficiency,higher_is_better,25m,10007,v3_routing_vs_moe,routing_mechanism,moe_220m,v3_routing_220m,2175.205461440184,2184.9226778325155,9.717216392331466,True
train_tokens_per_second,efficiency,higher_is_better,25m,11213,v3_routing_vs_moe,routing_mechanism,moe_220m,v3_routing_220m,2193.0700390294405,2172.2519873197584,-20.818051709682095,False
train_tokens_per_second,efficiency,higher_is_better,25m,12721,v3_routing_vs_moe,routing_mechanism,moe_220m,v3_routing_220m,2187.0771250884904,2192.0277199585207,4.950594870030272,True
train_tokens_per_second,efficiency,higher_is_better,25m,1337,mtp_vs_dense,objective_mechanism,dense_121m,mtp_121m,4198.9161946424765,3617.6744064702907,-581.2417881721858,False
train_tokens_per_second,efficiency,higher_is_better,25m,2027,mtp_vs_dense,objective_mechanism,dense_121m,mtp_121m,4175.824855018423,3615.2114930004395,-560.613362017983,False
train_tokens_per_second,efficiency,higher_is_better,25m,31415,mtp_vs_dense,objective_mechanism,dense_121m,mtp_121m,4186.293331071511,3595.6205218038876,-590.672809267623,False
train_tokens_per_second,efficiency,higher_is_better,25m,4441,mtp_vs_dense,objective_mechanism,dense_121m,mtp_121m,4165.821950394605,3603.2336699237953,-562.5882804708094,False
train_tokens_per_second,efficiency,higher_is_better,25m,5501,mtp_vs_dense,objective_mechanism,dense_121m,mtp_121m,4187.8682517244515,3592.029429847003,-595.8388218774485,False
train_tokens_per_second,efficiency,higher_is_better,25m,6173,mtp_vs_dense,objective_mechanism,dense_121m,mtp_121m,4175.90437949018,3613.4752820211324,-562.4290974690475,False
train_tokens_per_second,efficiency,higher_is_better,25m,8191,mtp_vs_dense,objective_mechanism,dense_121m,mtp_121m,4196.671716753863,3630.069497908188,-566.6022188456745,False
train_tokens_per_second,efficiency,higher_is_better,25m,10007,mtp_vs_dense,objective_mechanism,dense_121m,mtp_121m,4185.121353818547,3611.797183081281,-573.3241707372654,False
train_tokens_per_second,efficiency,higher_is_better,25m,11213,mtp_vs_dense,objective_mechanism,dense_121m,mtp_121m,4206.24517023494,3632.977016819761,-573.2681534151789,False
train_tokens_per_second,efficiency,higher_is_better,25m,12721,mtp_vs_dense,objective_mechanism,dense_121m,mtp_121m,4200.113507457757,3624.627746107786,-575.4857613499707,False
train_tokens_per_second,efficiency,higher_is_better,50m,1337,mla_vs_dense,attention_mechanism,dense_121m,mla_121m,4193.886122094697,3656.7666842928825,-537.1194378018149,False
train_tokens_per_second,efficiency,higher_is_better,50m,2027,mla_vs_dense,attention_mechanism,dense_121m,mla_121m,4183.019802769981,3653.502748513355,-529.5170542566257,False
train_tokens_per_second,efficiency,higher_is_better,50m,31415,mla_vs_dense,attention_mechanism,dense_121m,mla_121m,4199.201256528807,3661.25241457829,-537.9488419505169,False
train_tokens_per_second,efficiency,higher_is_better,50m,4441,mla_vs_dense,attention_mechanism,dense_121m,mla_121m,4195.956885395025,3664.9191091262073,-531.0377762688177,False
train_tokens_per_second,efficiency,higher_is_better,50m,5501,mla_vs_dense,attention_mechanism,dense_121m,mla_121m,4200.153290454216,3665.202260562399,-534.9510298918176,False
train_tokens_per_second,efficiency,higher_is_better,50m,6173,mla_vs_dense,attention_mechanism,dense_121m,mla_121m,4200.797150822354,3663.71561040387,-537.0815404184837,False
train_tokens_per_second,efficiency,higher_is_better,50m,8191,mla_vs_dense,attention_mechanism,dense_121m,mla_121m,4199.6056785404,3658.657148133964,-540.948530406436,False
train_tokens_per_second,efficiency,higher_is_better,50m,10007,mla_vs_dense,attention_mechanism,dense_121m,mla_121m,4194.2703626511375,3653.860123330521,-540.4102393206163,False
train_tokens_per_second,efficiency,higher_is_better,50m,11213,mla_vs_dense,attention_mechanism,dense_121m,mla_121m,4199.816839657726,3654.903657505502,-544.9131821522237,False
train_tokens_per_second,efficiency,higher_is_better,50m,12721,mla_vs_dense,attention_mechanism,dense_121m,mla_121m,4202.504160977891,3663.7707242331335,-538.7334367447575,False
train_tokens_per_second,efficiency,higher_is_better,50m,1337,moe_vs_dense,sparse_ffn_mechanism,dense_121m,moe_220m,4193.886122094697,2175.172365353566,-2018.7137567411314,False
train_tokens_per_second,efficiency,higher_is_better,50m,2027,moe_vs_dense,sparse_ffn_mechanism,dense_121m,moe_220m,4183.019802769981,2173.8448822905207,-2009.17492047946,False
train_tokens_per_second,efficiency,higher_is_better,50m,31415,moe_vs_dense,sparse_ffn_mechanism,dense_121m,moe_220m,4199.201256528807,2192.9843234143827,-2006.2169331144241,False
train_tokens_per_second,efficiency,higher_is_better,50m,4441,moe_vs_dense,sparse_ffn_mechanism,dense_121m,moe_220m,4195.956885395025,2188.9835615620264,-2006.9733238329986,False
train_tokens_per_second,efficiency,higher_is_better,50m,5501,moe_vs_dense,sparse_ffn_mechanism,dense_121m,moe_220m,4200.153290454216,2216.020552246868,-1984.1327382073482,False
train_tokens_per_second,efficiency,higher_is_better,50m,6173,moe_vs_dense,sparse_ffn_mechanism,dense_121m,moe_220m,4200.797150822354,2187.715241084142,-2013.0819097382118,False
train_tokens_per_second,efficiency,higher_is_better,50m,8191,moe_vs_dense,sparse_ffn_mechanism,dense_121m,moe_220m,4199.6056785404,2188.0211219171642,-2011.5845566232356,False
train_tokens_per_second,efficiency,higher_is_better,50m,10007,moe_vs_dense,sparse_ffn_mechanism,dense_121m,moe_220m,4194.2703626511375,2181.4136296093757,-2012.8567330417618,False
train_tokens_per_second,efficiency,higher_is_better,50m,11213,moe_vs_dense,sparse_ffn_mechanism,dense_121m,moe_220m,4199.816839657726,2178.030775895324,-2021.7860637624017,False
train_tokens_per_second,efficiency,higher_is_better,50m,12721,moe_vs_dense,sparse_ffn_mechanism,dense_121m,moe_220m,4202.504160977891,2186.0158750872038,-2016.4882858906872,False
train_tokens_per_second,efficiency,higher_is_better,50m,1337,mla_moe_vs_dense,composition_supporting,dense_121m,mla_moe_220m,4193.886122094697,2043.4518358621144,-2150.434286232583,False
train_tokens_per_second,efficiency,higher_is_better,50m,2027,mla_moe_vs_dense,composition_supporting,dense_121m,mla_moe_220m,4183.019802769981,2050.4004375731197,-2132.619365196861,False
train_tokens_per_second,efficiency,higher_is_better,50m,31415,mla_moe_vs_dense,composition_supporting,dense_121m,mla_moe_220m,4199.201256528807,2056.058397434891,-2143.142859093916,False
train_tokens_per_second,efficiency,higher_is_better,50m,4441,mla_moe_vs_dense,composition_supporting,dense_121m,mla_moe_220m,4195.956885395025,2051.665130483931,-2144.291754911094,False
train_tokens_per_second,efficiency,higher_is_better,50m,5501,mla_moe_vs_dense,composition_supporting,dense_121m,mla_moe_220m,4200.153290454216,2063.5890077278777,-2136.5642827263387,False
train_tokens_per_second,efficiency,higher_is_better,50m,6173,mla_moe_vs_dense,composition_supporting,dense_121m,mla_moe_220m,4200.797150822354,2027.7805930860334,-2173.0165577363205,False
train_tokens_per_second,efficiency,higher_is_better,50m,8191,mla_moe_vs_dense,composition_supporting,dense_121m,mla_moe_220m,4199.6056785404,2040.9280876576772,-2158.6775908827226,False
train_tokens_per_second,efficiency,higher_is_better,50m,10007,mla_moe_vs_dense,composition_supporting,dense_121m,mla_moe_220m,4194.2703626511375,2047.4175277652785,-2146.852834885859,False
train_tokens_per_second,efficiency,higher_is_better,50m,11213,mla_moe_vs_dense,composition_supporting,dense_121m,mla_moe_220m,4199.816839657726,2035.6301944430331,-2164.1866452146924,False
train_tokens_per_second,efficiency,higher_is_better,50m,12721,mla_moe_vs_dense,composition_supporting,dense_121m,mla_moe_220m,4202.504160977891,2057.8622116419488,-2144.641949335942,False
train_tokens_per_second,efficiency,higher_is_better,50m,1337,mla_moe_vs_mla,composition_mechanism,mla_121m,mla_moe_220m,3656.7666842928825,2043.4518358621144,-1613.314848430768,False
train_tokens_per_second,efficiency,higher_is_better,50m,2027,mla_moe_vs_mla,composition_mechanism,mla_121m,mla_moe_220m,3653.502748513355,2050.4004375731197,-1603.1023109402354,False
train_tokens_per_second,efficiency,higher_is_better,50m,31415,mla_moe_vs_mla,composition_mechanism,mla_121m,mla_moe_220m,3661.25241457829,2056.058397434891,-1605.194017143399,False
train_tokens_per_second,efficiency,higher_is_better,50m,4441,mla_moe_vs_mla,composition_mechanism,mla_121m,mla_moe_220m,3664.9191091262073,2051.665130483931,-1613.2539786422763,False
train_tokens_per_second,efficiency,higher_is_better,50m,5501,mla_moe_vs_mla,composition_mechanism,mla_121m,mla_moe_220m,3665.202260562399,2063.5890077278777,-1601.613252834521,False
train_tokens_per_second,efficiency,higher_is_better,50m,6173,mla_moe_vs_mla,composition_mechanism,mla_121m,mla_moe_220m,3663.71561040387,2027.7805930860334,-1635.9350173178366,False
train_tokens_per_second,efficiency,higher_is_better,50m,8191,mla_moe_vs_mla,composition_mechanism,mla_121m,mla_moe_220m,3658.657148133964,2040.9280876576772,-1617.7290604762866,False
train_tokens_per_second,efficiency,higher_is_better,50m,10007,mla_moe_vs_mla,composition_mechanism,mla_121m,mla_moe_220m,3653.860123330521,2047.4175277652785,-1606.4425955652428,False
train_tokens_per_second,efficiency,higher_is_better,50m,11213,mla_moe_vs_mla,composition_mechanism,mla_121m,mla_moe_220m,3654.903657505502,2035.6301944430331,-1619.2734630624689,False
train_tokens_per_second,efficiency,higher_is_better,50m,12721,mla_moe_vs_mla,composition_mechanism,mla_121m,mla_moe_220m,3663.7707242331335,2057.8622116419488,-1605.9085125911847,False
train_tokens_per_second,efficiency,higher_is_better,50m,1337,mla_moe_vs_moe,composition_mechanism,moe_220m,mla_moe_220m,2175.172365353566,2043.4518358621144,-131.72052949145154,False
train_tokens_per_second,efficiency,higher_is_better,50m,2027,mla_moe_vs_moe,composition_mechanism,moe_220m,mla_moe_220m,2173.8448822905207,2050.4004375731197,-123.44444471740098,False
train_tokens_per_second,efficiency,higher_is_better,50m,31415,mla_moe_vs_moe,composition_mechanism,moe_220m,mla_moe_220m,2192.9843234143827,2056.058397434891,-136.9259259794917,False
train_tokens_per_second,efficiency,higher_is_better,50m,4441,mla_moe_vs_moe,composition_mechanism,moe_220m,mla_moe_220m,2188.9835615620264,2051.665130483931,-137.31843107809527,False
train_tokens_per_second,efficiency,higher_is_better,50m,5501,mla_moe_vs_moe,composition_mechanism,moe_220m,mla_moe_220m,2216.020552246868,2063.5890077278777,-152.43154451899045,False
train_tokens_per_second,efficiency,higher_is_better,50m,6173,mla_moe_vs_moe,composition_mechanism,moe_220m,mla_moe_220m,2187.715241084142,2027.7805930860334,-159.9346479981084,False
train_tokens_per_second,efficiency,higher_is_better,50m,8191,mla_moe_vs_moe,composition_mechanism,moe_220m,mla_moe_220m,2188.0211219171642,2040.9280876576772,-147.093034259487,False
train_tokens_per_second,efficiency,higher_is_better,50m,10007,mla_moe_vs_moe,composition_mechanism,moe_220m,mla_moe_220m,2181.4136296093757,2047.4175277652785,-133.9961018440972,False
train_tokens_per_second,efficiency,higher_is_better,50m,11213,mla_moe_vs_moe,composition_mechanism,moe_220m,mla_moe_220m,2178.030775895324,2035.6301944430331,-142.4005814522909,False
train_tokens_per_second,efficiency,higher_is_better,50m,12721,mla_moe_vs_moe,composition_mechanism,moe_220m,mla_moe_220m,2186.0158750872038,2057.8622116419488,-128.153663445255,False
train_tokens_per_second,efficiency,higher_is_better,50m,1337,v3_routing_vs_moe,routing_mechanism,moe_220m,v3_routing_220m,2175.172365353566,2188.3629402397974,13.190574886231389,True
train_tokens_per_second,efficiency,higher_is_better,50m,2027,v3_routing_vs_moe,routing_mechanism,moe_220m,v3_routing_220m,2173.8448822905207,2180.9653494864647,7.120467195944002,True
train_tokens_per_second,efficiency,higher_is_better,50m,31415,v3_routing_vs_moe,routing_mechanism,moe_220m,v3_routing_220m,2192.9843234143827,2202.8750871451502,9.890763730767503,True
train_tokens_per_second,efficiency,higher_is_better,50m,4441,v3_routing_vs_moe,routing_mechanism,moe_220m,v3_routing_220m,2188.9835615620264,2203.375101651922,14.391540089895443,True
train_tokens_per_second,efficiency,higher_is_better,50m,5501,v3_routing_vs_moe,routing_mechanism,moe_220m,v3_routing_220m,2216.020552246868,2180.573609079482,-35.44694316738605,False
train_tokens_per_second,efficiency,higher_is_better,50m,6173,v3_routing_vs_moe,routing_mechanism,moe_220m,v3_routing_220m,2187.715241084142,2184.1147122401994,-3.6005288439423566,False
train_tokens_per_second,efficiency,higher_is_better,50m,8191,v3_routing_vs_moe,routing_mechanism,moe_220m,v3_routing_220m,2188.0211219171642,2180.7289171688353,-7.292204748328913,False
train_tokens_per_second,efficiency,higher_is_better,50m,10007,v3_routing_vs_moe,routing_mechanism,moe_220m,v3_routing_220m,2181.4136296093757,2187.9240819929855,6.510452383609845,True
train_tokens_per_second,efficiency,higher_is_better,50m,11213,v3_routing_vs_moe,routing_mechanism,moe_220m,v3_routing_220m,2178.030775895324,2185.2502294447104,7.219453549386344,True
train_tokens_per_second,efficiency,higher_is_better,50m,12721,v3_routing_vs_moe,routing_mechanism,moe_220m,v3_routing_220m,2186.0158750872038,2192.9658225448493,6.949947457645521,True
train_tokens_per_second,efficiency,higher_is_better,50m,1337,mtp_vs_dense,objective_mechanism,dense_121m,mtp_121m,4193.886122094697,3629.8246746524446,-564.0614474422528,False
train_tokens_per_second,efficiency,higher_is_better,50m,2027,mtp_vs_dense,objective_mechanism,dense_121m,mtp_121m,4183.019802769981,3629.494129976643,-553.5256727933379,False
train_tokens_per_second,efficiency,higher_is_better,50m,31415,mtp_vs_dense,objective_mechanism,dense_121m,mtp_121m,4199.201256528807,3636.82908805562,-562.3721684731868,False
train_tokens_per_second,efficiency,higher_is_better,50m,4441,mtp_vs_dense,objective_mechanism,dense_121m,mtp_121m,4195.956885395025,3638.9147520523557,-557.0421333426693,False
train_tokens_per_second,efficiency,higher_is_better,50m,5501,mtp_vs_dense,objective_mechanism,dense_121m,mtp_121m,4200.153290454216,3637.657226282913,-562.4960641713033,False
train_tokens_per_second,efficiency,higher_is_better,50m,6173,mtp_vs_dense,objective_mechanism,dense_121m,mtp_121m,4200.797150822354,3639.6375288820036,-561.15962194035,False
train_tokens_per_second,efficiency,higher_is_better,50m,8191,mtp_vs_dense,objective_mechanism,dense_121m,mtp_121m,4199.6056785404,3641.6490814237936,-557.9565971166062,False
train_tokens_per_second,efficiency,higher_is_better,50m,10007,mtp_vs_dense,objective_mechanism,dense_121m,mtp_121m,4194.2703626511375,3620.248078773263,-574.0222838778745,False
train_tokens_per_second,efficiency,higher_is_better,50m,11213,mtp_vs_dense,objective_mechanism,dense_121m,mtp_121m,4199.816839657726,3623.140472634241,-576.6763670234845,False
train_tokens_per_second,efficiency,higher_is_better,50m,12721,mtp_vs_dense,objective_mechanism,dense_121m,mtp_121m,4202.504160977891,3624.234513674034,-578.2696473038568,False
peak_memory_bytes,efficiency,lower_is_better,10m,1337,mla_vs_dense,attention_mechanism,dense_121m,mla_121m,3090290688.0,3553236992.0,462946304.0,False
peak_memory_bytes,efficiency,lower_is_better,10m,2027,mla_vs_dense,attention_mechanism,dense_121m,mla_121m,3090290688.0,3553236992.0,462946304.0,False
peak_memory_bytes,efficiency,lower_is_better,10m,31415,mla_vs_dense,attention_mechanism,dense_121m,mla_121m,3090290688.0,3553236992.0,462946304.0,False
peak_memory_bytes,efficiency,lower_is_better,10m,4441,mla_vs_dense,attention_mechanism,dense_121m,mla_121m,3090290688.0,3553236992.0,462946304.0,False
peak_memory_bytes,efficiency,lower_is_better,10m,5501,mla_vs_dense,attention_mechanism,dense_121m,mla_121m,3090290688.0,3553236992.0,462946304.0,False
peak_memory_bytes,efficiency,lower_is_better,10m,6173,mla_vs_dense,attention_mechanism,dense_121m,mla_121m,3090290688.0,3553236992.0,462946304.0,False
peak_memory_bytes,efficiency,lower_is_better,10m,8191,mla_vs_dense,attention_mechanism,dense_121m,mla_121m,3090290688.0,3553236992.0,462946304.0,False
peak_memory_bytes,efficiency,lower_is_better,10m,10007,mla_vs_dense,attention_mechanism,dense_121m,mla_121m,3090290688.0,3553236992.0,462946304.0,False
peak_memory_bytes,efficiency,lower_is_better,10m,11213,mla_vs_dense,attention_mechanism,dense_121m,mla_121m,3090290688.0,3553236992.0,462946304.0,False
peak_memory_bytes,efficiency,lower_is_better,10m,12721,mla_vs_dense,attention_mechanism,dense_121m,mla_121m,3090290688.0,3553236992.0,462946304.0,False
peak_memory_bytes,efficiency,lower_is_better,10m,1337,moe_vs_dense,sparse_ffn_mechanism,dense_121m,moe_220m,3090290688.0,4654879744.0,1564589056.0,False
peak_memory_bytes,efficiency,lower_is_better,10m,2027,moe_vs_dense,sparse_ffn_mechanism,dense_121m,moe_220m,3090290688.0,4654347264.0,1564056576.0,False
peak_memory_bytes,efficiency,lower_is_better,10m,31415,moe_vs_dense,sparse_ffn_mechanism,dense_121m,moe_220m,3090290688.0,4655413248.0,1565122560.0,False
peak_memory_bytes,efficiency,lower_is_better,10m,4441,moe_vs_dense,sparse_ffn_mechanism,dense_121m,moe_220m,3090290688.0,4660452352.0,1570161664.0,False
peak_memory_bytes,efficiency,lower_is_better,10m,5501,moe_vs_dense,sparse_ffn_mechanism,dense_121m,moe_220m,3090290688.0,4659177472.0,1568886784.0,False
peak_memory_bytes,efficiency,lower_is_better,10m,6173,moe_vs_dense,sparse_ffn_mechanism,dense_121m,moe_220m,3090290688.0,4653139968.0,1562849280.0,False
peak_memory_bytes,efficiency,lower_is_better,10m,8191,moe_vs_dense,sparse_ffn_mechanism,dense_121m,moe_220m,3090290688.0,4651116544.0,1560825856.0,False
peak_memory_bytes,efficiency,lower_is_better,10m,10007,moe_vs_dense,sparse_ffn_mechanism,dense_121m,moe_220m,3090290688.0,4661227520.0,1570936832.0,False
peak_memory_bytes,efficiency,lower_is_better,10m,11213,moe_vs_dense,sparse_ffn_mechanism,dense_121m,moe_220m,3090290688.0,4655453184.0,1565162496.0,False
peak_memory_bytes,efficiency,lower_is_better,10m,12721,moe_vs_dense,sparse_ffn_mechanism,dense_121m,moe_220m,3090290688.0,4656500736.0,1566210048.0,False
peak_memory_bytes,efficiency,lower_is_better,10m,1337,mla_moe_vs_dense,composition_supporting,dense_121m,mla_moe_220m,3090290688.0,4995514368.0,1905223680.0,False
peak_memory_bytes,efficiency,lower_is_better,10m,2027,mla_moe_vs_dense,composition_supporting,dense_121m,mla_moe_220m,3090290688.0,4985453568.0,1895162880.0,False
peak_memory_bytes,efficiency,lower_is_better,10m,31415,mla_moe_vs_dense,composition_supporting,dense_121m,mla_moe_220m,3090290688.0,4985416704.0,1895126016.0,False
peak_memory_bytes,efficiency,lower_is_better,10m,4441,mla_moe_vs_dense,composition_supporting,dense_121m,mla_moe_220m,3090290688.0,4984298496.0,1894007808.0,False
peak_memory_bytes,efficiency,lower_is_better,10m,5501,mla_moe_vs_dense,composition_supporting,dense_121m,mla_moe_220m,3090290688.0,4984268800.0,1893978112.0,False
peak_memory_bytes,efficiency,lower_is_better,10m,6173,mla_moe_vs_dense,composition_supporting,dense_121m,mla_moe_220m,3090290688.0,4987759616.0,1897468928.0,False
peak_memory_bytes,efficiency,lower_is_better,10m,8191,mla_moe_vs_dense,composition_supporting,dense_121m,mla_moe_220m,3090290688.0,4992602112.0,1902311424.0,False
peak_memory_bytes,efficiency,lower_is_better,10m,10007,mla_moe_vs_dense,composition_supporting,dense_121m,mla_moe_220m,3090290688.0,4983399424.0,1893108736.0,False
peak_memory_bytes,efficiency,lower_is_better,10m,11213,mla_moe_vs_dense,composition_supporting,dense_121m,mla_moe_220m,3090290688.0,4985872384.0,1895581696.0,False
peak_memory_bytes,efficiency,lower_is_better,10m,12721,mla_moe_vs_dense,composition_supporting,dense_121m,mla_moe_220m,3090290688.0,4983198720.0,1892908032.0,False
peak_memory_bytes,efficiency,lower_is_better,10m,1337,mla_moe_vs_mla,composition_mechanism,mla_121m,mla_moe_220m,3553236992.0,4995514368.0,1442277376.0,False
peak_memory_bytes,efficiency,lower_is_better,10m,2027,mla_moe_vs_mla,composition_mechanism,mla_121m,mla_moe_220m,3553236992.0,4985453568.0,1432216576.0,False
peak_memory_bytes,efficiency,lower_is_better,10m,31415,mla_moe_vs_mla,composition_mechanism,mla_121m,mla_moe_220m,3553236992.0,4985416704.0,1432179712.0,False
peak_memory_bytes,efficiency,lower_is_better,10m,4441,mla_moe_vs_mla,composition_mechanism,mla_121m,mla_moe_220m,3553236992.0,4984298496.0,1431061504.0,False
peak_memory_bytes,efficiency,lower_is_better,10m,5501,mla_moe_vs_mla,composition_mechanism,mla_121m,mla_moe_220m,3553236992.0,4984268800.0,1431031808.0,False
peak_memory_bytes,efficiency,lower_is_better,10m,6173,mla_moe_vs_mla,composition_mechanism,mla_121m,mla_moe_220m,3553236992.0,4987759616.0,1434522624.0,False
peak_memory_bytes,efficiency,lower_is_better,10m,8191,mla_moe_vs_mla,composition_mechanism,mla_121m,mla_moe_220m,3553236992.0,4992602112.0,1439365120.0,False
peak_memory_bytes,efficiency,lower_is_better,10m,10007,mla_moe_vs_mla,composition_mechanism,mla_121m,mla_moe_220m,3553236992.0,4983399424.0,1430162432.0,False
peak_memory_bytes,efficiency,lower_is_better,10m,11213,mla_moe_vs_mla,composition_mechanism,mla_121m,mla_moe_220m,3553236992.0,4985872384.0,1432635392.0,False
peak_memory_bytes,efficiency,lower_is_better,10m,12721,mla_moe_vs_mla,composition_mechanism,mla_121m,mla_moe_220m,3553236992.0,4983198720.0,1429961728.0,False
peak_memory_bytes,efficiency,lower_is_better,10m,1337,mla_moe_vs_moe,composition_mechanism,moe_220m,mla_moe_220m,4654879744.0,4995514368.0,340634624.0,False
peak_memory_bytes,efficiency,lower_is_better,10m,2027,mla_moe_vs_moe,composition_mechanism,moe_220m,mla_moe_220m,4654347264.0,4985453568.0,331106304.0,False
peak_memory_bytes,efficiency,lower_is_better,10m,31415,mla_moe_vs_moe,composition_mechanism,moe_220m,mla_moe_220m,4655413248.0,4985416704.0,330003456.0,False
peak_memory_bytes,efficiency,lower_is_better,10m,4441,mla_moe_vs_moe,composition_mechanism,moe_220m,mla_moe_220m,4660452352.0,4984298496.0,323846144.0,False
peak_memory_bytes,efficiency,lower_is_better,10m,5501,mla_moe_vs_moe,composition_mechanism,moe_220m,mla_moe_220m,4659177472.0,4984268800.0,325091328.0,False
peak_memory_bytes,efficiency,lower_is_better,10m,6173,mla_moe_vs_moe,composition_mechanism,moe_220m,mla_moe_220m,4653139968.0,4987759616.0,334619648.0,False
peak_memory_bytes,efficiency,lower_is_better,10m,8191,mla_moe_vs_moe,composition_mechanism,moe_220m,mla_moe_220m,4651116544.0,4992602112.0,341485568.0,False
peak_memory_bytes,efficiency,lower_is_better,10m,10007,mla_moe_vs_moe,composition_mechanism,moe_220m,mla_moe_220m,4661227520.0,4983399424.0,322171904.0,False
peak_memory_bytes,efficiency,lower_is_better,10m,11213,mla_moe_vs_moe,composition_mechanism,moe_220m,mla_moe_220m,4655453184.0,4985872384.0,330419200.0,False
peak_memory_bytes,efficiency,lower_is_better,10m,12721,mla_moe_vs_moe,composition_mechanism,moe_220m,mla_moe_220m,4656500736.0,4983198720.0,326697984.0,False
peak_memory_bytes,efficiency,lower_is_better,10m,1337,v3_routing_vs_moe,routing_mechanism,moe_220m,v3_routing_220m,4654879744.0,4655881216.0,1001472.0,False
peak_memory_bytes,efficiency,lower_is_better,10m,2027,v3_routing_vs_moe,routing_mechanism,moe_220m,v3_routing_220m,4654347264.0,4652377088.0,-1970176.0,True
peak_memory_bytes,efficiency,lower_is_better,10m,31415,v3_routing_vs_moe,routing_mechanism,moe_220m,v3_routing_220m,4655413248.0,4654015488.0,-1397760.0,True
peak_memory_bytes,efficiency,lower_is_better,10m,4441,v3_routing_vs_moe,routing_mechanism,moe_220m,v3_routing_220m,4660452352.0,4660792320.0,339968.0,False
peak_memory_bytes,efficiency,lower_is_better,10m,5501,v3_routing_vs_moe,routing_mechanism,moe_220m,v3_routing_220m,4659177472.0,4658183168.0,-994304.0,True
peak_memory_bytes,efficiency,lower_is_better,10m,6173,v3_routing_vs_moe,routing_mechanism,moe_220m,v3_routing_220m,4653139968.0,4652175360.0,-964608.0,True
peak_memory_bytes,efficiency,lower_is_better,10m,8191,v3_routing_vs_moe,routing_mechanism,moe_220m,v3_routing_220m,4651116544.0,4650484736.0,-631808.0,True
peak_memory_bytes,efficiency,lower_is_better,10m,10007,v3_routing_vs_moe,routing_mechanism,moe_220m,v3_routing_220m,4661227520.0,4654790656.0,-6436864.0,True
peak_memory_bytes,efficiency,lower_is_better,10m,11213,v3_routing_vs_moe,routing_mechanism,moe_220m,v3_routing_220m,4655453184.0,4660621312.0,5168128.0,False
peak_memory_bytes,efficiency,lower_is_better,10m,12721,v3_routing_vs_moe,routing_mechanism,moe_220m,v3_routing_220m,4656500736.0,4653510656.0,-2990080.0,True
peak_memory_bytes,efficiency,lower_is_better,10m,1337,mtp_vs_dense,objective_mechanism,dense_121m,mtp_121m,3090290688.0,3488620032.0,398329344.0,False
peak_memory_bytes,efficiency,lower_is_better,10m,2027,mtp_vs_dense,objective_mechanism,dense_121m,mtp_121m,3090290688.0,3488620032.0,398329344.0,False
peak_memory_bytes,efficiency,lower_is_better,10m,31415,mtp_vs_dense,objective_mechanism,dense_121m,mtp_121m,3090290688.0,3488620032.0,398329344.0,False
peak_memory_bytes,efficiency,lower_is_better,10m,4441,mtp_vs_dense,objective_mechanism,dense_121m,mtp_121m,3090290688.0,3488620032.0,398329344.0,False
peak_memory_bytes,efficiency,lower_is_better,10m,5501,mtp_vs_dense,objective_mechanism,dense_121m,mtp_121m,3090290688.0,3488620032.0,398329344.0,False
peak_memory_bytes,efficiency,lower_is_better,10m,6173,mtp_vs_dense,objective_mechanism,dense_121m,mtp_121m,3090290688.0,3488620032.0,398329344.0,False
peak_memory_bytes,efficiency,lower_is_better,10m,8191,mtp_vs_dense,objective_mechanism,dense_121m,mtp_121m,3090290688.0,3488620032.0,398329344.0,False
peak_memory_bytes,efficiency,lower_is_better,10m,10007,mtp_vs_dense,objective_mechanism,dense_121m,mtp_121m,3090290688.0,3488620032.0,398329344.0,False
peak_memory_bytes,efficiency,lower_is_better,10m,11213,mtp_vs_dense,objective_mechanism,dense_121m,mtp_121m,3090290688.0,3488620032.0,398329344.0,False
peak_memory_bytes,efficiency,lower_is_better,10m,12721,mtp_vs_dense,objective_mechanism,dense_121m,mtp_121m,3090290688.0,3488620032.0,398329344.0,False
peak_memory_bytes,efficiency,lower_is_better,25m,1337,mla_vs_dense,attention_mechanism,dense_121m,mla_121m,3090290688.0,3553236992.0,462946304.0,False
peak_memory_bytes,efficiency,lower_is_better,25m,2027,mla_vs_dense,attention_mechanism,dense_121m,mla_121m,3090290688.0,3553236992.0,462946304.0,False
peak_memory_bytes,efficiency,lower_is_better,25m,31415,mla_vs_dense,attention_mechanism,dense_121m,mla_121m,3090290688.0,3553236992.0,462946304.0,False
peak_memory_bytes,efficiency,lower_is_better,25m,4441,mla_vs_dense,attention_mechanism,dense_121m,mla_121m,3090290688.0,3553236992.0,462946304.0,False
peak_memory_bytes,efficiency,lower_is_better,25m,5501,mla_vs_dense,attention_mechanism,dense_121m,mla_121m,3090290688.0,3553236992.0,462946304.0,False
peak_memory_bytes,efficiency,lower_is_better,25m,6173,mla_vs_dense,attention_mechanism,dense_121m,mla_121m,3090290688.0,3553236992.0,462946304.0,False
peak_memory_bytes,efficiency,lower_is_better,25m,8191,mla_vs_dense,attention_mechanism,dense_121m,mla_121m,3090290688.0,3553236992.0,462946304.0,False
peak_memory_bytes,efficiency,lower_is_better,25m,10007,mla_vs_dense,attention_mechanism,dense_121m,mla_121m,3090290688.0,3553236992.0,462946304.0,False
peak_memory_bytes,efficiency,lower_is_better,25m,11213,mla_vs_dense,attention_mechanism,dense_121m,mla_121m,3090290688.0,3553236992.0,462946304.0,False
peak_memory_bytes,efficiency,lower_is_better,25m,12721,mla_vs_dense,attention_mechanism,dense_121m,mla_121m,3090290688.0,3553236992.0,462946304.0,False
peak_memory_bytes,efficiency,lower_is_better,25m,1337,moe_vs_dense,sparse_ffn_mechanism,dense_121m,moe_220m,3090290688.0,4654879744.0,1564589056.0,False
peak_memory_bytes,efficiency,lower_is_better,25m,2027,moe_vs_dense,sparse_ffn_mechanism,dense_121m,moe_220m,3090290688.0,4654347264.0,1564056576.0,False
peak_memory_bytes,efficiency,lower_is_better,25m,31415,moe_vs_dense,sparse_ffn_mechanism,dense_121m,moe_220m,3090290688.0,4655413248.0,1565122560.0,False
peak_memory_bytes,efficiency,lower_is_better,25m,4441,moe_vs_dense,sparse_ffn_mechanism,dense_121m,moe_220m,3090290688.0,4660452352.0,1570161664.0,False
peak_memory_bytes,efficiency,lower_is_better,25m,5501,moe_vs_dense,sparse_ffn_mechanism,dense_121m,moe_220m,3090290688.0,4659177472.0,1568886784.0,False
peak_memory_bytes,efficiency,lower_is_better,25m,6173,moe_vs_dense,sparse_ffn_mechanism,dense_121m,moe_220m,3090290688.0,4653139968.0,1562849280.0,False
peak_memory_bytes,efficiency,lower_is_better,25m,8191,moe_vs_dense,sparse_ffn_mechanism,dense_121m,moe_220m,3090290688.0,4651116544.0,1560825856.0,False
peak_memory_bytes,efficiency,lower_is_better,25m,10007,moe_vs_dense,sparse_ffn_mechanism,dense_121m,moe_220m,3090290688.0,4661227520.0,1570936832.0,False
peak_memory_bytes,efficiency,lower_is_better,25m,11213,moe_vs_dense,sparse_ffn_mechanism,dense_121m,moe_220m,3090290688.0,4655453184.0,1565162496.0,False
peak_memory_bytes,efficiency,lower_is_better,25m,12721,moe_vs_dense,sparse_ffn_mechanism,dense_121m,moe_220m,3090290688.0,4656500736.0,1566210048.0,False
peak_memory_bytes,efficiency,lower_is_better,25m,1337,mla_moe_vs_dense,composition_supporting,dense_121m,mla_moe_220m,3090290688.0,4995514368.0,1905223680.0,False
peak_memory_bytes,efficiency,lower_is_better,25m,2027,mla_moe_vs_dense,composition_supporting,dense_121m,mla_moe_220m,3090290688.0,4985453568.0,1895162880.0,False
peak_memory_bytes,efficiency,lower_is_better,25m,31415,mla_moe_vs_dense,composition_supporting,dense_121m,mla_moe_220m,3090290688.0,4985416704.0,1895126016.0,False
peak_memory_bytes,efficiency,lower_is_better,25m,4441,mla_moe_vs_dense,composition_supporting,dense_121m,mla_moe_220m,3090290688.0,4984298496.0,1894007808.0,False
peak_memory_bytes,efficiency,lower_is_better,25m,5501,mla_moe_vs_dense,composition_supporting,dense_121m,mla_moe_220m,3090290688.0,4984268800.0,1893978112.0,False
peak_memory_bytes,efficiency,lower_is_better,25m,6173,mla_moe_vs_dense,composition_supporting,dense_121m,mla_moe_220m,3090290688.0,4987759616.0,1897468928.0,False
peak_memory_bytes,efficiency,lower_is_better,25m,8191,mla_moe_vs_dense,composition_supporting,dense_121m,mla_moe_220m,3090290688.0,4992602112.0,1902311424.0,False
peak_memory_bytes,efficiency,lower_is_better,25m,10007,mla_moe_vs_dense,composition_supporting,dense_121m,mla_moe_220m,3090290688.0,4983399424.0,1893108736.0,False
peak_memory_bytes,efficiency,lower_is_better,25m,11213,mla_moe_vs_dense,composition_supporting,dense_121m,mla_moe_220m,3090290688.0,4985872384.0,1895581696.0,False
peak_memory_bytes,efficiency,lower_is_better,25m,12721,mla_moe_vs_dense,composition_supporting,dense_121m,mla_moe_220m,3090290688.0,4983198720.0,1892908032.0,False
peak_memory_bytes,efficiency,lower_is_better,25m,1337,mla_moe_vs_mla,composition_mechanism,mla_121m,mla_moe_220m,3553236992.0,4995514368.0,1442277376.0,False
peak_memory_bytes,efficiency,lower_is_better,25m,2027,mla_moe_vs_mla,composition_mechanism,mla_121m,mla_moe_220m,3553236992.0,4985453568.0,1432216576.0,False
peak_memory_bytes,efficiency,lower_is_better,25m,31415,mla_moe_vs_mla,composition_mechanism,mla_121m,mla_moe_220m,3553236992.0,4985416704.0,1432179712.0,False
peak_memory_bytes,efficiency,lower_is_better,25m,4441,mla_moe_vs_mla,composition_mechanism,mla_121m,mla_moe_220m,3553236992.0,4984298496.0,1431061504.0,False
peak_memory_bytes,efficiency,lower_is_better,25m,5501,mla_moe_vs_mla,composition_mechanism,mla_121m,mla_moe_220m,3553236992.0,4984268800.0,1431031808.0,False
peak_memory_bytes,efficiency,lower_is_better,25m,6173,mla_moe_vs_mla,composition_mechanism,mla_121m,mla_moe_220m,3553236992.0,4987759616.0,1434522624.0,False
peak_memory_bytes,efficiency,lower_is_better,25m,8191,mla_moe_vs_mla,composition_mechanism,mla_121m,mla_moe_220m,3553236992.0,4992602112.0,1439365120.0,False
peak_memory_bytes,efficiency,lower_is_better,25m,10007,mla_moe_vs_mla,composition_mechanism,mla_121m,mla_moe_220m,3553236992.0,4983399424.0,1430162432.0,False
peak_memory_bytes,efficiency,lower_is_better,25m,11213,mla_moe_vs_mla,composition_mechanism,mla_121m,mla_moe_220m,3553236992.0,4985872384.0,1432635392.0,False
peak_memory_bytes,efficiency,lower_is_better,25m,12721,mla_moe_vs_mla,composition_mechanism,mla_121m,mla_moe_220m,3553236992.0,4983198720.0,1429961728.0,False
peak_memory_bytes,efficiency,lower_is_better,25m,1337,mla_moe_vs_moe,composition_mechanism,moe_220m,mla_moe_220m,4654879744.0,4995514368.0,340634624.0,False
peak_memory_bytes,efficiency,lower_is_better,25m,2027,mla_moe_vs_moe,composition_mechanism,moe_220m,mla_moe_220m,4654347264.0,4985453568.0,331106304.0,False
peak_memory_bytes,efficiency,lower_is_better,25m,31415,mla_moe_vs_moe,composition_mechanism,moe_220m,mla_moe_220m,4655413248.0,4985416704.0,330003456.0,False
peak_memory_bytes,efficiency,lower_is_better,25m,4441,mla_moe_vs_moe,composition_mechanism,moe_220m,mla_moe_220m,4660452352.0,4984298496.0,323846144.0,False
peak_memory_bytes,efficiency,lower_is_better,25m,5501,mla_moe_vs_moe,composition_mechanism,moe_220m,mla_moe_220m,4659177472.0,4984268800.0,325091328.0,False
peak_memory_bytes,efficiency,lower_is_better,25m,6173,mla_moe_vs_moe,composition_mechanism,moe_220m,mla_moe_220m,4653139968.0,4987759616.0,334619648.0,False
peak_memory_bytes,efficiency,lower_is_better,25m,8191,mla_moe_vs_moe,composition_mechanism,moe_220m,mla_moe_220m,4651116544.0,4992602112.0,341485568.0,False
peak_memory_bytes,efficiency,lower_is_better,25m,10007,mla_moe_vs_moe,composition_mechanism,moe_220m,mla_moe_220m,4661227520.0,4983399424.0,322171904.0,False
peak_memory_bytes,efficiency,lower_is_better,25m,11213,mla_moe_vs_moe,composition_mechanism,moe_220m,mla_moe_220m,4655453184.0,4985872384.0,330419200.0,False
peak_memory_bytes,efficiency,lower_is_better,25m,12721,mla_moe_vs_moe,composition_mechanism,moe_220m,mla_moe_220m,4656500736.0,4983198720.0,326697984.0,False
peak_memory_bytes,efficiency,lower_is_better,25m,1337,v3_routing_vs_moe,routing_mechanism,moe_220m,v3_routing_220m,4654879744.0,4655881216.0,1001472.0,False
peak_memory_bytes,efficiency,lower_is_better,25m,2027,v3_routing_vs_moe,routing_mechanism,moe_220m,v3_routing_220m,4654347264.0,4652377088.0,-1970176.0,True
peak_memory_bytes,efficiency,lower_is_better,25m,31415,v3_routing_vs_moe,routing_mechanism,moe_220m,v3_routing_220m,4655413248.0,4654015488.0,-1397760.0,True
peak_memory_bytes,efficiency,lower_is_better,25m,4441,v3_routing_vs_moe,routing_mechanism,moe_220m,v3_routing_220m,4660452352.0,4660792320.0,339968.0,False
peak_memory_bytes,efficiency,lower_is_better,25m,5501,v3_routing_vs_moe,routing_mechanism,moe_220m,v3_routing_220m,4659177472.0,4659429376.0,251904.0,False
peak_memory_bytes,efficiency,lower_is_better,25m,6173,v3_routing_vs_moe,routing_mechanism,moe_220m,v3_routing_220m,4653139968.0,4652175360.0,-964608.0,True
peak_memory_bytes,efficiency,lower_is_better,25m,8191,v3_routing_vs_moe,routing_mechanism,moe_220m,v3_routing_220m,4651116544.0,4650484736.0,-631808.0,True
peak_memory_bytes,efficiency,lower_is_better,25m,10007,v3_routing_vs_moe,routing_mechanism,moe_220m,v3_routing_220m,4661227520.0,4654840832.0,-6386688.0,True
peak_memory_bytes,efficiency,lower_is_better,25m,11213,v3_routing_vs_moe,routing_mechanism,moe_220m,v3_routing_220m,4655453184.0,4660621312.0,5168128.0,False
peak_memory_bytes,efficiency,lower_is_better,25m,12721,v3_routing_vs_moe,routing_mechanism,moe_220m,v3_routing_220m,4656500736.0,4654388224.0,-2112512.0,True
peak_memory_bytes,efficiency,lower_is_better,25m,1337,mtp_vs_dense,objective_mechanism,dense_121m,mtp_121m,3090290688.0,3488620032.0,398329344.0,False
peak_memory_bytes,efficiency,lower_is_better,25m,2027,mtp_vs_dense,objective_mechanism,dense_121m,mtp_121m,3090290688.0,3488620032.0,398329344.0,False
peak_memory_bytes,efficiency,lower_is_better,25m,31415,mtp_vs_dense,objective_mechanism,dense_121m,mtp_121m,3090290688.0,3488620032.0,398329344.0,False
peak_memory_bytes,efficiency,lower_is_better,25m,4441,mtp_vs_dense,objective_mechanism,dense_121m,mtp_121m,3090290688.0,3488620032.0,398329344.0,False
peak_memory_bytes,efficiency,lower_is_better,25m,5501,mtp_vs_dense,objective_mechanism,dense_121m,mtp_121m,3090290688.0,3488620032.0,398329344.0,False
peak_memory_bytes,efficiency,lower_is_better,25m,6173,mtp_vs_dense,objective_mechanism,dense_121m,mtp_121m,3090290688.0,3488620032.0,398329344.0,False
peak_memory_bytes,efficiency,lower_is_better,25m,8191,mtp_vs_dense,objective_mechanism,dense_121m,mtp_121m,3090290688.0,3488620032.0,398329344.0,False
peak_memory_bytes,efficiency,lower_is_better,25m,10007,mtp_vs_dense,objective_mechanism,dense_121m,mtp_121m,3090290688.0,3488620032.0,398329344.0,False
peak_memory_bytes,efficiency,lower_is_better,25m,11213,mtp_vs_dense,objective_mechanism,dense_121m,mtp_121m,3090290688.0,3488620032.0,398329344.0,False
peak_memory_bytes,efficiency,lower_is_better,25m,12721,mtp_vs_dense,objective_mechanism,dense_121m,mtp_121m,3090290688.0,3488620032.0,398329344.0,False
peak_memory_bytes,efficiency,lower_is_better,50m,1337,mla_vs_dense,attention_mechanism,dense_121m,mla_121m,3090290688.0,3553236992.0,462946304.0,False
peak_memory_bytes,efficiency,lower_is_better,50m,2027,mla_vs_dense,attention_mechanism,dense_121m,mla_121m,3090290688.0,3553236992.0,462946304.0,False
peak_memory_bytes,efficiency,lower_is_better,50m,31415,mla_vs_dense,attention_mechanism,dense_121m,mla_121m,3090290688.0,3553236992.0,462946304.0,False
peak_memory_bytes,efficiency,lower_is_better,50m,4441,mla_vs_dense,attention_mechanism,dense_121m,mla_121m,3090290688.0,3553236992.0,462946304.0,False
peak_memory_bytes,efficiency,lower_is_better,50m,5501,mla_vs_dense,attention_mechanism,dense_121m,mla_121m,3090290688.0,3553236992.0,462946304.0,False
peak_memory_bytes,efficiency,lower_is_better,50m,6173,mla_vs_dense,attention_mechanism,dense_121m,mla_121m,3090290688.0,3553236992.0,462946304.0,False
peak_memory_bytes,efficiency,lower_is_better,50m,8191,mla_vs_dense,attention_mechanism,dense_121m,mla_121m,3090290688.0,3553236992.0,462946304.0,False
peak_memory_bytes,efficiency,lower_is_better,50m,10007,mla_vs_dense,attention_mechanism,dense_121m,mla_121m,3090290688.0,3553236992.0,462946304.0,False
peak_memory_bytes,efficiency,lower_is_better,50m,11213,mla_vs_dense,attention_mechanism,dense_121m,mla_121m,3090290688.0,3553236992.0,462946304.0,False
peak_memory_bytes,efficiency,lower_is_better,50m,12721,mla_vs_dense,attention_mechanism,dense_121m,mla_121m,3090290688.0,3553236992.0,462946304.0,False
peak_memory_bytes,efficiency,lower_is_better,50m,1337,moe_vs_dense,sparse_ffn_mechanism,dense_121m,moe_220m,3090290688.0,4654879744.0,1564589056.0,False
peak_memory_bytes,efficiency,lower_is_better,50m,2027,moe_vs_dense,sparse_ffn_mechanism,dense_121m,moe_220m,3090290688.0,4654347264.0,1564056576.0,False
peak_memory_bytes,efficiency,lower_is_better,50m,31415,moe_vs_dense,sparse_ffn_mechanism,dense_121m,moe_220m,3090290688.0,4655413248.0,1565122560.0,False
peak_memory_bytes,efficiency,lower_is_better,50m,4441,moe_vs_dense,sparse_ffn_mechanism,dense_121m,moe_220m,3090290688.0,4660452352.0,1570161664.0,False
peak_memory_bytes,efficiency,lower_is_better,50m,5501,moe_vs_dense,sparse_ffn_mechanism,dense_121m,moe_220m,3090290688.0,4659177472.0,1568886784.0,False
peak_memory_bytes,efficiency,lower_is_better,50m,6173,moe_vs_dense,sparse_ffn_mechanism,dense_121m,moe_220m,3090290688.0,4653139968.0,1562849280.0,False
peak_memory_bytes,efficiency,lower_is_better,50m,8191,moe_vs_dense,sparse_ffn_mechanism,dense_121m,moe_220m,3090290688.0,4651116544.0,1560825856.0,False
peak_memory_bytes,efficiency,lower_is_better,50m,10007,moe_vs_dense,sparse_ffn_mechanism,dense_121m,moe_220m,3090290688.0,4661227520.0,1570936832.0,False
peak_memory_bytes,efficiency,lower_is_better,50m,11213,moe_vs_dense,sparse_ffn_mechanism,dense_121m,moe_220m,3090290688.0,4655456256.0,1565165568.0,False
peak_memory_bytes,efficiency,lower_is_better,50m,12721,moe_vs_dense,sparse_ffn_mechanism,dense_121m,moe_220m,3090290688.0,4656500736.0,1566210048.0,False
peak_memory_bytes,efficiency,lower_is_better,50m,1337,mla_moe_vs_dense,composition_supporting,dense_121m,mla_moe_220m,3090290688.0,4995514368.0,1905223680.0,False
peak_memory_bytes,efficiency,lower_is_better,50m,2027,mla_moe_vs_dense,composition_supporting,dense_121m,mla_moe_220m,3090290688.0,4985453568.0,1895162880.0,False
peak_memory_bytes,efficiency,lower_is_better,50m,31415,mla_moe_vs_dense,composition_supporting,dense_121m,mla_moe_220m,3090290688.0,4985416704.0,1895126016.0,False
peak_memory_bytes,efficiency,lower_is_better,50m,4441,mla_moe_vs_dense,composition_supporting,dense_121m,mla_moe_220m,3090290688.0,4984298496.0,1894007808.0,False
peak_memory_bytes,efficiency,lower_is_better,50m,5501,mla_moe_vs_dense,composition_supporting,dense_121m,mla_moe_220m,3090290688.0,4984268800.0,1893978112.0,False
peak_memory_bytes,efficiency,lower_is_better,50m,6173,mla_moe_vs_dense,composition_supporting,dense_121m,mla_moe_220m,3090290688.0,4987759616.0,1897468928.0,False
peak_memory_bytes,efficiency,lower_is_better,50m,8191,mla_moe_vs_dense,composition_supporting,dense_121m,mla_moe_220m,3090290688.0,4992602112.0,1902311424.0,False
peak_memory_bytes,efficiency,lower_is_better,50m,10007,mla_moe_vs_dense,composition_supporting,dense_121m,mla_moe_220m,3090290688.0,4983399424.0,1893108736.0,False
peak_memory_bytes,efficiency,lower_is_better,50m,11213,mla_moe_vs_dense,composition_supporting,dense_121m,mla_moe_220m,3090290688.0,4985872384.0,1895581696.0,False
peak_memory_bytes,efficiency,lower_is_better,50m,12721,mla_moe_vs_dense,composition_supporting,dense_121m,mla_moe_220m,3090290688.0,4983198720.0,1892908032.0,False
peak_memory_bytes,efficiency,lower_is_better,50m,1337,mla_moe_vs_mla,composition_mechanism,mla_121m,mla_moe_220m,3553236992.0,4995514368.0,1442277376.0,False
peak_memory_bytes,efficiency,lower_is_better,50m,2027,mla_moe_vs_mla,composition_mechanism,mla_121m,mla_moe_220m,3553236992.0,4985453568.0,1432216576.0,False
peak_memory_bytes,efficiency,lower_is_better,50m,31415,mla_moe_vs_mla,composition_mechanism,mla_121m,mla_moe_220m,3553236992.0,4985416704.0,1432179712.0,False
peak_memory_bytes,efficiency,lower_is_better,50m,4441,mla_moe_vs_mla,composition_mechanism,mla_121m,mla_moe_220m,3553236992.0,4984298496.0,1431061504.0,False
peak_memory_bytes,efficiency,lower_is_better,50m,5501,mla_moe_vs_mla,composition_mechanism,mla_121m,mla_moe_220m,3553236992.0,4984268800.0,1431031808.0,False
peak_memory_bytes,efficiency,lower_is_better,50m,6173,mla_moe_vs_mla,composition_mechanism,mla_121m,mla_moe_220m,3553236992.0,4987759616.0,1434522624.0,False
peak_memory_bytes,efficiency,lower_is_better,50m,8191,mla_moe_vs_mla,composition_mechanism,mla_121m,mla_moe_220m,3553236992.0,4992602112.0,1439365120.0,False
peak_memory_bytes,efficiency,lower_is_better,50m,10007,mla_moe_vs_mla,composition_mechanism,mla_121m,mla_moe_220m,3553236992.0,4983399424.0,1430162432.0,False
peak_memory_bytes,efficiency,lower_is_better,50m,11213,mla_moe_vs_mla,composition_mechanism,mla_121m,mla_moe_220m,3553236992.0,4985872384.0,1432635392.0,False
peak_memory_bytes,efficiency,lower_is_better,50m,12721,mla_moe_vs_mla,composition_mechanism,mla_121m,mla_moe_220m,3553236992.0,4983198720.0,1429961728.0,False
peak_memory_bytes,efficiency,lower_is_better,50m,1337,mla_moe_vs_moe,composition_mechanism,moe_220m,mla_moe_220m,4654879744.0,4995514368.0,340634624.0,False
peak_memory_bytes,efficiency,lower_is_better,50m,2027,mla_moe_vs_moe,composition_mechanism,moe_220m,mla_moe_220m,4654347264.0,4985453568.0,331106304.0,False
peak_memory_bytes,efficiency,lower_is_better,50m,31415,mla_moe_vs_moe,composition_mechanism,moe_220m,mla_moe_220m,4655413248.0,4985416704.0,330003456.0,False
peak_memory_bytes,efficiency,lower_is_better,50m,4441,mla_moe_vs_moe,composition_mechanism,moe_220m,mla_moe_220m,4660452352.0,4984298496.0,323846144.0,False
peak_memory_bytes,efficiency,lower_is_better,50m,5501,mla_moe_vs_moe,composition_mechanism,moe_220m,mla_moe_220m,4659177472.0,4984268800.0,325091328.0,False
peak_memory_bytes,efficiency,lower_is_better,50m,6173,mla_moe_vs_moe,composition_mechanism,moe_220m,mla_moe_220m,4653139968.0,4987759616.0,334619648.0,False
peak_memory_bytes,efficiency,lower_is_better,50m,8191,mla_moe_vs_moe,composition_mechanism,moe_220m,mla_moe_220m,4651116544.0,4992602112.0,341485568.0,False
peak_memory_bytes,efficiency,lower_is_better,50m,10007,mla_moe_vs_moe,composition_mechanism,moe_220m,mla_moe_220m,4661227520.0,4983399424.0,322171904.0,False
peak_memory_bytes,efficiency,lower_is_better,50m,11213,mla_moe_vs_moe,composition_mechanism,moe_220m,mla_moe_220m,4655456256.0,4985872384.0,330416128.0,False
peak_memory_bytes,efficiency,lower_is_better,50m,12721,mla_moe_vs_moe,composition_mechanism,moe_220m,mla_moe_220m,4656500736.0,4983198720.0,326697984.0,False
peak_memory_bytes,efficiency,lower_is_better,50m,1337,v3_routing_vs_moe,routing_mechanism,moe_220m,v3_routing_220m,4654879744.0,4655881216.0,1001472.0,False
peak_memory_bytes,efficiency,lower_is_better,50m,2027,v3_routing_vs_moe,routing_mechanism,moe_220m,v3_routing_220m,4654347264.0,4652640256.0,-1707008.0,True
peak_memory_bytes,efficiency,lower_is_better,50m,31415,v3_routing_vs_moe,routing_mechanism,moe_220m,v3_routing_220m,4655413248.0,4654713856.0,-699392.0,True
peak_memory_bytes,efficiency,lower_is_better,50m,4441,v3_routing_vs_moe,routing_mechanism,moe_220m,v3_routing_220m,4660452352.0,4660792320.0,339968.0,False
peak_memory_bytes,efficiency,lower_is_better,50m,5501,v3_routing_vs_moe,routing_mechanism,moe_220m,v3_routing_220m,4659177472.0,4659564544.0,387072.0,False
peak_memory_bytes,efficiency,lower_is_better,50m,6173,v3_routing_vs_moe,routing_mechanism,moe_220m,v3_routing_220m,4653139968.0,4652175360.0,-964608.0,True
peak_memory_bytes,efficiency,lower_is_better,50m,8191,v3_routing_vs_moe,routing_mechanism,moe_220m,v3_routing_220m,4651116544.0,4651111424.0,-5120.0,True
peak_memory_bytes,efficiency,lower_is_better,50m,10007,v3_routing_vs_moe,routing_mechanism,moe_220m,v3_routing_220m,4661227520.0,4654840832.0,-6386688.0,True
peak_memory_bytes,efficiency,lower_is_better,50m,11213,v3_routing_vs_moe,routing_mechanism,moe_220m,v3_routing_220m,4655456256.0,4660621312.0,5165056.0,False
peak_memory_bytes,efficiency,lower_is_better,50m,12721,v3_routing_vs_moe,routing_mechanism,moe_220m,v3_routing_220m,4656500736.0,4654395392.0,-2105344.0,True
peak_memory_bytes,efficiency,lower_is_better,50m,1337,mtp_vs_dense,objective_mechanism,dense_121m,mtp_121m,3090290688.0,3488620032.0,398329344.0,False
peak_memory_bytes,efficiency,lower_is_better,50m,2027,mtp_vs_dense,objective_mechanism,dense_121m,mtp_121m,3090290688.0,3488620032.0,398329344.0,False
peak_memory_bytes,efficiency,lower_is_better,50m,31415,mtp_vs_dense,objective_mechanism,dense_121m,mtp_121m,3090290688.0,3488620032.0,398329344.0,False
peak_memory_bytes,efficiency,lower_is_better,50m,4441,mtp_vs_dense,objective_mechanism,dense_121m,mtp_121m,3090290688.0,3488620032.0,398329344.0,False
peak_memory_bytes,efficiency,lower_is_better,50m,5501,mtp_vs_dense,objective_mechanism,dense_121m,mtp_121m,3090290688.0,3488620032.0,398329344.0,False
peak_memory_bytes,efficiency,lower_is_better,50m,6173,mtp_vs_dense,objective_mechanism,dense_121m,mtp_121m,3090290688.0,3488620032.0,398329344.0,False
peak_memory_bytes,efficiency,lower_is_better,50m,8191,mtp_vs_dense,objective_mechanism,dense_121m,mtp_121m,3090290688.0,3488620032.0,398329344.0,False
peak_memory_bytes,efficiency,lower_is_better,50m,10007,mtp_vs_dense,objective_mechanism,dense_121m,mtp_121m,3090290688.0,3488620032.0,398329344.0,False
peak_memory_bytes,efficiency,lower_is_better,50m,11213,mtp_vs_dense,objective_mechanism,dense_121m,mtp_121m,3090290688.0,3488620032.0,398329344.0,False
peak_memory_bytes,efficiency,lower_is_better,50m,12721,mtp_vs_dense,objective_mechanism,dense_121m,mtp_121m,3090290688.0,3488620032.0,398329344.0,False
